regime,sigma_s,xi,snr_db,K,A0,z,admissible,max_abs_ak,eta_f64,first_omitted,Pe_series
weak,0.05,0.992,20,5,5.327031e-01,3.3450,0,2.141703e+00,4.755535e-16,2.706100e-02,9.834684e-02
weak,0.05,0.992,20,10,5.327031e-01,3.3450,0,2.141703e+00,4.755535e-16,2.378464e-07,1.269125e-01
weak,0.05,0.992,20,20,5.327031e-01,3.3450,1,2.141703e+00,4.755535e-16,1.341837e-21,1.269127e-01
weak,0.05,0.992,22,5,5.327031e-01,2.6571,0,6.772659e-01,1.503832e-16,3.406778e-03,1.017427e-01
weak,0.05,0.992,22,10,5.327031e-01,2.6571,0,6.772659e-01,1.503832e-16,9.468837e-09,1.053085e-01
weak,0.05,0.992,22,20,5.327031e-01,2.6571,1,6.772659e-01,1.503832e-16,5.341951e-24,1.053085e-01
weak,0.05,0.992,24,5,5.327031e-01,2.1106,0,2.141703e-01,4.755535e-17,4.288879e-04,8.617195e-02
weak,0.05,0.992,24,10,5.327031e-01,2.1106,0,2.141703e-01,4.755535e-17,3.769612e-10,8.661760e-02
weak,0.05,0.992,24,20,5.327031e-01,2.1106,1,2.141703e-01,4.755535e-17,2.126669e-26,8.661760e-02
weak,0.05,0.992,26,5,5.327031e-01,1.6765,0,8.047963e-02,1.787007e-17,5.399379e-05,7.066970e-02
weak,0.05,0.992,26,10,5.327031e-01,1.6765,1,8.047963e-02,1.787007e-17,1.500710e-11,7.072545e-02
weak,0.05,0.992,26,20,5.327031e-01,1.6765,1,8.047963e-02,1.787007e-17,8.466422e-29,7.072545e-02
weak,0.05,0.992,28,5,5.327031e-01,1.3317,0,3.059750e-02,6.794010e-18,6.797415e-06,5.740100e-02
weak,0.05,0.992,28,10,5.327031e-01,1.3317,1,3.059750e-02,6.794010e-18,5.974432e-13,5.740798e-02
weak,0.05,0.992,28,20,5.327031e-01,1.3317,1,3.059750e-02,6.794010e-18,3.370543e-31,5.740798e-02
weak,0.05,0.992,30,5,5.327031e-01,1.0578,0,1.163285e-02,2.583011e-18,8.557438e-07,4.637925e-02
weak,0.05,0.992,30,10,5.327031e-01,1.0578,1,1.163285e-02,2.583011e-18,2.378464e-14,4.638013e-02
weak,0.05,0.992,30,20,5.327031e-01,1.0578,1,1.163285e-02,2.583011e-18,1.341837e-33,4.638013e-02
weak,0.05,0.992,32,5,5.327031e-01,0.8402,0,4.511903e-03,1.001844e-18,1.077318e-07,3.733486e-02
weak,0.05,0.992,32,10,5.327031e-01,0.8402,1,4.511903e-03,1.001844e-18,9.468837e-16,3.733497e-02
weak,0.05,0.992,32,20,5.327031e-01,0.8402,1,4.511903e-03,1.001844e-18,5.341951e-36,3.733497e-02
weak,0.05,0.992,34,5,5.327031e-01,0.6674,0,1.796221e-03,3.988412e-19,1.356263e-08,2.997138e-02
weak,0.05,0.992,34,10,5.327031e-01,0.6674,1,1.796221e-03,3.988412e-19,3.769612e-17,2.997139e-02
weak,0.05,0.992,34,20,5.327031e-01,0.6674,1,1.796221e-03,3.988412e-19,2.126669e-38,2.997139e-02
weak,0.05,0.992,36,5,5.327031e-01,0.5302,0,7.150885e-04,1.587815e-19,1.707433e-09,2.401117e-02
weak,0.05,0.992,36,10,5.327031e-01,0.5302,1,7.150885e-04,1.587815e-19,1.500710e-18,2.401117e-02
weak,0.05,0.992,36,20,5.327031e-01,0.5302,1,7.150885e-04,1.587815e-19,8.466422e-41,2.401117e-02
weak,0.05,0.992,38,5,5.327031e-01,0.4211,1,2.846818e-04,6.321207e-20,2.149531e-10,1.920773e-02
weak,0.05,0.992,38,10,5.327031e-01,0.4211,1,2.846818e-04,6.321207e-20,5.974432e-20,1.920773e-02
weak,0.05,0.992,38,20,5.327031e-01,0.4211,1,2.846818e-04,6.321207e-20,3.370543e-43,1.920773e-02
weak,0.05,0.992,40,5,5.327031e-01,0.3345,1,1.133339e-04,2.516518e-20,2.706100e-11,1.534895e-02
weak,0.05,0.992,40,10,5.327031e-01,0.3345,1,1.133339e-04,2.516518e-20,2.378464e-21,1.534895e-02
weak,0.05,0.992,40,20,5.327031e-01,0.3345,1,1.133339e-04,2.516518e-20,1.341837e-45,1.534895e-02
weak,0.05,0.992,42,5,5.327031e-01,0.2657,1,5.096094e-05,1.131560e-20,3.406778e-12,1.225624e-02
weak,0.05,0.992,42,10,5.327031e-01,0.2657,1,5.096094e-05,1.131560e-20,9.468837e-23,1.225624e-02
weak,0.05,0.992,42,20,5.327031e-01,0.2657,1,5.096094e-05,1.131560e-20,5.341951e-48,1.225624e-02
weak,0.05,0.992,44,5,5.327031e-01,0.2111,1,2.554097e-05,5.671235e-21,4.288879e-13,9.781630e-03
weak,0.05,0.992,44,10,5.327031e-01,0.2111,1,2.554097e-05,5.671235e-21,3.769612e-24,9.781630e-03
weak,0.05,0.992,44,20,5.327031e-01,0.2111,1,2.554097e-05,5.671235e-21,2.126669e-50,9.781630e-03
weak,0.05,0.992,46,5,5.327031e-01,0.1676,1,1.280081e-05,2.842350e-21,5.399379e-14,7.803896e-03
weak,0.05,0.992,46,10,5.327031e-01,0.1676,1,1.280081e-05,2.842350e-21,1.500710e-25,7.803896e-03
weak,0.05,0.992,46,20,5.327031e-01,0.1676,1,1.280081e-05,2.842350e-21,8.466422e-53,7.803896e-03
weak,0.05,0.992,48,5,5.327031e-01,0.1332,1,6.415602e-06,1.424550e-21,6.797415e-15,6.224545e-03
weak,0.05,0.992,48,10,5.327031e-01,0.1332,1,6.415602e-06,1.424550e-21,5.974432e-27,6.224545e-03
weak,0.05,0.992,48,20,5.327031e-01,0.1332,1,6.415602e-06,1.424550e-21,3.370543e-55,6.224545e-03
weak,0.05,0.992,50,5,5.327031e-01,0.1058,1,3.215418e-06,7.139661e-22,8.557438e-16,4.964026e-03
weak,0.05,0.992,50,10,5.327031e-01,0.1058,1,3.215418e-06,7.139661e-22,2.378464e-28,4.964026e-03
weak,0.05,0.992,50,20,5.327031e-01,0.1058,1,3.215418e-06,7.139661e-22,1.341837e-57,4.964026e-03
weak,0.05,1.266,20,5,3.156681e-01,5.6449,0,6.311142e+01,1.401355e-14,5.301059e+00,-5.593359e+00
weak,0.05,1.266,20,10,3.156681e-01,5.6449,0,6.311142e+01,1.401355e-14,6.178086e-04,1.367630e-01
weak,0.05,1.266,20,20,3.156681e-01,5.6449,1,6.311142e+01,1.401355e-14,6.389781e-16,1.374068e-01
weak,0.05,1.266,22,5,3.156681e-01,4.4839,0,1.847333e+01,4.101903e-15,6.673638e-01,-6.029333e-01
weak,0.05,1.266,22,10,3.156681e-01,4.4839,0,1.847333e+01,4.101903e-15,2.459540e-05,1.101997e-01
weak,0.05,1.266,22,20,3.156681e-01,4.4839,1,1.847333e+01,4.101903e-15,2.543818e-18,1.102252e-01
weak,0.05,1.266,24,5,3.156681e-01,3.5617,0,5.643335e+00,1.253072e-15,8.401612e-02,-2.178404e-03
weak,0.05,1.266,24,10,3.156681e-01,3.5617,0,5.643335e+00,1.253072e-15,9.791606e-07,8.669891e-02
weak,0.05,1.266,24,20,3.156681e-01,3.5617,1,5.643335e+00,1.253072e-15,1.012712e-20,8.669992e-02
weak,0.05,1.266,26,5,3.156681e-01,2.8291,0,1.784579e+00,3.962562e-16,1.057700e-02,5.586436e-02
weak,0.05,1.266,26,10,3.156681e-01,2.8291,0,1.784579e+00,3.962562e-16,3.898109e-08,6.695571e-02
weak,0.05,1.266,26,20,3.156681e-01,2.8291,1,1.784579e+00,3.962562e-16,4.031679e-23,6.695575e-02
weak,0.05,1.266,28,5,3.156681e-01,2.2473,0,5.643335e-01,1.253072e-16,1.331566e-03,4.945972e-02
weak,0.05,1.266,28,10,3.156681e-01,2.2473,0,5.643335e-01,1.253072e-16,1.551865e-09,5.084552e-02
weak,0.05,1.266,28,20,3.156681e-01,2.2473,1,5.643335e-01,1.253072e-16,1.605040e-25,5.084552e-02
weak,0.05,1.266,30,5,3.156681e-01,1.7851,0,2.112485e-01,4.690658e-17,1.676342e-04,3.785760e-02
weak,0.05,1.266,30,10,3.156681e-01,1.7851,1,2.112485e-01,4.690658e-17,6.178086e-11,3.803093e-02
weak,0.05,1.266,30,20,3.156681e-01,1.7851,1,2.112485e-01,4.690658e-17,6.389781e-28,3.803093e-02
weak,0.05,1.266,32,5,3.156681e-01,1.4179,0,8.031443e-02,1.783339e-17,2.110390e-05,2.804486e-02
weak,0.05,1.266,32,10,3.156681e-01,1.4179,1,8.031443e-02,1.783339e-17,2.459540e-12,2.806657e-02
weak,0.05,1.266,32,20,3.156681e-01,1.4179,1,8.031443e-02,1.783339e-17,2.543818e-30,2.806657e-02
weak,0.05,1.266,34,5,3.156681e-01,1.1263,0,3.053470e-02,6.780064e-18,2.656823e-06,2.046895e-02
weak,0.05,1.266,34,10,3.156681e-01,1.1263,1,3.053470e-02,6.780064e-18,9.791606e-14,2.047167e-02
weak,0.05,1.266,34,20,3.156681e-01,1.1263,1,3.053470e-02,6.780064e-18,1.012712e-32,2.047167e-02
weak,0.05,1.266,36,5,3.156681e-01,0.8947,0,1.188315e-02,2.638590e-18,3.344742e-07,1.478202e-02
weak,0.05,1.266,36,10,3.156681e-01,0.8947,1,1.188315e-02,2.638590e-18,3.898109e-15,1.478236e-02
weak,0.05,1.266,36,20,3.156681e-01,0.8947,1,1.188315e-02,2.638590e-18,4.031679e-35,1.478236e-02
weak,0.05,1.266,38,5,3.156681e-01,0.7106,0,4.730769e-03,1.050442e-18,4.210781e-08,1.058346e-02
weak,0.05,1.266,38,10,3.156681e-01,0.7106,1,4.730769e-03,1.050442e-18,1.551865e-16,1.058350e-02
weak,0.05,1.266,38,20,3.156681e-01,0.7106,1,4.730769e-03,1.050442e-18,1.605040e-37,1.058350e-02
weak,0.05,1.266,40,5,3.156681e-01,0.5645,0,1.883353e-03,4.181884e-19,5.301059e-09,7.523474e-03
weak,0.05,1.266,40,10,3.156681e-01,0.5645,1,1.883353e-03,4.181884e-19,6.178086e-18,7.523479e-03
weak,0.05,1.266,40,20,3.156681e-01,0.5645,1,1.883353e-03,4.181884e-19,6.389781e-40,7.523479e-03
weak,0.05,1.266,42,5,3.156681e-01,0.4484,1,7.497763e-04,1.664838e-19,6.673638e-10,5.316859e-03
weak,0.05,1.266,42,10,3.156681e-01,0.4484,1,7.497763e-04,1.664838e-19,2.459540e-19,5.316860e-03
weak,0.05,1.266,42,20,3.156681e-01,0.4484,1,7.497763e-04,1.664838e-19,2.543818e-42,5.316860e-03
weak,0.05,1.266,44,5,3.156681e-01,0.3562,1,2.984913e-04,6.627839e-20,8.401612e-11,3.739495e-03
weak,0.05,1.266,44,10,3.156681e-01,0.3562,1,2.984913e-04,6.627839e-20,9.791606e-21,3.739495e-03
weak,0.05,1.266,44,20,3.156681e-01,0.3562,1,2.984913e-04,6.627839e-20,1.012712e-44,3.739495e-03
weak,0.05,1.266,46,5,3.156681e-01,0.2829,1,1.445604e-04,3.209886e-20,1.057700e-11,2.619981e-03
weak,0.05,1.266,46,10,3.156681e-01,0.2829,1,1.445604e-04,3.209886e-20,3.898109e-22,2.619981e-03
weak,0.05,1.266,46,20,3.156681e-01,0.2829,1,1.445604e-04,3.209886e-20,4.031679e-47,2.619981e-03
weak,0.05,1.266,48,5,3.156681e-01,0.2247,1,7.245184e-05,1.608754e-20,1.331566e-12,1.830007e-03
weak,0.05,1.266,48,10,3.156681e-01,0.2247,1,7.245184e-05,1.608754e-20,1.551865e-23,1.830007e-03
weak,0.05,1.266,48,20,3.156681e-01,0.2247,1,7.245184e-05,1.608754e-20,1.605040e-49,1.830007e-03
weak,0.05,1.266,50,5,3.156681e-01,0.1785,1,3.631194e-05,8.062870e-21,1.676342e-13,1.275146e-03
weak,0.05,1.266,50,10,3.156681e-01,0.1785,1,3.631194e-05,8.062870e-21,6.178086e-25,1.275146e-03
weak,0.05,1.266,50,20,3.156681e-01,0.1785,1,3.631194e-05,8.062870e-21,6.389781e-52,1.275146e-03
weak,0.05,1.548,20,5,2.096053e-01,8.5013,0,1.370406e+03,3.042912e-13,3.538147e+02,-3.914598e+02
weak,0.05,1.548,20,10,2.096053e-01,8.5013,0,1.370406e+03,3.042912e-13,3.046879e-01,-1.583411e-01
weak,0.05,1.548,20,20,2.096053e-01,8.5013,0,1.370406e+03,3.042912e-13,1.835309e-11,1.637618e-01
weak,0.05,1.548,22,5,2.096053e-01,6.7528,0,3.374314e+02,7.492482e-14,4.454263e+01,-4.846776e+01
weak,0.05,1.548,22,10,2.096053e-01,6.7528,0,3.374314e+02,7.492482e-14,1.212984e-02,1.188948e-01
weak,0.05,1.548,22,20,2.096053e-01,6.7528,1,3.374314e+02,7.492482e-14,7.306498e-14,1.316076e-01
weak,0.05,1.548,24,5,2.096053e-01,5.3639,0,8.998424e+01,1.998052e-14,5.607585e+00,-5.938127e+00
weak,0.05,1.548,24,10,2.096053e-01,5.3639,0,8.998424e+01,1.998052e-14,4.828978e-04,1.024983e-01
weak,0.05,1.548,24,20,2.096053e-01,5.3639,1,8.998424e+01,1.998052e-14,2.908769e-16,1.030006e-01
weak,0.05,1.548,26,5,2.096053e-01,4.2607,0,2.717481e+01,6.034019e-15,7.059531e-01,-6.735791e-01
weak,0.05,1.548,26,10,2.096053e-01,4.2607,0,2.717481e+01,6.034019e-15,1.922451e-05,7.850883e-02
weak,0.05,1.548,26,20,2.096053e-01,4.2607,1,2.717481e+01,6.034019e-15,1.158002e-18,7.852870e-02
weak,0.05,1.548,28,5,2.096053e-01,3.3844,0,8.528819e+00,1.893778e-15,8.887423e-02,-3.540309e-02
weak,0.05,1.548,28,10,2.096053e-01,3.3844,0,8.528819e+00,1.893778e-15,7.653415e-07,5.836582e-02
weak,0.05,1.548,28,20,2.096053e-01,3.3844,1,8.528819e+00,1.893778e-15,4.610089e-21,5.836661e-02
weak,0.05,1.548,30,5,2.096053e-01,2.6883,0,2.697049e+00,5.988653e-16,1.118860e-02,3.062991e-02
weak,0.05,1.548,30,10,2.096053e-01,2.6883,0,2.697049e+00,5.988653e-16,3.046879e-08,4.233590e-02
weak,0.05,1.548,30,20,2.096053e-01,2.6883,1,2.697049e+00,5.988653e-16,1.835309e-23,4.233593e-02
weak,0.05,1.548,32,5,2.096053e-01,2.1354,0,9.653769e-01,2.143567e-16,1.408562e-03,2.854443e-02
weak,0.05,1.548,32,10,2.096053e-01,2.1354,0,9.653769e-01,2.143567e-16,1.212984e-09,3.000750e-02
weak,0.05,1.548,32,20,2.096053e-01,2.1354,1,9.653769e-01,2.143567e-16,7.306498e-26,3.000750e-02
weak,0.05,1.548,34,5,2.096053e-01,1.6962,0,3.670261e-01,8.149616e-17,1.773274e-04,2.063147e-02
weak,0.05,1.548,34,10,2.096053e-01,1.6962,1,3.670261e-01,8.149616e-17,4.828978e-11,2.081452e-02
weak,0.05,1.548,34,20,2.096053e-01,1.6962,1,3.670261e-01,8.149616e-17,2.908769e-28,2.081452e-02
weak,0.05,1.548,36,5,2.096053e-01,1.3474,0,1.395394e-01,3.098397e-17,2.232420e-05,1.412855e-02
weak,0.05,1.548,36,10,2.096053e-01,1.3474,1,1.395394e-01,3.098397e-17,1.922451e-12,1.415148e-02
weak,0.05,1.548,36,20,2.096053e-01,1.3474,1,1.395394e-01,3.098397e-17,1.158002e-30,1.415148e-02
weak,0.05,1.548,38,5,2.096053e-01,1.0702,0,5.438888e-02,1.207676e-17,2.810450e-06,9.442870e-03
weak,0.05,1.548,38,10,2.096053e-01,1.0702,1,5.438888e-02,1.207676e-17,7.653415e-14,9.445743e-03
weak,0.05,1.548,38,20,2.096053e-01,1.0702,1,5.438888e-02,1.207676e-17,4.610089e-33,9.445743e-03
weak,0.05,1.548,40,5,2.096053e-01,0.8501,0,2.165260e-02,4.807844e-18,3.538147e-07,6.199303e-03
weak,0.05,1.548,40,10,2.096053e-01,0.8501,1,2.165260e-02,4.807844e-18,3.046879e-15,6.199663e-03
weak,0.05,1.548,40,20,2.096053e-01,0.8501,1,2.165260e-02,4.807844e-18,1.835309e-35,6.199663e-03
weak,0.05,1.548,42,5,2.096053e-01,0.6753,0,8.620057e-03,1.914037e-18,4.454263e-08,4.007505e-03
weak,0.05,1.548,42,10,2.096053e-01,0.6753,1,8.620057e-03,1.914037e-18,1.212984e-16,4.007550e-03
weak,0.05,1.548,42,20,2.096053e-01,0.6753,1,8.620057e-03,1.914037e-18,7.306498e-38,4.007550e-03
weak,0.05,1.548,44,5,2.096053e-01,0.5364,0,3.431706e-03,7.619919e-19,5.607585e-09,2.555174e-03
weak,0.05,1.548,44,10,2.096053e-01,0.5364,1,3.431706e-03,7.619919e-19,4.828978e-18,2.555179e-03
weak,0.05,1.548,44,20,2.096053e-01,0.5364,1,3.431706e-03,7.619919e-19,2.908769e-40,2.555179e-03
weak,0.05,1.548,46,5,2.096053e-01,0.4261,1,1.708690e-03,3.794053e-19,7.059531e-10,1.609206e-03
weak,0.05,1.548,46,10,2.096053e-01,0.4261,1,1.708690e-03,3.794053e-19,1.922451e-19,1.609207e-03
weak,0.05,1.548,46,20,2.096053e-01,0.4261,1,1.708690e-03,3.794053e-19,1.158002e-42,1.609207e-03
weak,0.05,1.548,48,5,2.096053e-01,0.3384,1,8.563734e-04,1.901531e-19,8.887423e-11,1.002364e-03
weak,0.05,1.548,48,10,2.096053e-01,0.3384,1,8.563734e-04,1.901531e-19,7.653415e-21,1.002364e-03
weak,0.05,1.548,48,20,2.096053e-01,0.3384,1,8.563734e-04,1.901531e-19,4.610089e-45,1.002364e-03
weak,0.05,1.548,50,5,2.096053e-01,0.2688,1,4.292034e-04,9.530231e-20,1.118860e-11,6.182912e-04
weak,0.05,1.548,50,10,2.096053e-01,0.2688,1,4.292034e-04,9.530231e-20,3.046879e-22,6.182912e-04
weak,0.05,1.548,50,20,2.096053e-01,0.2688,1,4.292034e-04,9.530231e-20,1.835309e-47,6.182912e-04
weak,0.05,1.967,20,5,1.294337e-01,13.7670,0,8.653793e+04,1.921528e-11,5.631594e+04,-6.440222e+04
weak,0.05,1.967,20,10,1.294337e-01,13.7670,0,8.653793e+04,1.921528e-11,4.806640e+02,-5.191536e+02
weak,0.05,1.967,20,20,1.294337e-01,13.7670,0,8.653793e+04,1.921528e-11,3.364834e-06,2.141463e-01
weak,0.05,1.967,22,5,1.294337e-01,10.9355,0,1.720275e+04,3.819777e-12,7.089757e+03,-7.964258e+03
weak,0.05,1.967,22,10,1.294337e-01,10.9355,0,1.720275e+04,3.819777e-12,1.913558e+01,-2.026345e+01
weak,0.05,1.967,22,20,1.294337e-01,10.9355,0,1.720275e+04,3.819777e-12,1.339565e-08,1.774458e-01
weak,0.05,1.967,24,5,1.294337e-01,8.6864,0,4.668134e+03,1.036534e-12,8.925475e+02,-9.866189e+02
weak,0.05,1.967,24,10,1.294337e-01,8.6864,0,4.668134e+03,1.036534e-12,7.618011e-01,-6.628763e-01
weak,0.05,1.967,24,20,1.294337e-01,8.6864,0,4.668134e+03,1.036534e-12,5.332902e-11,1.427836e-01
weak,0.05,1.967,26,5,1.294337e-01,6.8998,0,1.858418e+03,4.126516e-13,1.123651e+02,-1.223603e+02
weak,0.05,1.967,26,10,1.294337e-01,6.8998,0,1.858418e+03,4.126516e-13,3.032785e-02,7.967170e-02
weak,0.05,1.967,26,20,1.294337e-01,6.8998,1,1.858418e+03,4.126516e-13,2.123067e-13,1.114680e-01
weak,0.05,1.967,28,5,1.294337e-01,5.4807,0,7.398494e+02,1.642796e-13,1.414592e+01,-1.514141e+01
weak,0.05,1.967,28,10,1.294337e-01,5.4807,0,7.398494e+02,1.642796e-13,1.207373e-03,8.313990e-02
weak,0.05,1.967,28,20,1.294337e-01,5.4807,1,7.398494e+02,1.642796e-13,8.452081e-16,8.439627e-02
weak,0.05,1.967,30,5,1.294337e-01,4.3535,0,2.945393e+02,6.540087e-14,1.780866e+00,-1.833825e+00
weak,0.05,1.967,30,10,1.294337e-01,4.3535,0,2.945393e+02,6.540087e-14,4.806640e-05,6.193259e-02
weak,0.05,1.967,30,20,1.294337e-01,4.3535,1,2.945393e+02,6.540087e-14,3.364834e-18,6.198229e-02
weak,0.05,1.967,32,5,1.294337e-01,3.4581,0,1.172582e+02,2.603656e-14,2.241978e-01,-1.922050e-01
weak,0.05,1.967,32,10,1.294337e-01,3.4581,0,1.172582e+02,2.603656e-14,1.913558e-06,4.418011e-02
weak,0.05,1.967,32,20,1.294337e-01,3.4581,1,1.172582e+02,2.603656e-14,1.339565e-20,4.418208e-02
weak,0.05,1.967,34,5,1.294337e-01,2.7469,0,4.668134e+01,1.036534e-14,2.822483e-02,1.084018e-03
weak,0.05,1.967,34,10,1.294337e-01,2.7469,0,4.668134e+01,1.036534e-14,7.618011e-08,3.059686e-02
weak,0.05,1.967,34,20,1.294337e-01,2.7469,1,4.668134e+01,1.036534e-14,5.332902e-23,3.059694e-02
weak,0.05,1.967,36,5,1.294337e-01,2.1819,0,1.858418e+01,4.126516e-15,3.553296e-03,1.692210e-02
weak,0.05,1.967,36,10,1.294337e-01,2.1819,0,1.858418e+01,4.126516e-15,3.032785e-09,2.061106e-02
weak,0.05,1.967,36,20,1.294337e-01,2.1819,1,1.858418e+01,4.126516e-15,2.123067e-25,2.061106e-02
weak,0.05,1.967,38,5,1.294337e-01,1.7332,0,7.398494e+00,1.642796e-15,4.473334e-04,1.306332e-02
weak,0.05,1.967,38,10,1.294337e-01,1.7332,1,7.398494e+00,1.642796e-15,1.207373e-10,1.352490e-02
weak,0.05,1.967,38,20,1.294337e-01,1.7332,1,7.398494e+00,1.642796e-15,8.452081e-28,1.352490e-02
weak,0.05,1.967,40,5,1.294337e-01,1.3767,0,2.945393e+00,6.540087e-16,5.631594e-05,8.600895e-03
weak,0.05,1.967,40,10,1.294337e-01,1.3767,1,2.945393e+00,6.540087e-16,4.806640e-12,8.658701e-03
weak,0.05,1.967,40,20,1.294337e-01,1.3767,1,2.945393e+00,6.540087e-16,3.364834e-30,8.658701e-03
weak,0.05,1.967,42,5,1.294337e-01,1.0935,0,1.172582e+00,2.603656e-16,7.089757e-06,5.409756e-03
weak,0.05,1.967,42,10,1.294337e-01,1.0935,1,1.172582e+00,2.603656e-16,1.913558e-13,5.417002e-03
weak,0.05,1.967,42,20,1.294337e-01,1.0935,1,1.172582e+00,2.603656e-16,1.339565e-32,5.417002e-03
weak,0.05,1.967,44,5,1.294337e-01,0.8686,0,4.668134e-01,1.036534e-16,8.925475e-07,3.316224e-03
weak,0.05,1.967,44,10,1.294337e-01,0.8686,1,4.668134e-01,1.036534e-16,7.618011e-15,3.317133e-03
weak,0.05,1.967,44,20,1.294337e-01,0.8686,1,4.668134e-01,1.036534e-16,5.332902e-35,3.317133e-03
weak,0.05,1.967,46,5,1.294337e-01,0.6900,0,1.858418e-01,4.126516e-17,1.123651e-07,1.991327e-03
weak,0.05,1.967,46,10,1.294337e-01,0.6900,1,1.858418e-01,4.126516e-17,3.032785e-16,1.991441e-03
weak,0.05,1.967,46,20,1.294337e-01,0.6900,1,1.858418e-01,4.126516e-17,2.123067e-37,1.991441e-03
weak,0.05,1.967,48,5,1.294337e-01,0.5481,0,7.398494e-02,1.642796e-17,1.414592e-08,1.173957e-03
weak,0.05,1.967,48,10,1.294337e-01,0.5481,1,7.398494e-02,1.642796e-17,1.207373e-17,1.173971e-03
weak,0.05,1.967,48,20,1.294337e-01,0.5481,1,7.398494e-02,1.642796e-17,8.452081e-40,1.173971e-03
weak,0.05,1.967,50,5,1.294337e-01,0.4353,1,2.945393e-02,6.540087e-18,1.780866e-09,6.805962e-04
weak,0.05,1.967,50,10,1.294337e-01,0.4353,1,2.945393e-02,6.540087e-18,4.806640e-19,6.805980e-04
weak,0.05,1.967,50,20,1.294337e-01,0.4353,1,2.945393e-02,6.540087e-18,3.364834e-42,6.805980e-04
weak,0.05,2.511,20,5,7.934519e-02,22.4577,0,5.384973e+07,1.195704e-08,1.429257e+07,-1.683330e+07
weak,0.05,2.511,20,10,7.934519e-02,22.4577,0,5.384973e+07,1.195704e-08,9.744174e+05,-1.082436e+06
weak,0.05,2.511,20,20,7.934519e-02,22.4577,0,5.384973e+07,1.195704e-08,7.865058e-01,-5.543272e-01
weak,0.05,2.511,22,5,7.934519e-02,17.8388,0,1.291765e+07,2.868294e-09,1.799328e+06,-2.076026e+06
weak,0.05,2.511,22,10,7.934519e-02,17.8388,0,1.291765e+07,2.868294e-09,3.879226e+04,-4.246392e+04
weak,0.05,2.511,22,20,7.934519e-02,17.8388,0,1.291765e+07,2.868294e-09,3.131136e-03,2.373547e-01
weak,0.05,2.511,24,5,7.934519e-02,14.1698,0,3.098728e+06,6.880559e-10,2.265220e+05,-2.565270e+05
weak,0.05,2.511,24,10,7.934519e-02,14.1698,0,3.098728e+06,6.880559e-10,1.544348e+03,-1.668468e+03
weak,0.05,2.511,24,20,7.934519e-02,14.1698,0,3.098728e+06,6.880559e-10,1.246528e-05,2.028517e-01
weak,0.05,2.511,26,5,7.934519e-02,11.2555,0,7.433332e+05,1.650531e-10,2.851743e+04,-3.175736e+04
weak,0.05,2.511,26,10,7.934519e-02,11.2555,0,7.433332e+05,1.650531e-10,6.148158e+01,-6.550863e+01
weak,0.05,2.511,26,20,7.934519e-02,11.2555,0,7.433332e+05,1.650531e-10,4.962516e-08,1.660308e-01
weak,0.05,2.511,28,5,7.934519e-02,8.9406,0,1.783132e+05,3.959349e-11,3.590132e+03,-3.938439e+03
weak,0.05,2.511,28,10,7.934519e-02,8.9406,0,1.783132e+05,3.959349e-11,2.447626e+00,-2.456807e+00
weak,0.05,2.511,28,20,7.934519e-02,8.9406,0,1.783132e+05,3.959349e-11,1.975613e-10,1.317139e-01
weak,0.05,2.511,30,5,7.934519e-02,7.1017,0,4.277436e+04,9.497816e-12,4.519708e+02,-4.891902e+02
weak,0.05,2.511,30,10,7.934519e-02,7.1017,0,4.277436e+04,9.497816e-12,9.744174e-02,-9.707905e-04
weak,0.05,2.511,30,20,7.934519e-02,7.1017,1,4.277436e+04,9.497816e-12,7.865058e-13,1.011883e-01
weak,0.05,2.511,32,5,7.934519e-02,5.6411,0,1.026085e+04,2.278367e-12,5.689976e+01,-6.080628e+01
weak,0.05,2.511,32,10,7.934519e-02,5.6411,0,1.026085e+04,2.278367e-12,3.879226e-03,7.122099e-02
weak,0.05,2.511,32,20,7.934519e-02,5.6411,1,1.026085e+04,2.278367e-12,3.131136e-15,7.525762e-02
weak,0.05,2.511,34,5,7.934519e-02,4.4809,0,2.461407e+03,5.465422e-13,7.163255e+00,-7.532283e+00
weak,0.05,2.511,34,10,7.934519e-02,4.4809,0,2.461407e+03,5.465422e-13,1.544348e-04,5.404064e-02
weak,0.05,2.511,34,20,7.934519e-02,4.4809,1,2.461407e+03,5.465422e-13,1.246528e-17,5.420031e-02
weak,0.05,2.511,36,5,7.934519e-02,3.5593,0,5.904505e+02,1.311064e-13,9.018004e-01,-9.087965e-01
weak,0.05,2.511,36,10,7.934519e-02,3.5593,0,5.904505e+02,1.311064e-13,6.148158e-06,3.782085e-02
weak,0.05,2.511,36,20,7.934519e-02,3.5593,1,5.904505e+02,1.311064e-13,4.962516e-20,3.782717e-02
weak,0.05,2.511,38,5,7.934519e-02,2.8273,0,1.416392e+02,3.145022e-14,1.135299e-01,-9.264868e-02
weak,0.05,2.511,38,10,7.934519e-02,2.8273,0,1.416392e+02,3.145022e-14,2.447626e-07,2.561182e-02
weak,0.05,2.511,38,20,7.934519e-02,2.8273,1,1.416392e+02,3.145022e-14,1.975613e-22,2.561207e-02
weak,0.05,2.511,40,5,7.934519e-02,2.2458,0,3.397688e+01,7.544383e-15,1.429257e-02,2.057429e-03
weak,0.05,2.511,40,10,7.934519e-02,2.2458,0,3.397688e+01,7.544383e-15,9.744174e-09,1.684766e-02
weak,0.05,2.511,40,20,7.934519e-02,2.2458,1,3.397688e+01,7.544383e-15,7.865058e-25,1.684767e-02
weak,0.05,2.511,42,5,7.934519e-02,1.7839,0,8.150486e+00,1.809771e-15,1.799328e-03,8.932872e-03
weak,0.05,2.511,42,10,7.934519e-02,1.7839,1,8.150486e+00,1.809771e-15,3.879226e-10,1.078439e-02
weak,0.05,2.511,42,20,7.934519e-02,1.7839,1,8.150486e+00,1.809771e-15,3.131136e-27,1.078439e-02
weak,0.05,2.511,44,5,7.934519e-02,1.4170,0,1.955165e+00,4.341339e-16,2.265220e-04,6.497414e-03
weak,0.05,2.511,44,10,7.934519e-02,1.4170,1,1.955165e+00,4.341339e-16,1.544348e-11,6.729393e-03
weak,0.05,2.511,44,20,7.934519e-02,1.4170,1,1.955165e+00,4.341339e-16,1.246528e-29,6.729393e-03
weak,0.05,2.511,46,5,7.934519e-02,1.1256,0,4.690115e-01,1.041415e-16,2.851743e-05,4.071778e-03
weak,0.05,2.511,46,10,7.934519e-02,1.1256,1,4.690115e-01,1.041415e-16,6.148158e-13,4.100864e-03
weak,0.05,2.511,46,20,7.934519e-02,1.1256,1,4.690115e-01,1.041415e-16,4.962516e-32,4.100864e-03
weak,0.05,2.511,48,5,7.934519e-02,0.8941,0,1.125080e-01,2.498180e-17,3.590132e-06,2.441455e-03
weak,0.05,2.511,48,10,7.934519e-02,0.8941,1,1.125080e-01,2.498180e-17,2.447626e-14,2.445104e-03
weak,0.05,2.511,48,20,7.934519e-02,0.8941,1,1.125080e-01,2.498180e-17,1.975613e-34,2.445104e-03
weak,0.05,2.511,50,5,7.934519e-02,0.7102,0,2.698880e-02,5.992717e-18,4.519708e-07,1.428557e-03
weak,0.05,2.511,50,10,7.934519e-02,0.7102,1,2.698880e-02,5.992717e-18,9.744174e-16,1.429015e-03
weak,0.05,2.511,50,20,7.934519e-02,0.7102,1,2.698880e-02,5.992717e-18,7.865058e-37,1.429015e-03
weak,0.05,3.104,20,5,5.190725e-02,34.3287,0,8.465442e+09,1.879706e-06,8.465442e+09,-5.629543e+08
weak,0.05,3.104,20,10,5.190725e-02,34.3287,0,1.218823e+10,2.706331e-06,9.981376e+08,-1.136271e+09
weak,0.05,3.104,20,20,5.190725e-02,34.3287,0,1.218823e+10,2.706331e-06,3.921122e+04,-4.227422e+04
weak,0.05,3.104,22,5,5.190725e-02,27.2683,0,8.375584e+08,1.859753e-07,8.084434e+08,3.001129e+07
weak,0.05,3.104,22,10,5.190725e-02,27.2683,0,1.218823e+09,2.706331e-07,3.973657e+07,-4.446141e+07
weak,0.05,3.104,22,20,5.190725e-02,27.2683,0,1.218823e+09,2.706331e-07,1.561027e+02,-1.661323e+02
weak,0.05,3.104,24,5,5.190725e-02,21.6600,0,1.006967e+08,2.235915e-08,7.720575e+07,1.445391e+07
weak,0.05,3.104,24,10,5.190725e-02,21.6600,0,1.218823e+08,2.706331e-08,1.581941e+06,-1.742887e+06
weak,0.05,3.104,24,20,5.190725e-02,21.6600,0,1.218823e+08,2.706331e-08,6.214559e-01,-3.925883e-01
weak,0.05,3.104,26,5,5.190725e-02,17.2051,0,1.210640e+07,2.688161e-09,8.429175e+06,2.947078e+06
weak,0.05,3.104,26,10,5.190725e-02,17.2051,0,1.218823e+07,2.706331e-09,6.297822e+04,-6.843834e+04
weak,0.05,3.104,26,20,5.190725e-02,17.2051,0,1.218823e+07,2.706331e-09,2.474060e-03,2.232489e-01
weak,0.05,3.104,28,5,5.190725e-02,13.6665,0,1.455510e+06,3.231881e-10,1.061170e+06,4.898343e+05
weak,0.05,3.104,28,10,5.190725e-02,13.6665,0,1.455510e+06,3.231881e-10,2.507208e+03,-2.691546e+03
weak,0.05,3.104,28,20,5.190725e-02,13.6665,0,1.455510e+06,3.231881e-10,9.849412e-06,1.880094e-01
weak,0.05,3.104,30,5,5.190725e-02,10.8557,0,1.749908e+05,3.885575e-11,1.335934e+05,7.416236e+04
weak,0.05,3.104,30,10,5.190725e-02,10.8557,0,1.749908e+05,3.885575e-11,9.981376e+01,-1.058742e+02
weak,0.05,3.104,30,20,5.190725e-02,10.8557,0,1.749908e+05,3.885575e-11,3.921122e-08,1.517863e-01
weak,0.05,3.104,32,5,5.190725e-02,8.6230,0,2.103852e+04,4.671489e-12,1.681841e+04,1.064793e+04
weak,0.05,3.104,32,10,5.190725e-02,8.6230,0,2.103852e+04,4.671489e-12,3.973657e+00,-4.063379e+00
weak,0.05,3.104,32,20,5.190725e-02,8.6230,0,2.103852e+04,4.671489e-12,1.561027e-10,1.186571e-01
weak,0.05,3.104,34,5,5.190725e-02,6.8495,0,2.529386e+03,5.616365e-13,2.117313e+03,1.477892e+03
weak,0.05,3.104,34,10,5.190725e-02,6.8495,0,2.529386e+03,5.616365e-13,1.581941e-01,-7.540019e-02
weak,0.05,3.104,34,20,5.190725e-02,6.8495,1,2.529386e+03,5.616365e-13,6.214559e-13,8.975927e-02
weak,0.05,3.104,36,5,5.190725e-02,5.4407,0,3.834719e+02,8.514786e-14,2.665539e+02,2.004599e+02
weak,0.05,3.104,36,10,5.190725e-02,5.4407,0,3.834719e+02,8.514786e-14,6.297822e-03,5.916895e-02
weak,0.05,3.104,36,20,5.190725e-02,5.4407,1,3.834719e+02,8.514786e-14,2.474060e-15,6.569882e-02
weak,0.05,3.104,38,5,5.190725e-02,4.3217,0,9.242689e+01,2.052289e-14,3.355715e+01,2.677106e+01
weak,0.05,3.104,38,10,5.190725e-02,4.3217,0,9.242689e+01,2.052289e-14,2.507208e-04,4.629377e-02
weak,0.05,3.104,38,20,5.190725e-02,4.3217,1,9.242689e+01,2.052289e-14,9.849412e-18,4.655220e-02
weak,0.05,3.104,40,5,5.190725e-02,3.4329,0,2.321659e+01,5.155118e-15,4.224595e+00,3.552098e+00
weak,0.05,3.104,40,10,5.190725e-02,3.4329,0,2.321659e+01,5.155118e-15,9.981376e-06,3.195235e-02
weak,0.05,3.104,40,20,5.190725e-02,3.4329,1,2.321659e+01,5.155118e-15,3.921122e-20,3.196258e-02
weak,0.05,3.104,42,5,5.190725e-02,2.7268,0,6.783120e+00,1.506155e-15,5.318450e-01,4.806238e-01
weak,0.05,3.104,42,10,5.190725e-02,2.7268,0,6.783120e+00,1.506155e-15,3.973657e-07,2.129260e-02
weak,0.05,3.104,42,20,5.190725e-02,2.7268,1,6.783120e+00,1.506155e-15,1.561027e-22,2.129301e-02
weak,0.05,3.104,44,5,5.190725e-02,2.1660,0,2.068329e+00,4.592613e-16,6.695532e-02,7.328790e-02
weak,0.05,3.104,44,10,5.190725e-02,2.1660,0,2.068329e+00,4.592613e-16,1.581941e-08,1.378532e-02
weak,0.05,3.104,44,20,5.190725e-02,2.1660,1,2.068329e+00,4.592613e-16,6.214559e-25,1.378534e-02
weak,0.05,3.104,46,5,5.190725e-02,1.7205,0,6.540630e-01,1.452312e-16,8.429175e-03,1.635303e-02
weak,0.05,3.104,46,10,5.190725e-02,1.7205,1,6.540630e-01,1.452312e-16,6.297822e-10,8.688686e-03
weak,0.05,3.104,46,20,5.190725e-02,1.7205,1,6.540630e-01,1.452312e-16,2.474060e-27,8.688687e-03
weak,0.05,3.104,48,5,5.190725e-02,1.3667,0,2.068329e-01,4.592613e-17,1.061170e-03,6.324313e-03
weak,0.05,3.104,48,10,5.190725e-02,1.3667,1,2.068329e-01,4.592613e-17,2.507208e-11,5.341522e-03
weak,0.05,3.104,48,20,5.190725e-02,1.3667,1,2.068329e-01,4.592613e-17,9.849412e-30,5.341522e-03
weak,0.05,3.104,50,5,5.190725e-02,1.0856,0,7.514652e-02,1.668588e-17,1.335934e-04,3.334707e-03
weak,0.05,3.104,50,10,5.190725e-02,1.0856,1,7.514652e-02,1.668588e-17,9.981376e-13,3.209135e-03
weak,0.05,3.104,50,20,5.190725e-02,1.0856,1,7.514652e-02,1.668588e-17,3.921122e-32,3.209135e-03
weak,0.05,3.912,20,5,3.267471e-02,54.5348,0,1.672135e+11,3.712886e-05,1.672135e+11,-3.336390e+13
weak,0.05,3.912,20,10,3.267471e-02,54.5348,0,4.578475e+13,1.016626e-02,4.578475e+13,-2.876078e+13
weak,0.05,3.912,20,20,3.267471e-02,54.5348,0,4.578475e+13,1.016626e-02,6.866496e+09,-7.585424e+09
weak,0.05,3.912,22,5,3.267471e-02,43.3185,0,1.596877e+10,3.545778e-06,1.596877e+10,-9.781929e+11
weak,0.05,3.912,22,10,3.267471e-02,43.3185,0,1.382677e+12,3.070161e-04,1.382677e+12,-8.053013e+11
weak,0.05,3.912,22,20,3.267471e-02,43.3185,0,1.382677e+12,3.070161e-04,2.733601e+07,-2.977754e+07
weak,0.05,3.912,24,5,3.267471e-02,34.4091,0,1.525005e+09,3.386192e-07,1.525005e+09,-2.815974e+10
weak,0.05,3.912,24,10,3.267471e-02,34.4091,0,4.175619e+10,9.271737e-06,4.175619e+10,-2.208039e+10
weak,0.05,3.912,24,20,3.267471e-02,34.4091,0,4.175619e+10,9.271737e-06,1.088266e+05,-1.170853e+05
weak,0.05,3.912,26,5,3.267471e-02,27.3322,0,1.456369e+08,3.233788e-08,1.456369e+08,-7.466155e+08
weak,0.05,3.912,26,10,3.267471e-02,27.3322,0,1.261017e+09,2.800020e-07,1.261017e+09,-5.860954e+08
weak,0.05,3.912,26,20,3.267471e-02,27.3322,0,1.261017e+09,2.800020e-07,4.332466e+02,-4.607842e+02
weak,0.05,3.912,28,5,3.267471e-02,21.7107,0,1.390821e+07,3.088244e-09,1.390821e+07,-1.174645e+07
weak,0.05,3.912,28,10,3.267471e-02,21.7107,0,3.808210e+07,8.455924e-09,3.808210e+07,-1.474144e+07
weak,0.05,3.912,28,20,3.267471e-02,21.7107,0,3.808210e+07,8.455924e-09,1.724786e+00,-1.560386e+00
weak,0.05,3.912,30,5,3.267471e-02,17.2454,0,1.399680e+06,3.107914e-10,1.377005e+06,9.156287e+05
weak,0.05,3.912,30,10,3.267471e-02,17.2454,0,1.399680e+06,3.107914e-10,1.150061e+06,-3.351646e+05
weak,0.05,3.912,30,20,3.267471e-02,17.2454,0,1.399680e+06,3.107914e-10,6.866496e-03,2.127205e-01
weak,0.05,3.912,32,5,3.267471e-02,13.6985,0,1.758730e+05,3.905166e-11,1.733547e+05,1.824018e+05
weak,0.05,3.912,32,10,3.267471e-02,13.6985,0,1.758730e+05,3.905166e-11,3.473129e+04,-5.978082e+03
weak,0.05,3.912,32,20,3.267471e-02,13.6985,0,1.758730e+05,3.905166e-11,2.733601e-05,1.820871e-01
weak,0.05,3.912,34,5,3.267471e-02,10.8811,0,2.718271e+04,6.035774e-12,2.182406e+04,2.455283e+04
weak,0.05,3.912,34,10,3.267471e-02,10.8811,0,2.718271e+04,6.035774e-12,1.048868e+03,-2.266733e+01
weak,0.05,3.912,34,20,3.267471e-02,10.8811,0,2.718271e+04,6.035774e-12,1.088266e-07,1.461790e-01
weak,0.05,3.912,36,5,3.267471e-02,8.6432,0,4.928199e+03,1.094280e-12,2.747486e+03,3.094478e+03
weak,0.05,3.912,36,10,3.267471e-02,8.6432,0,4.928199e+03,1.094280e-12,3.167531e+01,5.481979e+00
weak,0.05,3.912,36,20,3.267471e-02,8.6432,0,4.928199e+03,1.094280e-12,4.332466e-10,1.135756e-01
weak,0.05,3.912,38,5,3.267471e-02,6.8655,0,9.798127e+02,2.175621e-13,3.458880e+02,3.849120e+02
weak,0.05,3.912,38,10,3.267471e-02,6.8655,0,9.798127e+02,2.175621e-13,9.565791e-01,4.818071e-01
weak,0.05,3.912,38,20,3.267471e-02,6.8655,1,9.798127e+02,2.175621e-13,1.724786e-12,8.536582e-02
weak,0.05,3.912,40,5,3.267471e-02,5.4535,0,2.331699e+02,5.177411e-14,4.354472e+01,4.783618e+01
weak,0.05,3.912,40,10,3.267471e-02,5.4535,0,2.331699e+02,5.177411e-14,3.460855e-02,8.316214e-02
weak,0.05,3.912,40,20,3.267471e-02,5.4535,1,2.331699e+02,5.177411e-14,6.866496e-15,6.207231e-02
weak,0.05,3.912,42,5,3.267471e-02,4.3319,0,5.816681e+01,1.291563e-14,5.481956e+00,5.979717e+00
weak,0.05,3.912,42,10,3.267471e-02,4.3319,0,5.816681e+01,1.291563e-14,1.377791e-03,4.468354e-02
weak,0.05,3.912,42,20,3.267471e-02,4.3319,1,5.816681e+01,1.291563e-14,2.733601e-17,4.369020e-02
weak,0.05,3.912,44,5,3.267471e-02,3.4409,0,1.585119e+01,3.519672e-15,6.901373e-01,7.683959e-01
weak,0.05,3.912,44,10,3.267471e-02,3.4409,0,1.585119e+01,3.519672e-15,5.485085e-05,2.984287e-02
weak,0.05,3.912,44,20,3.267471e-02,3.4409,1,1.585119e+01,3.519672e-15,1.088266e-19,2.979888e-02
weak,0.05,3.912,46,5,3.267471e-02,2.7332,0,4.786983e+00,1.062924e-15,8.688314e-02,1.117549e-01
weak,0.05,3.912,46,10,3.267471e-02,2.7332,0,4.786983e+00,1.062924e-15,2.183652e-06,1.972420e-02
weak,0.05,3.912,46,20,3.267471e-02,2.7332,1,4.786983e+00,1.062924e-15,4.332466e-22,1.972232e-02
weak,0.05,3.912,48,5,3.267471e-02,2.1711,0,1.495178e+00,3.319962e-16,1.093794e-02,2.417077e-02
weak,0.05,3.912,48,10,3.267471e-02,2.1711,0,1.495178e+00,3.319962e-16,8.693275e-08,1.268777e-02
weak,0.05,3.912,48,20,3.267471e-02,2.1711,1,1.495178e+00,3.319962e-16,1.724786e-24,1.268769e-02
weak,0.05,3.912,50,5,3.267471e-02,1.7245,0,4.728168e-01,1.049864e-16,1.377005e-03,9.382763e-03
weak,0.05,3.912,50,10,3.267471e-02,1.7245,1,4.728168e-01,1.049864e-16,3.460855e-09,7.948252e-03
weak,0.05,3.912,50,20,3.267471e-02,1.7245,1,4.728168e-01,1.049864e-16,6.866496e-27,7.948248e-03
weak,0.05,4.888,20,5,2.092780e-02,85.1456,0,9.156296e+12,2.033106e-03,9.156296e+12,-2.913148e+16
weak,0.05,4.888,20,10,2.092780e-02,85.1456,0,7.447687e+14,1.653719e-01,7.447687e+14,-2.866406e+16
weak,0.05,4.888,20,20,2.092780e-02,85.1456,0,3.819591e+16,8.481196e+00,3.819591e+16,-3.894837e+16
weak,0.05,4.888,22,5,2.092780e-02,67.6335,0,8.744195e+11,1.941601e-04,8.744195e+11,-1.186067e+14
weak,0.05,4.888,22,10,2.092780e-02,67.6335,0,2.249165e+13,4.994151e-03,2.249165e+13,-1.006976e+14
weak,0.05,4.888,22,20,2.092780e-02,67.6335,0,1.520607e+14,3.376425e-02,1.520607e+14,-1.545957e+14
weak,0.05,4.888,24,5,2.092780e-02,53.7232,0,8.350641e+10,1.854215e-05,8.350641e+10,-4.507373e+11
weak,0.05,4.888,24,10,2.092780e-02,53.7232,0,6.792371e+11,1.508209e-04,6.792371e+11,2.206943e+11
weak,0.05,4.888,24,20,2.092780e-02,53.7232,0,6.893190e+11,1.530596e-04,6.053644e+11,-6.138766e+11
weak,0.05,4.888,26,5,2.092780e-02,42.6739,0,7.974801e+09,1.770761e-06,7.974801e+09,2.220337e+09
weak,0.05,4.888,26,10,2.092780e-02,42.6739,0,2.298087e+10,5.102777e-06,2.298087e+10,2.546178e+10
weak,0.05,4.888,26,20,2.092780e-02,42.6739,0,2.298087e+10,5.102777e-06,2.409999e+09,-2.438487e+09
weak,0.05,4.888,28,5,2.092780e-02,33.8971,0,7.615876e+08,1.691064e-07,7.615876e+08,5.052844e+08
weak,0.05,4.888,28,10,2.092780e-02,33.8971,0,1.135684e+09,2.521725e-07,9.148848e+08,1.060866e+09
weak,0.05,4.888,28,20,2.092780e-02,33.8971,0,1.135684e+09,2.521725e-07,9.594379e+06,-9.689423e+06
weak,0.05,4.888,30,5,2.092780e-02,26.9254,0,7.273105e+07,1.614954e-08,7.273105e+07,6.283037e+07
weak,0.05,4.888,30,10,2.092780e-02,26.9254,0,7.781660e+07,1.727876e-08,3.642222e+07,4.168724e+07
weak,0.05,4.888,30,20,2.092780e-02,26.9254,0,7.781660e+07,1.727876e-08,3.819591e+04,-3.851175e+04
weak,0.05,4.888,32,5,2.092780e-02,21.3876,0,6.945761e+06,1.542269e-09,6.945761e+06,7.712676e+06
weak,0.05,4.888,32,10,2.092780e-02,21.3876,0,7.000583e+06,1.554442e-09,1.449995e+06,1.631283e+06
weak,0.05,4.888,32,20,2.092780e-02,21.3876,0,7.000583e+06,1.554442e-09,1.520607e+02,-1.528575e+02
weak,0.05,4.888,34,5,2.092780e-02,16.9888,0,7.951026e+05,1.765482e-10,7.951026e+05,9.481706e+05
weak,0.05,4.888,34,10,2.092780e-02,16.9888,0,7.951026e+05,1.765482e-10,5.772533e+04,6.391173e+04
weak,0.05,4.888,34,20,2.092780e-02,16.9888,0,7.951026e+05,1.765482e-10,6.053644e-01,-3.953056e-01
weak,0.05,4.888,36,5,2.092780e-02,13.4947,0,1.099159e+05,2.440624e-11,1.000975e+05,1.167950e+05
weak,0.05,4.888,36,10,2.092780e-02,13.4947,0,1.099159e+05,2.440624e-11,2.298087e+03,2.508378e+03
weak,0.05,4.888,36,20,2.092780e-02,13.4947,0,1.099159e+05,2.440624e-11,2.409999e-03,1.734737e-01
weak,0.05,4.888,38,5,2.092780e-02,10.7192,0,1.759668e+04,3.907248e-12,1.260153e+04,1.441520e+04
weak,0.05,4.888,38,10,2.092780e-02,10.7192,0,1.759668e+04,3.907248e-12,9.148848e+01,9.873676e+01
weak,0.05,4.888,38,20,2.092780e-02,10.7192,0,1.759668e+04,3.907248e-12,9.594379e-06,1.403758e-01
weak,0.05,4.888,40,5,2.092780e-02,8.5146,0,3.393155e+03,7.534317e-13,1.586438e+03,1.782676e+03
weak,0.05,4.888,40,10,2.092780e-02,8.5146,0,3.393155e+03,7.534317e-13,3.642222e+00,3.990179e+00
weak,0.05,4.888,40,20,2.092780e-02,8.5146,0,3.393155e+03,7.534317e-13,3.819591e-08,1.084300e-01
weak,0.05,4.888,42,5,2.092780e-02,6.7634,0,7.115302e+02,1.579914e-13,1.997207e+02,2.209238e+02
weak,0.05,4.888,42,10,2.092780e-02,6.7634,0,7.115302e+02,1.579914e-13,1.449995e-01,2.340488e-01
weak,0.05,4.888,42,20,2.092780e-02,6.7634,1,7.115302e+02,1.579914e-13,1.520607e-10,8.100739e-02
weak,0.05,4.888,44,5,2.092780e-02,5.3723,0,1.718124e+02,3.815001e-14,2.514335e+01,2.746732e+01
weak,0.05,4.888,44,10,2.092780e-02,5.3723,0,1.718124e+02,3.815001e-14,5.772533e-03,6.458918e-02
weak,0.05,4.888,44,20,2.092780e-02,5.3723,1,1.718124e+02,3.815001e-14,6.053644e-13,5.854760e-02
weak,0.05,4.888,46,5,2.092780e-02,4.2674,0,4.315732e+01,9.582849e-15,3.165360e+00,3.448335e+00
weak,0.05,4.888,46,10,2.092780e-02,4.2674,0,4.315732e+01,9.582849e-15,2.298087e-04,4.120280e-02
weak,0.05,4.888,46,20,2.092780e-02,4.2674,1,4.315732e+01,9.582849e-15,2.409999e-15,4.096402e-02
weak,0.05,4.888,48,5,2.092780e-02,3.3897,0,1.237311e+01,2.747382e-15,3.984953e-01,4.520276e-01
weak,0.05,4.888,48,10,2.092780e-02,3.3897,0,1.237311e+01,2.747382e-15,9.148848e-06,2.778724e-02
weak,0.05,4.888,48,20,2.092780e-02,3.3897,1,1.237311e+01,2.747382e-15,9.594379e-18,2.777780e-02
weak,0.05,4.888,50,5,2.092780e-02,2.6925,0,3.736620e+00,8.296962e-16,5.016758e-02,7.118077e-02
weak,0.05,4.888,50,10,2.092780e-02,2.6925,0,3.736620e+00,8.296962e-16,3.642222e-07,1.828287e-02
weak,0.05,4.888,50,20,2.092780e-02,2.6925,1,3.736620e+00,8.296962e-16,3.819591e-20,1.828250e-02
weak,0.1,0.5,20,5,5.228863e-01,3.4078,0,5.048462e-01,1.120984e-16,7.445756e-03,3.097812e-01
weak,0.1,0.5,20,10,5.228863e-01,3.4078,0,5.048462e-01,1.120984e-16,7.421270e-08,3.176498e-01
weak,0.1,0.5,20,20,5.228863e-01,3.4078,1,5.048462e-01,1.120984e-16,5.162428e-22,3.176499e-01
weak,0.1,0.5,22,5,5.228863e-01,2.7069,0,1.596464e-01,3.544862e-17,9.373651e-04,3.000842e-01
weak,0.1,0.5,22,10,5.228863e-01,2.7069,0,1.596464e-01,3.544862e-17,2.954461e-09,3.010663e-01
weak,0.1,0.5,22,20,5.228863e-01,2.7069,1,1.596464e-01,3.544862e-17,2.055199e-24,3.010663e-01
weak,0.1,0.5,24,5,5.228863e-01,2.1502,0,5.048462e-02,1.120984e-17,1.180073e-04,2.848684e-01
weak,0.1,0.5,24,10,5.228863e-01,2.1502,0,5.048462e-02,1.120984e-17,1.176192e-10,2.849911e-01
weak,0.1,0.5,24,20,5.228863e-01,2.1502,1,5.048462e-02,1.120984e-17,8.181896e-27,2.849911e-01
weak,0.1,0.5,26,5,5.228863e-01,1.7080,0,1.799868e-02,3.996509e-18,1.485624e-05,2.695156e-01
weak,0.1,0.5,26,10,5.228863e-01,1.7080,1,1.799868e-02,3.996509e-18,4.682505e-12,2.695310e-01
weak,0.1,0.5,26,20,5.228863e-01,1.7080,1,1.799868e-02,3.996509e-18,3.257272e-29,2.695310e-01
weak,0.1,0.5,28,5,5.228863e-01,1.3567,0,6.842907e-03,1.519430e-18,1.870289e-06,2.547475e-01
weak,0.1,0.5,28,10,5.228863e-01,1.3567,1,6.842907e-03,1.519430e-18,1.864139e-13,2.547494e-01
weak,0.1,0.5,28,20,5.228863e-01,1.3567,1,6.842907e-03,1.519430e-18,1.296743e-31,2.547494e-01
weak,0.1,0.5,30,5,5.228863e-01,1.0777,0,2.601601e-03,5.776714e-19,2.354555e-07,2.406761e-01
weak,0.1,0.5,30,10,5.228863e-01,1.0777,1,2.601601e-03,5.776714e-19,7.421270e-15,2.406763e-01
weak,0.1,0.5,30,20,5.228863e-01,1.0777,1,2.601601e-03,5.776714e-19,5.162428e-34,2.406763e-01
weak,0.1,0.5,32,5,5.228863e-01,0.8560,0,9.930688e-04,2.205056e-19,2.964209e-08,2.273172e-01
weak,0.1,0.5,32,10,5.228863e-01,0.8560,1,9.930688e-04,2.205056e-19,2.954461e-16,2.273172e-01
weak,0.1,0.5,32,20,5.228863e-01,0.8560,1,9.930688e-04,2.205056e-19,2.055199e-36,2.273172e-01
weak,0.1,0.5,34,5,5.228863e-01,0.6800,0,3.953478e-04,8.778485e-20,3.731718e-09,2.146613e-01
weak,0.1,0.5,34,10,5.228863e-01,0.6800,1,3.953478e-04,8.778485e-20,1.176192e-17,2.146613e-01
weak,0.1,0.5,34,20,5.228863e-01,0.6800,1,3.953478e-04,8.778485e-20,8.181896e-39,2.146613e-01
weak,0.1,0.5,36,5,5.228863e-01,0.5401,0,1.573908e-04,3.494778e-20,4.697954e-10,2.026873e-01
weak,0.1,0.5,36,10,5.228863e-01,0.5401,1,1.573908e-04,3.494778e-20,4.682505e-19,2.026873e-01
weak,0.1,0.5,36,20,5.228863e-01,0.5401,1,1.573908e-04,3.494778e-20,3.257272e-41,2.026873e-01
weak,0.1,0.5,38,5,5.228863e-01,0.4290,1,6.265841e-05,1.391296e-20,5.914374e-11,1.913681e-01
weak,0.1,0.5,38,10,5.228863e-01,0.4290,1,6.265841e-05,1.391296e-20,1.864139e-20,1.913681e-01
weak,0.1,0.5,38,20,5.228863e-01,0.4290,1,6.265841e-05,1.391296e-20,1.296743e-43,1.913681e-01
weak,0.1,0.5,40,5,5.228863e-01,0.3408,1,2.494476e-05,5.538850e-21,7.445756e-12,1.806735e-01
weak,0.1,0.5,40,10,5.228863e-01,0.3408,1,2.494476e-05,5.538850e-21,7.421270e-22,1.806735e-01
weak,0.1,0.5,40,20,5.228863e-01,0.3408,1,2.494476e-05,5.538850e-21,5.162428e-46,1.806735e-01
weak,0.1,0.5,42,5,5.228863e-01,0.2707,1,1.003534e-05,2.228293e-21,9.373651e-13,1.705725e-01
weak,0.1,0.5,42,10,5.228863e-01,0.2707,1,1.003534e-05,2.228293e-21,2.954461e-23,1.705725e-01
weak,0.1,0.5,42,20,5.228863e-01,0.2707,1,1.003534e-05,2.228293e-21,2.055199e-48,1.705725e-01
weak,0.1,0.5,44,5,5.228863e-01,0.2150,1,5.029585e-06,1.116792e-21,1.180073e-13,1.610338e-01
weak,0.1,0.5,44,10,5.228863e-01,0.2150,1,5.029585e-06,1.116792e-21,1.176192e-24,1.610338e-01
weak,0.1,0.5,44,20,5.228863e-01,0.2150,1,5.029585e-06,1.116792e-21,8.181896e-51,1.610338e-01
weak,0.1,0.5,46,5,5.228863e-01,0.1708,1,2.520764e-06,5.597220e-22,1.485624e-14,1.520273e-01
weak,0.1,0.5,46,10,5.228863e-01,0.1708,1,2.520764e-06,5.597220e-22,4.682505e-26,1.520273e-01
weak,0.1,0.5,46,20,5.228863e-01,0.1708,1,2.520764e-06,5.597220e-22,3.257272e-53,1.520273e-01
weak,0.1,0.5,48,5,5.228863e-01,0.1357,1,1.263375e-06,2.805255e-22,1.870289e-15,1.435239e-01
weak,0.1,0.5,48,10,5.228863e-01,0.1357,1,1.263375e-06,2.805255e-22,1.864139e-27,1.435239e-01
weak,0.1,0.5,48,20,5.228863e-01,0.1357,1,1.263375e-06,2.805255e-22,1.296743e-55,1.435239e-01
weak,0.1,0.5,50,5,5.228863e-01,0.1078,1,6.331872e-07,1.405958e-22,2.354555e-16,1.354958e-01
weak,0.1,0.5,50,10,5.228863e-01,0.1078,1,6.331872e-07,1.405958e-22,7.421270e-29,1.354958e-01
weak,0.1,0.5,50,20,5.228863e-01,0.1078,1,6.331872e-07,1.405958e-22,5.162428e-58,1.354958e-01
weak,0.1,0.628,20,5,3.208683e-01,5.5534,0,1.104436e+01,2.452340e-15,9.679157e-01,-7.464640e-01
weak,0.1,0.628,20,10,3.208683e-01,5.5534,0,1.104436e+01,2.452340e-15,1.101964e-04,2.998676e-01
weak,0.1,0.628,20,20,3.208683e-01,5.5534,1,1.104436e+01,2.452340e-15,1.007884e-16,2.999824e-01
weak,0.1,0.628,22,5,3.208683e-01,4.4112,0,3.125490e+00,6.939982e-16,1.218534e-01,1.479285e-01
weak,0.1,0.628,22,10,3.208683e-01,4.4112,0,3.125490e+00,6.939982e-16,4.386996e-06,2.781464e-01
weak,0.1,0.628,22,20,3.208683e-01,4.4112,1,3.125490e+00,6.939982e-16,4.012459e-19,2.781509e-01
weak,0.1,0.628,24,5,3.208683e-01,3.5040,0,9.439439e-01,2.095976e-16,1.534043e-02,2.406727e-01
weak,0.1,0.628,24,10,3.208683e-01,3.5040,0,9.439439e-01,2.095976e-16,1.746495e-07,2.569015e-01
weak,0.1,0.628,24,20,3.208683e-01,3.5040,1,9.439439e-01,2.095976e-16,1.597389e-21,2.569017e-01
weak,0.1,0.628,26,5,3.208683e-01,2.7833,0,2.985013e-01,6.628059e-17,1.931246e-03,2.345085e-01
weak,0.1,0.628,26,10,3.208683e-01,2.7833,0,2.985013e-01,6.628059e-17,6.952921e-09,2.365337e-01
weak,0.1,0.628,26,20,3.208683e-01,2.7833,1,2.985013e-01,6.628059e-17,6.359319e-24,2.365337e-01
weak,0.1,0.628,28,5,3.208683e-01,2.2108,0,9.439439e-02,2.095976e-17,2.431294e-04,2.170011e-01
weak,0.1,0.628,28,10,3.208683e-01,2.2108,0,9.439439e-02,2.095976e-17,2.768008e-10,2.172541e-01
weak,0.1,0.628,28,20,3.208683e-01,2.2108,1,9.439439e-02,2.095976e-17,2.531690e-26,2.172541e-01
weak,0.1,0.628,30,5,3.208683e-01,1.7561,0,3.312300e-02,7.354783e-18,3.060818e-05,1.991540e-01
weak,0.1,0.628,30,10,3.208683e-01,1.7561,1,3.312300e-02,7.354783e-18,1.101964e-11,1.991856e-01
weak,0.1,0.628,30,20,3.208683e-01,1.7561,1,3.312300e-02,7.354783e-18,1.007884e-28,1.991856e-01
weak,0.1,0.628,32,5,3.208683e-01,1.3950,0,1.259301e-02,2.796210e-18,3.853342e-06,1.823774e-01
weak,0.1,0.628,32,10,3.208683e-01,1.3950,1,1.259301e-02,2.796210e-18,4.386996e-13,1.823813e-01
weak,0.1,0.628,32,20,3.208683e-01,1.3950,1,1.259301e-02,2.796210e-18,4.012459e-31,1.823813e-01
weak,0.1,0.628,34,5,3.208683e-01,1.1080,0,4.787730e-03,1.063090e-18,4.851070e-07,1.668412e-01
weak,0.1,0.628,34,10,3.208683e-01,1.1080,1,4.787730e-03,1.063090e-18,1.746495e-14,1.668417e-01
weak,0.1,0.628,34,20,3.208683e-01,1.1080,1,4.787730e-03,1.063090e-18,1.597389e-33,1.668417e-01
weak,0.1,0.628,36,5,3.208683e-01,0.8802,0,1.821092e-03,4.043637e-19,6.107135e-08,1.525305e-01
weak,0.1,0.628,36,10,3.208683e-01,0.8802,1,1.821092e-03,4.043637e-19,6.952921e-16,1.525306e-01
weak,0.1,0.628,36,20,3.208683e-01,0.8802,1,1.821092e-03,4.043637e-19,6.359319e-36,1.525306e-01
weak,0.1,0.628,38,5,3.208683e-01,0.6991,0,7.249899e-04,1.609801e-19,7.688428e-09,1.393890e-01
weak,0.1,0.628,38,10,3.208683e-01,0.6991,1,7.249899e-04,1.609801e-19,2.768008e-17,1.393890e-01
weak,0.1,0.628,38,20,3.208683e-01,0.6991,1,7.249899e-04,1.609801e-19,2.531690e-38,1.393890e-01
weak,0.1,0.628,40,5,3.208683e-01,0.5553,0,2.886237e-04,6.408733e-20,9.679157e-10,1.273452e-01
weak,0.1,0.628,40,10,3.208683e-01,0.5553,1,2.886237e-04,6.408733e-20,1.101964e-18,1.273452e-01
weak,0.1,0.628,40,20,3.208683e-01,0.5553,1,2.886237e-04,6.408733e-20,1.007884e-40,1.273452e-01
weak,0.1,0.628,42,5,3.208683e-01,0.4411,1,1.149031e-04,2.551362e-20,1.218534e-10,1.163220e-01
weak,0.1,0.628,42,10,3.208683e-01,0.4411,1,1.149031e-04,2.551362e-20,4.386996e-20,1.163220e-01
weak,0.1,0.628,42,20,3.208683e-01,0.4411,1,1.149031e-04,2.551362e-20,4.012459e-43,1.163220e-01
weak,0.1,0.628,44,5,3.208683e-01,0.3504,1,4.574377e-05,1.015716e-20,1.534043e-11,1.062415e-01
weak,0.1,0.628,44,10,3.208683e-01,0.3504,1,4.574377e-05,1.015716e-20,1.746495e-21,1.062415e-01
weak,0.1,0.628,44,20,3.208683e-01,0.3504,1,4.574377e-05,1.015716e-20,1.597389e-45,1.062415e-01
weak,0.1,0.628,46,5,3.208683e-01,0.2783,1,1.821092e-05,4.043637e-21,1.931246e-12,9.702821e-02
weak,0.1,0.628,46,10,3.208683e-01,0.2783,1,1.821092e-05,4.043637e-21,6.952921e-23,9.702821e-02
weak,0.1,0.628,46,20,3.208683e-01,0.2783,1,1.821092e-05,4.043637e-21,6.359319e-48,9.702821e-02
weak,0.1,0.628,48,5,3.208683e-01,0.2211,1,9.102797e-06,2.021227e-21,2.431294e-13,8.861035e-02
weak,0.1,0.628,48,10,3.208683e-01,0.2211,1,9.102797e-06,2.021227e-21,2.768008e-24,8.861035e-02
weak,0.1,0.628,48,20,3.208683e-01,0.2211,1,9.102797e-06,2.021227e-21,2.531690e-50,8.861035e-02
weak,0.1,0.628,50,5,3.208683e-01,0.1756,1,4.562205e-06,1.013013e-21,3.060818e-14,8.092087e-02
weak,0.1,0.628,50,10,3.208683e-01,0.1756,1,4.562205e-06,1.013013e-21,1.101964e-25,8.092087e-02
weak,0.1,0.628,50,20,3.208683e-01,0.1756,1,4.562205e-06,1.013013e-21,1.007884e-52,8.092087e-02
weak,0.1,0.789,20,5,2.016348e-01,8.8373,0,3.087574e+02,6.855790e-14,1.027053e+02,-1.139110e+02
weak,0.1,0.789,20,10,2.016348e-01,8.8373,0,3.087574e+02,6.855790e-14,1.181421e-01,1.697599e-01
weak,0.1,0.789,20,20,2.016348e-01,8.8373,0,3.087574e+02,6.855790e-14,1.117211e-11,2.949084e-01
weak,0.1,0.789,22,5,2.016348e-01,7.0197,0,7.412894e+01,1.645993e-14,1.292983e+01,-1.389723e+01
weak,0.1,0.789,22,10,2.016348e-01,7.0197,0,7.412894e+01,1.645993e-14,4.703321e-03,2.630549e-01
weak,0.1,0.789,22,20,2.016348e-01,7.0197,1,7.412894e+01,1.645993e-14,4.447696e-14,2.679929e-01
weak,0.1,0.789,24,5,2.016348e-01,5.5760,0,1.862035e+01,4.134548e-15,1.627770e+00,-1.518581e+00
weak,0.1,0.789,24,10,2.016348e-01,5.5760,0,1.862035e+01,4.134548e-15,1.872426e-04,2.411651e-01
weak,0.1,0.789,24,20,2.016348e-01,5.5760,1,1.862035e+01,4.134548e-15,1.770660e-16,2.413602e-01
weak,0.1,0.789,26,5,2.016348e-01,4.4291,0,5.289742e+00,1.174559e-15,2.049240e-01,-3.374720e-03
weak,0.1,0.789,26,10,2.016348e-01,4.4291,0,5.289742e+00,1.174559e-15,7.454262e-06,2.156276e-01
weak,0.1,0.789,26,20,2.016348e-01,4.4291,1,5.289742e+00,1.174559e-15,7.049123e-19,2.156353e-01
weak,0.1,0.789,28,5,2.016348e-01,3.5182,0,1.599747e+00,3.552151e-16,2.579841e-02,1.640243e-01
weak,0.1,0.789,28,10,2.016348e-01,3.5182,0,1.599747e+00,3.552151e-16,2.967595e-07,1.913180e-01
weak,0.1,0.789,28,20,2.016348e-01,3.5182,1,1.599747e+00,3.552151e-16,2.806306e-21,1.913183e-01
weak,0.1,0.789,30,5,2.016348e-01,2.7946,0,5.058843e-01,1.123289e-16,3.247827e-03,1.653541e-01
weak,0.1,0.789,30,10,2.016348e-01,2.7946,0,5.058843e-01,1.123289e-16,1.181421e-08,1.687602e-01
weak,0.1,0.789,30,20,2.016348e-01,2.7946,1,5.058843e-01,1.123289e-16,1.117211e-23,1.687602e-01
weak,0.1,0.789,32,5,2.016348e-01,2.2198,0,1.599747e-01,3.552151e-17,4.088772e-04,1.477382e-01
weak,0.1,0.789,32,10,2.016348e-01,2.2198,0,1.599747e-01,3.552151e-17,4.703321e-10,1.481637e-01
weak,0.1,0.789,32,20,2.016348e-01,2.2198,1,1.599747e-01,3.552151e-17,4.447696e-26,1.481637e-01
weak,0.1,0.789,34,5,2.016348e-01,1.7633,0,5.657308e-02,1.256175e-17,5.147459e-05,1.295492e-01
weak,0.1,0.789,34,10,2.016348e-01,1.7633,1,5.657308e-02,1.256175e-17,1.872426e-11,1.296024e-01
weak,0.1,0.789,34,20,2.016348e-01,1.7633,1,5.657308e-02,1.256175e-17,1.770660e-28,1.296024e-01
weak,0.1,0.789,36,5,2.016348e-01,1.4006,0,2.150848e-02,4.775843e-18,6.480267e-06,1.130423e-01
weak,0.1,0.789,36,10,2.016348e-01,1.4006,1,2.150848e-02,4.775843e-18,7.454262e-13,1.130490e-01
weak,0.1,0.789,36,20,2.016348e-01,1.4006,1,2.150848e-02,4.775843e-18,7.049123e-31,1.130490e-01
weak,0.1,0.789,38,5,2.016348e-01,1.1126,0,8.177298e-03,1.815725e-18,8.158173e-07,9.840483e-02
weak,0.1,0.789,38,10,2.016348e-01,1.1126,1,8.177298e-03,1.815725e-18,2.967595e-14,9.840567e-02
weak,0.1,0.789,38,20,2.016348e-01,1.1126,1,8.177298e-03,1.815725e-18,2.806306e-33,9.840567e-02
weak,0.1,0.789,40,5,2.016348e-01,0.8837,0,3.118881e-03,6.925307e-19,1.027053e-07,8.553125e-02
weak,0.1,0.789,40,10,2.016348e-01,0.8837,1,3.118881e-03,6.925307e-19,1.181421e-15,8.553136e-02
weak,0.1,0.789,40,20,2.016348e-01,0.8837,1,3.118881e-03,6.925307e-19,1.117211e-35,8.553136e-02
weak,0.1,0.789,42,5,2.016348e-01,0.7020,0,1.241649e-03,2.757014e-19,1.292983e-08,7.426350e-02
weak,0.1,0.789,42,10,2.016348e-01,0.7020,1,1.241649e-03,2.757014e-19,4.703321e-17,7.426351e-02
weak,0.1,0.789,42,20,2.016348e-01,0.7020,1,1.241649e-03,2.757014e-19,4.447696e-38,7.426351e-02
weak,0.1,0.789,44,5,2.016348e-01,0.5576,0,4.943093e-04,1.097587e-19,1.627770e-09,6.443371e-02
weak,0.1,0.789,44,10,2.016348e-01,0.5576,1,4.943093e-04,1.097587e-19,1.872426e-18,6.443372e-02
weak,0.1,0.789,44,20,2.016348e-01,0.5576,1,4.943093e-04,1.097587e-19,1.770660e-40,6.443372e-02
weak,0.1,0.789,46,5,2.016348e-01,0.4429,1,1.967881e-04,4.369573e-20,2.049240e-10,5.587800e-02
weak,0.1,0.789,46,10,2.016348e-01,0.4429,1,1.967881e-04,4.369573e-20,7.454262e-20,5.587800e-02
weak,0.1,0.789,46,20,2.016348e-01,0.4429,1,1.967881e-04,4.369573e-20,7.049123e-43,5.587800e-02
weak,0.1,0.789,48,5,2.016348e-01,0.3518,1,7.834275e-05,1.739559e-20,2.579841e-11,4.844287e-02
weak,0.1,0.789,48,10,2.016348e-01,0.3518,1,7.834275e-05,1.739559e-20,2.967595e-21,4.844287e-02
weak,0.1,0.789,48,20,2.016348e-01,0.3518,1,7.834275e-05,1.739559e-20,2.806306e-45,4.844287e-02
weak,0.1,0.789,50,5,2.016348e-01,0.2795,1,3.180441e-05,7.061997e-21,3.247827e-12,4.198838e-02
weak,0.1,0.789,50,10,2.016348e-01,0.2795,1,3.180441e-05,7.061997e-21,1.181421e-22,4.198838e-02
weak,0.1,0.789,50,20,2.016348e-01,0.2795,1,3.180441e-05,7.061997e-21,1.117211e-47,4.198838e-02
weak,0.1,0.992,20,5,1.272177e-01,14.0068,0,1.371800e+04,3.046008e-12,1.070982e+04,-1.233099e+04
weak,0.1,0.992,20,10,1.272177e-01,14.0068,0,1.371800e+04,3.046008e-12,1.211777e+02,-1.308958e+02
weak,0.1,0.992,20,20,1.272177e-01,14.0068,0,1.371800e+04,3.046008e-12,1.132927e-06,3.066412e-01
weak,0.1,0.992,22,5,1.272177e-01,11.1260,0,2.552630e+03,5.667977e-13,1.348286e+03,-1.523637e+03
weak,0.1,0.992,22,10,1.272177e-01,11.1260,0,2.552630e+03,5.667977e-13,4.824172e+00,-4.886272e+00
weak,0.1,0.992,22,20,1.272177e-01,11.1260,0,2.552630e+03,5.667977e-13,4.510264e-09,2.761954e-01
weak,0.1,0.992,24,5,1.272177e-01,8.8377,0,5.220391e+02,1.159160e-13,1.697392e+02,-1.884365e+02
weak,0.1,0.992,24,10,1.272177e-01,8.8377,0,5.220391e+02,1.159160e-13,1.920538e-01,4.165814e-02
weak,0.1,0.992,24,20,1.272177e-01,8.8377,0,5.220391e+02,1.159160e-13,1.795568e-11,2.450853e-01
weak,0.1,0.992,26,5,1.272177e-01,7.0200,0,1.256582e+02,2.790174e-14,2.136889e+01,-2.318923e+01
weak,0.1,0.992,26,10,1.272177e-01,7.0200,0,1.256582e+02,2.790174e-14,7.645798e-03,2.062578e-01
weak,0.1,0.992,26,20,1.272177e-01,7.0200,1,1.256582e+02,2.790174e-14,7.148286e-14,2.142846e-01
weak,0.1,0.992,28,5,1.272177e-01,5.5762,0,3.156392e+01,7.008599e-15,2.690184e+00,-2.723140e+00
weak,0.1,0.992,28,10,1.272177e-01,5.5762,0,3.156392e+01,7.008599e-15,3.043847e-04,1.843907e-01
weak,0.1,0.992,28,20,1.272177e-01,5.5762,1,3.156392e+01,7.008599e-15,2.845784e-16,1.847078e-01
weak,0.1,0.992,30,5,1.272177e-01,4.4293,0,9.080903e+00,2.016365e-15,3.386741e-01,-2.047566e-01
weak,0.1,0.992,30,10,1.272177e-01,4.4293,0,9.080903e+00,2.016365e-15,1.211777e-05,1.571004e-01
weak,0.1,0.992,30,20,1.272177e-01,4.4293,1,9.080903e+00,2.016365e-15,1.132927e-18,1.571130e-01
weak,0.1,0.992,32,5,1.272177e-01,3.5183,0,2.757066e+00,6.121916e-16,4.263655e-02,8.694172e-02
weak,0.1,0.992,32,10,1.272177e-01,3.5183,0,2.757066e+00,6.121916e-16,4.824172e-07,1.320404e-01
weak,0.1,0.992,32,20,1.272177e-01,3.5183,1,2.757066e+00,6.121916e-16,4.510264e-21,1.320409e-01
weak,0.1,0.992,34,5,1.272177e-01,2.7947,0,8.718607e-01,1.935920e-16,5.367623e-03,1.041692e-01
weak,0.1,0.992,34,10,1.272177e-01,2.7947,0,8.718607e-01,1.935920e-16,1.920538e-08,1.097973e-01
weak,0.1,0.992,34,20,1.272177e-01,2.7947,1,8.718607e-01,1.935920e-16,1.795568e-23,1.097973e-01
weak,0.1,0.992,36,5,1.272177e-01,2.2199,0,2.757066e-01,6.121916e-17,6.757437e-04,8.976904e-02
weak,0.1,0.992,36,10,1.272177e-01,2.2199,0,2.757066e-01,6.121916e-17,7.645798e-10,9.047225e-02
weak,0.1,0.992,36,20,1.272177e-01,2.2199,1,2.757066e-01,6.121916e-17,7.148286e-26,9.047225e-02
weak,0.1,0.992,38,5,1.272177e-01,1.7633,0,9.950017e-02,2.209348e-17,8.507110e-05,7.389434e-02
weak,0.1,0.992,38,10,1.272177e-01,1.7633,1,9.950017e-02,2.209348e-17,3.043847e-11,7.398230e-02
weak,0.1,0.992,38,20,1.272177e-01,1.7633,1,9.950017e-02,2.209348e-17,2.845784e-28,7.398230e-02
weak,0.1,0.992,40,5,1.272177e-01,1.4007,0,3.782891e-02,8.399706e-18,1.070982e-05,6.011196e-02
weak,0.1,0.992,40,10,1.272177e-01,1.4007,1,3.782891e-02,8.399706e-18,1.211777e-12,6.012297e-02
weak,0.1,0.992,40,20,1.272177e-01,1.4007,1,3.782891e-02,8.399706e-18,1.132927e-30,6.012297e-02
weak,0.1,0.992,42,5,1.272177e-01,1.1126,0,1.438215e-02,3.193479e-18,1.348286e-06,4.861748e-02
weak,0.1,0.992,42,10,1.272177e-01,1.1126,1,1.438215e-02,3.193479e-18,4.824172e-14,4.861886e-02
weak,0.1,0.992,42,20,1.272177e-01,1.1126,1,1.438215e-02,3.193479e-18,4.510264e-33,4.861886e-02
weak,0.1,0.992,44,5,1.272177e-01,0.8838,0,5.522174e-03,1.226169e-18,1.697392e-07,3.916489e-02
weak,0.1,0.992,44,10,1.272177e-01,0.8838,1,5.522174e-03,1.226169e-18,1.920538e-15,3.916506e-02
weak,0.1,0.992,44,20,1.272177e-01,0.8838,1,5.522174e-03,1.226169e-18,1.795568e-35,3.916506e-02
weak,0.1,0.992,46,5,1.272177e-01,0.7020,0,2.198417e-03,4.881467e-19,2.136889e-08,3.145737e-02
weak,0.1,0.992,46,10,1.272177e-01,0.7020,1,2.198417e-03,4.881467e-19,7.645798e-17,3.145739e-02
weak,0.1,0.992,46,20,1.272177e-01,0.7020,1,2.198417e-03,4.881467e-19,7.148286e-38,3.145739e-02
weak,0.1,0.992,48,5,1.272177e-01,0.5576,0,8.752056e-04,1.943347e-19,2.690184e-09,2.521160e-02
weak,0.1,0.992,48,10,1.272177e-01,0.5576,1,8.752056e-04,1.943347e-19,3.043847e-18,2.521160e-02
weak,0.1,0.992,48,20,1.272177e-01,0.5576,1,8.752056e-04,1.943347e-19,2.845784e-40,2.521160e-02
weak,0.1,0.992,50,5,1.272177e-01,0.4429,1,3.484256e-04,7.736603e-20,3.386741e-10,2.017376e-02
weak,0.1,0.992,50,10,1.272177e-01,0.4429,1,3.484256e-04,7.736603e-20,1.211777e-19,2.017376e-02
weak,0.1,0.992,50,20,1.272177e-01,0.4429,1,3.484256e-04,7.736603e-20,1.132927e-42,2.017376e-02
weak,0.1,1.266,20,5,7.803300e-02,22.8353,0,1.558928e+06,3.461516e-10,1.537923e+06,-1.851919e+06
weak,0.1,1.266,20,10,7.803300e-02,22.8353,0,1.558928e+06,3.461516e-10,1.941726e+05,-2.166349e+05
weak,0.1,1.266,20,20,7.803300e-02,22.8353,0,1.558928e+06,3.461516e-10,2.356918e-01,8.569261e-02
weak,0.1,1.266,22,5,7.803300e-02,18.1387,0,1.982657e+05,4.402384e-11,1.936130e+05,-2.279307e+05
weak,0.1,1.266,22,10,7.803300e-02,18.1387,0,1.982657e+05,4.402384e-11,7.730152e+03,-8.494222e+03
weak,0.1,1.266,22,20,7.803300e-02,18.1387,0,1.982657e+05,4.402384e-11,9.383059e-04,3.034823e-01
weak,0.1,1.266,24,5,7.803300e-02,14.4081,0,3.071725e+04,6.820600e-12,2.437443e+04,-2.810863e+04
weak,0.1,1.266,24,10,7.803300e-02,14.4081,0,3.071725e+04,6.820600e-12,3.077429e+02,-3.333777e+02
weak,0.1,1.266,24,20,7.803300e-02,14.4081,0,3.071725e+04,6.820600e-12,3.735463e-06,2.713899e-01
weak,0.1,1.266,26,5,7.803300e-02,11.4448,0,5.647400e+03,1.253975e-12,3.068560e+03,-3.472960e+03
weak,0.1,1.266,26,10,7.803300e-02,11.4448,0,5.647400e+03,1.253975e-12,1.225147e+01,-1.288892e+01
weak,0.1,1.266,26,20,7.803300e-02,11.4448,0,5.647400e+03,1.253975e-12,1.487115e-08,2.371456e-01
weak,0.1,1.266,28,5,7.803300e-02,9.0909,0,1.149349e+03,2.552066e-13,3.863088e+02,-4.297638e+02
weak,0.1,1.266,28,10,7.803300e-02,9.0909,0,1.149349e+03,2.552066e-13,4.877396e-01,-3.142148e-01
weak,0.1,1.266,28,20,7.803300e-02,9.0909,0,1.149349e+03,2.552066e-13,5.920310e-11,2.029401e-01
weak,0.1,1.266,30,5,7.803300e-02,7.2212,0,2.765812e+02,6.141335e-14,4.863339e+01,-5.315436e+01
weak,0.1,1.266,30,10,7.803300e-02,7.2212,0,2.765812e+02,6.141335e-14,1.941726e-02,1.496029e-01
weak,0.1,1.266,30,20,7.803300e-02,7.2212,1,2.765812e+02,6.141335e-14,2.356918e-13,1.700059e-01
weak,0.1,1.266,32,5,7.803300e-02,5.7360,0,6.947405e+01,1.542634e-14,6.122581e+00,-6.485169e+00
weak,0.1,1.266,32,10,7.803300e-02,5.7360,0,6.947405e+01,1.542634e-14,7.730152e-04,1.386170e-01
weak,0.1,1.266,32,20,7.803300e-02,5.7360,1,6.947405e+01,1.542634e-14,9.383059e-16,1.394230e-01
weak,0.1,1.266,34,5,7.803300e-02,4.5562,0,2.007695e+01,4.457979e-15,7.707873e-01,-7.123017e-01
weak,0.1,1.266,34,10,7.803300e-02,4.5562,0,2.007695e+01,4.457979e-15,3.077429e-05,1.119682e-01
weak,0.1,1.266,34,20,7.803300e-02,4.5562,1,2.007695e+01,4.457979e-15,3.735463e-18,1.120000e-01
weak,0.1,1.266,36,5,7.803300e-02,3.6192,0,6.113614e+00,1.357495e-15,9.703637e-02,-1.450671e-02
weak,0.1,1.266,36,10,7.803300e-02,3.6192,0,6.113614e+00,1.357495e-15,1.225147e-06,8.821169e-02
weak,0.1,1.266,36,20,7.803300e-02,3.6192,1,6.113614e+00,1.357495e-15,1.487115e-20,8.821295e-02
weak,0.1,1.266,38,5,7.803300e-02,2.8748,0,1.933294e+00,4.292776e-16,1.221616e-02,5.539039e-02
weak,0.1,1.266,38,10,7.803300e-02,2.8748,0,1.933294e+00,4.292776e-16,4.877396e-08,6.820790e-02
weak,0.1,1.266,38,20,7.803300e-02,2.8748,1,1.933294e+00,4.292776e-16,5.920310e-23,6.820795e-02
weak,0.1,1.266,40,5,7.803300e-02,2.2835,0,6.113614e-01,1.357495e-16,1.537923e-03,5.025295e-02
weak,0.1,1.266,40,10,7.803300e-02,2.2835,0,6.113614e-01,1.357495e-16,1.941726e-09,5.185429e-02
weak,0.1,1.266,40,20,7.803300e-02,2.2835,1,6.113614e-01,1.357495e-16,2.356918e-25,5.185429e-02
weak,0.1,1.266,42,5,7.803300e-02,1.8139,0,2.259404e-01,5.016884e-17,1.936130e-04,3.862391e-02
weak,0.1,1.266,42,10,7.803300e-02,1.8139,1,2.259404e-01,5.016884e-17,7.730152e-11,3.882419e-02
weak,0.1,1.266,42,20,7.803300e-02,1.8139,1,2.259404e-01,5.016884e-17,9.383059e-28,3.882419e-02
weak,0.1,1.266,44,5,7.803300e-02,1.4408,0,8.590013e-02,1.907366e-17,2.437443e-05,2.865207e-02
weak,0.1,1.266,44,10,7.803300e-02,1.4408,1,8.590013e-02,1.907366e-17,3.077429e-12,2.867714e-02
weak,0.1,1.266,44,20,7.803300e-02,1.4408,1,8.590013e-02,1.907366e-17,3.735463e-30,2.867714e-02
weak,0.1,1.266,46,5,7.803300e-02,1.1445,0,3.265832e-02,7.251603e-18,3.068560e-06,2.092979e-02
weak,0.1,1.266,46,10,7.803300e-02,1.1445,1,3.265832e-02,7.251603e-18,1.225147e-13,2.093293e-02
weak,0.1,1.266,46,20,7.803300e-02,1.1445,1,3.265832e-02,7.251603e-18,1.487115e-32,2.093293e-02
weak,0.1,1.266,48,5,7.803300e-02,0.9091,0,1.266897e-02,2.813077e-18,3.863088e-07,1.512485e-02
weak,0.1,1.266,48,10,7.803300e-02,0.9091,1,1.266897e-02,2.813077e-18,4.877396e-15,1.512525e-02
weak,0.1,1.266,48,20,7.803300e-02,0.9091,1,1.266897e-02,2.813077e-18,5.920310e-35,1.512525e-02
weak,0.1,1.266,50,5,7.803300e-02,0.7221,0,5.043609e-03,1.119906e-18,4.863339e-08,1.083486e-02
weak,0.1,1.266,50,10,7.803300e-02,0.7221,1,5.043609e-03,1.119906e-18,1.941726e-16,1.083490e-02
weak,0.1,1.266,50,20,7.803300e-02,0.7221,1,5.043609e-03,1.119906e-18,2.356918e-37,1.083490e-02
weak,0.1,1.548,20,5,5.217598e-02,34.1519,0,1.446649e+08,3.212206e-08,1.446649e+08,-1.211434e+08
weak,0.1,1.548,20,10,5.217598e-02,34.1519,0,1.608038e+08,3.570561e-08,8.687577e+07,-9.992291e+07
weak,0.1,1.548,20,20,5.217598e-02,34.1519,0,1.608038e+08,3.570561e-08,5.728876e+03,-6.181642e+03
weak,0.1,1.548,22,5,5.217598e-02,27.1278,0,1.381539e+07,3.067632e-09,1.381539e+07,-1.486068e+07
weak,0.1,1.548,22,10,5.217598e-02,27.1278,0,1.382611e+07,3.070014e-09,3.458587e+06,-3.905760e+06
weak,0.1,1.548,22,20,5.217598e-02,27.1278,0,1.382611e+07,3.070014e-09,2.280707e+01,-2.399788e+01
weak,0.1,1.548,24,5,5.217598e-02,21.5484,0,1.528132e+06,3.393135e-10,1.528132e+06,-1.826560e+06
weak,0.1,1.548,24,10,5.217598e-02,21.5484,0,1.528132e+06,3.393135e-10,1.376888e+05,-1.529508e+05
weak,0.1,1.548,24,20,5.217598e-02,21.5484,0,1.528132e+06,3.393135e-10,9.079657e-02,2.099826e-01
weak,0.1,1.548,26,5,5.217598e-02,17.1165,0,2.094127e+05,4.649895e-11,1.923804e+05,-2.249525e+05
weak,0.1,1.548,26,10,5.217598e-02,17.1165,0,2.094127e+05,4.649895e-11,5.481491e+03,-5.999999e+03
weak,0.1,1.548,26,20,5.217598e-02,17.1165,0,2.094127e+05,4.649895e-11,3.614677e-04,2.712954e-01
weak,0.1,1.548,28,5,5.217598e-02,13.5961,0,3.396866e+04,7.542557e-12,2.421926e+04,-2.775877e+04
weak,0.1,1.548,28,10,5.217598e-02,13.5961,0,3.396866e+04,7.542557e-12,2.182221e+02,-2.355498e+02
weak,0.1,1.548,28,20,5.217598e-02,13.5961,0,3.396866e+04,7.542557e-12,1.439029e-06,2.358774e-01
weak,0.1,1.548,30,5,5.217598e-02,10.7998,0,6.595415e+03,1.464476e-12,3.049024e+03,-3.431857e+03
weak,0.1,1.548,30,10,5.217598e-02,10.7998,0,6.595415e+03,1.464476e-12,8.687577e+00,-9.080032e+00
weak,0.1,1.548,30,20,5.217598e-02,10.7998,0,6.595415e+03,1.464476e-12,5.728876e-09,1.998751e-01
weak,0.1,1.548,32,5,5.217598e-02,8.5786,0,1.449524e+03,3.218591e-13,3.838494e+02,-4.249579e+02
weak,0.1,1.548,32,10,5.217598e-02,8.5786,0,1.449524e+03,3.218591e-13,3.458587e-01,-2.006747e-01
weak,0.1,1.548,32,20,5.217598e-02,8.5786,0,1.449524e+03,3.218591e-13,2.280707e-11,1.650859e-01
weak,0.1,1.548,34,5,5.217598e-02,6.8142,0,3.562669e+02,7.910715e-14,4.832378e+01,-5.262016e+01
weak,0.1,1.548,34,10,5.217598e-02,6.8142,0,3.562669e+02,7.910715e-14,1.376888e-02,1.183749e-01
weak,0.1,1.548,34,20,5.217598e-02,6.8142,1,3.562669e+02,7.910715e-14,9.079657e-14,1.328100e-01
weak,0.1,1.548,36,5,5.217598e-02,5.4127,0,9.432160e+01,2.094360e-14,6.083604e+00,-6.452973e+00
weak,0.1,1.548,36,10,5.217598e-02,5.4127,0,9.432160e+01,2.094360e-14,5.481491e-04,1.034794e-01
weak,0.1,1.548,36,20,5.217598e-02,5.4127,1,9.432160e+01,2.094360e-14,3.614677e-16,1.040498e-01
weak,0.1,1.548,38,5,5.217598e-02,4.2995,0,2.848467e+01,6.324867e-15,7.658803e-01,-7.368784e-01
weak,0.1,1.548,38,10,5.217598e-02,4.2995,0,2.848467e+01,6.324867e-15,2.182221e-05,7.938680e-02
weak,0.1,1.548,38,20,5.217598e-02,4.2995,1,2.848467e+01,6.324867e-15,1.439029e-18,7.940936e-02
weak,0.1,1.548,40,5,5.217598e-02,3.4152,0,8.923748e+00,1.981470e-15,9.641862e-02,-4.268676e-02
weak,0.1,1.548,40,10,5.217598e-02,3.4152,0,8.923748e+00,1.981470e-15,8.687577e-07,5.907828e-02
weak,0.1,1.548,40,20,5.217598e-02,3.4152,1,8.923748e+00,1.981470e-15,5.728876e-21,5.907917e-02
weak,0.1,1.548,42,5,5.217598e-02,2.7128,0,2.821937e+00,6.265958e-16,1.213839e-02,3.018926e-02
weak,0.1,1.548,42,10,5.217598e-02,2.7128,0,2.821937e+00,6.265958e-16,3.458587e-08,4.289286e-02
weak,0.1,1.548,42,20,5.217598e-02,2.7128,1,2.821937e+00,6.265958e-16,2.280707e-23,4.289289e-02
weak,0.1,1.548,44,5,5.217598e-02,2.1548,0,1.002790e+00,2.226641e-16,1.528132e-03,2.884137e-02
weak,0.1,1.548,44,10,5.217598e-02,2.1548,0,1.002790e+00,2.226641e-16,1.376888e-09,3.042905e-02
weak,0.1,1.548,44,20,5.217598e-02,2.1548,1,1.002790e+00,2.226641e-16,9.079657e-26,3.042905e-02
weak,0.1,1.548,46,5,5.217598e-02,1.7116,0,3.812501e-01,8.465452e-17,1.923804e-04,2.092562e-02
weak,0.1,1.548,46,10,5.217598e-02,1.7116,1,3.812501e-01,8.465452e-17,5.481491e-11,2.112425e-02
weak,0.1,1.548,46,20,5.217598e-02,1.7116,1,3.812501e-01,8.465452e-17,3.614677e-28,2.112425e-02
weak,0.1,1.548,48,5,5.217598e-02,1.3596,0,1.449472e-01,3.218475e-17,2.421926e-05,1.434806e-02
weak,0.1,1.548,48,10,5.217598e-02,1.3596,1,1.449472e-01,3.218475e-17,2.182221e-12,1.437294e-02
weak,0.1,1.548,48,20,5.217598e-02,1.3596,1,1.449472e-01,3.218475e-17,1.439029e-30,1.437294e-02
weak,0.1,1.548,50,5,5.217598e-02,1.0800,0,5.639451e-02,1.252210e-17,3.049024e-06,9.597103e-03
weak,0.1,1.548,50,10,5.217598e-02,1.0800,1,5.639451e-02,1.252210e-17,8.687577e-14,9.600221e-03
weak,0.1,1.548,50,20,5.217598e-02,1.0800,1,5.639451e-02,1.252210e-17,5.728876e-33,9.600221e-03
weak,0.1,1.967,20,5,3.231021e-02,55.1500,0,3.821189e+10,8.484744e-06,3.821189e+10,-1.985582e+10
weak,0.1,1.967,20,10,3.231021e-02,55.1500,0,1.324044e+11,2.939968e-05,1.317483e+11,-1.582115e+11
weak,0.1,1.967,20,20,3.231021e-02,55.1500,0,1.324044e+11,2.939968e-05,9.816142e+08,-1.089655e+09
weak,0.1,1.967,22,5,3.231021e-02,43.8072,0,3.649207e+09,8.102868e-07,3.649207e+09,-2.426935e+09
weak,0.1,1.967,22,10,3.231021e-02,43.8072,0,5.933853e+09,1.317580e-06,5.244994e+09,-6.159902e+09
weak,0.1,1.967,22,20,3.231021e-02,43.8072,0,5.933853e+09,1.317580e-06,3.907877e+06,-4.275233e+06
weak,0.1,1.967,24,5,3.231021e-02,34.7973,0,3.484966e+08,7.738178e-08,3.484966e+08,-2.971961e+08
weak,0.1,1.967,24,10,3.231021e-02,34.7973,0,3.845346e+08,8.538384e-08,2.088070e+08,-2.403023e+08
weak,0.1,1.967,24,20,3.231021e-02,34.7973,0,3.845346e+08,8.538384e-08,1.555754e+04,-1.680130e+04
weak,0.1,1.967,26,5,3.231021e-02,27.6405,0,3.328116e+07,7.389903e-09,3.328116e+07,-3.646439e+07
weak,0.1,1.967,26,10,3.231021e-02,27.6405,0,3.338681e+07,7.413362e-09,8.312754e+06,-9.392370e+06
weak,0.1,1.967,26,20,3.231021e-02,27.6405,0,3.338681e+07,7.413362e-09,6.193567e+01,-6.581068e+01
weak,0.1,1.967,28,5,3.231021e-02,21.9556,0,3.758355e+06,8.345224e-10,3.758355e+06,-4.482818e+06
weak,0.1,1.967,28,10,3.231021e-02,21.9556,0,3.758355e+06,8.345224e-10,3.309367e+05,-3.677894e+05
weak,0.1,1.967,28,20,3.231021e-02,21.9556,0,3.758355e+06,8.345224e-10,2.465703e-01,2.780728e-02
weak,0.1,1.967,30,5,3.231021e-02,17.4400,0,5.291499e+05,1.174949e-10,4.731489e+05,-5.521966e+05
weak,0.1,1.967,30,10,3.231021e-02,17.4400,0,5.291499e+05,1.174949e-10,1.317483e+04,-1.442742e+04
weak,0.1,1.967,30,20,3.231021e-02,17.4400,0,5.291499e+05,1.174949e-10,9.816142e-04,2.513293e-01
weak,0.1,1.967,32,5,3.231021e-02,13.8531,0,9.051064e+04,2.009740e-11,5.956591e+04,-6.815357e+04
weak,0.1,1.967,32,10,3.231021e-02,13.8531,0,9.051064e+04,2.009740e-11,5.244994e+02,-5.667055e+02
weak,0.1,1.967,32,20,3.231021e-02,13.8531,0,9.051064e+04,2.009740e-11,3.907877e-06,2.151536e-01
weak,0.1,1.967,34,5,3.231021e-02,11.0039,0,1.788066e+04,3.970305e-12,7.498904e+03,-8.427743e+03
weak,0.1,1.967,34,10,3.231021e-02,11.0039,0,1.788066e+04,3.970305e-12,2.088070e+01,-2.213311e+01
weak,0.1,1.967,34,20,3.231021e-02,11.0039,0,1.788066e+04,3.970305e-12,1.555754e-08,1.784192e-01
weak,0.1,1.967,36,5,3.231021e-02,8.7407,0,4.786002e+03,1.062706e-12,9.440561e+02,-1.043991e+03
weak,0.1,1.967,36,10,3.231021e-02,8.7407,0,4.786002e+03,1.062706e-12,8.312754e-01,-7.356736e-01
weak,0.1,1.967,36,20,3.231021e-02,8.7407,0,4.786002e+03,1.062706e-12,6.193567e-11,1.436831e-01
weak,0.1,1.967,38,5,3.231021e-02,6.9430,0,1.905342e+03,4.230708e-13,1.188496e+02,-1.294743e+02
weak,0.1,1.967,38,10,3.231021e-02,6.9430,0,1.905342e+03,4.230708e-13,3.309367e-02,7.755929e-02
weak,0.1,1.967,38,20,3.231021e-02,6.9430,1,1.905342e+03,4.230708e-13,2.465703e-13,1.122629e-01
weak,0.1,1.967,40,5,3.231021e-02,5.5150,0,7.585302e+02,1.684275e-13,1.496228e+01,-1.602455e+01
weak,0.1,1.967,40,10,3.231021e-02,5.5150,0,7.585302e+02,1.684275e-13,1.317483e-03,8.369744e-02
weak,0.1,1.967,40,20,3.231021e-02,5.5150,1,7.585302e+02,1.684275e-13,9.816142e-16,8.506864e-02
weak,0.1,1.967,42,5,3.231021e-02,4.3807,0,3.019763e+02,6.705221e-14,1.883640e+00,-1.943246e+00
weak,0.1,1.967,42,10,3.231021e-02,4.3807,0,3.019763e+02,6.705221e-14,5.244994e-05,6.247302e-02
weak,0.1,1.967,42,20,3.231021e-02,4.3807,1,3.019763e+02,6.705221e-14,3.907877e-18,6.252725e-02
weak,0.1,1.967,44,5,3.231021e-02,3.4797,0,1.202189e+02,2.669396e-14,2.371362e-01,-2.054834e-01
weak,0.1,1.967,44,10,3.231021e-02,3.4797,0,1.202189e+02,2.669396e-14,2.088070e-06,4.460393e-02
weak,0.1,1.967,44,20,3.231021e-02,3.4797,1,1.202189e+02,2.669396e-14,1.555754e-20,4.460608e-02
weak,0.1,1.967,46,5,3.231021e-02,2.7640,0,4.786002e+01,1.062706e-14,2.985367e-02,-3.083706e-04
weak,0.1,1.967,46,10,3.231021e-02,2.7640,0,4.786002e+01,1.062706e-14,8.312754e-08,3.091418e-02
weak,0.1,1.967,46,20,3.231021e-02,2.7640,1,4.786002e+01,1.062706e-14,6.193567e-23,3.091426e-02
weak,0.1,1.967,48,5,3.231021e-02,2.1956,0,1.905342e+01,4.230708e-15,3.758355e-03,1.693749e-02
weak,0.1,1.967,48,10,3.231021e-02,2.1956,0,1.905342e+01,4.230708e-15,3.309367e-09,2.084003e-02
weak,0.1,1.967,48,20,3.231021e-02,2.1956,1,1.905342e+01,4.230708e-15,2.465703e-25,2.084004e-02
weak,0.1,1.967,50,5,3.231021e-02,1.7440,0,7.585302e+00,1.684275e-15,4.731489e-04,1.319630e-02
weak,0.1,1.967,50,10,3.231021e-02,1.7440,1,7.585302e+00,1.684275e-15,1.317483e-10,1.368459e-02
weak,0.1,1.967,50,20,3.231021e-02,1.7440,1,7.585302e+00,1.684275e-15,9.816142e-28,1.368459e-02
weak,0.1,2.511,20,5,1.982581e-02,89.8783,0,1.474913e+13,3.274964e-03,1.474913e+13,-5.227605e+12
weak,0.1,2.511,20,10,1.982581e-02,89.8783,0,4.370670e+14,9.704836e-02,4.370670e+14,-3.327197e+14
weak,0.1,2.511,20,20,1.982581e-02,89.8783,0,7.676243e+14,1.704468e-01,2.242101e+14,-2.580830e+14
weak,0.1,2.511,22,5,1.982581e-02,71.3928,0,1.408531e+12,3.127567e-04,1.408531e+12,-6.374117e+11
weak,0.1,2.511,22,10,1.982581e-02,71.3928,0,1.319921e+13,2.930814e-03,1.319921e+13,-1.290403e+13
weak,0.1,2.511,22,20,1.982581e-02,71.3928,0,1.406210e+13,3.122414e-03,8.925966e+11,-1.008767e+12
weak,0.1,2.511,24,5,1.982581e-02,56.7093,0,1.345136e+11,2.986803e-05,1.345136e+11,-7.785641e+10
weak,0.1,2.511,24,10,1.982581e-02,56.7093,0,4.194950e+11,9.314659e-05,4.176391e+11,-5.014388e+11
weak,0.1,2.511,24,20,1.982581e-02,56.7093,0,4.194950e+11,9.314659e-05,3.553491e+09,-3.950257e+09
weak,0.1,2.511,26,5,1.982581e-02,45.0458,0,1.284595e+10,2.852375e-06,1.284595e+10,-9.527174e+09
weak,0.1,2.511,26,10,1.982581e-02,45.0458,0,1.908681e+10,4.238123e-06,1.662651e+10,-1.952374e+10
weak,0.1,2.511,26,20,1.982581e-02,45.0458,0,1.908681e+10,4.238123e-06,1.414670e+07,-1.549628e+07
weak,0.1,2.511,28,5,1.982581e-02,35.7812,0,1.226779e+09,2.723997e-07,1.226779e+09,-1.168043e+09
weak,0.1,2.511,28,10,1.982581e-02,35.7812,0,1.287173e+09,2.858098e-07,6.619133e+08,-7.616511e+08
weak,0.1,2.511,28,20,1.982581e-02,35.7812,0,1.287173e+09,2.858098e-07,5.631904e+04,-6.089096e+04
weak,0.1,2.511,30,5,1.982581e-02,28.4220,0,2.319422e+08,5.150151e-08,1.190468e+08,-1.434823e+08
weak,0.1,2.511,30,10,1.982581e-02,28.4220,0,2.319422e+08,5.150151e-08,2.635124e+07,-2.977018e+07
weak,0.1,2.511,30,20,1.982581e-02,28.4220,0,2.319422e+08,5.150151e-08,2.242101e+02,-2.393274e+02
weak,0.1,2.511,32,5,1.982581e-02,22.5764,0,5.563906e+07,1.235435e-08,1.498711e+07,-1.766003e+07
weak,0.1,2.511,32,10,1.982581e-02,22.5764,0,5.563906e+07,1.235435e-08,1.049062e+06,-1.165771e+06
weak,0.1,2.511,32,20,1.982581e-02,22.5764,0,5.563906e+07,1.235435e-08,8.925966e-01,-6.659342e-01
weak,0.1,2.511,34,5,1.982581e-02,17.9331,0,1.334688e+07,2.963603e-09,1.886765e+06,-2.177888e+06
weak,0.1,2.511,34,10,1.982581e-02,17.9331,0,1.334688e+07,2.963603e-09,4.176391e+04,-4.573136e+04
weak,0.1,2.511,34,20,1.982581e-02,17.9331,0,1.334688e+07,2.963603e-09,3.553491e-03,2.377739e-01
weak,0.1,2.511,36,5,1.982581e-02,14.2447,0,3.201694e+06,7.109188e-10,2.375297e+05,-2.691019e+05
weak,0.1,2.511,36,10,1.982581e-02,14.2447,0,3.201694e+06,7.109188e-10,1.662651e+03,-1.796797e+03
weak,0.1,2.511,36,20,1.982581e-02,14.2447,0,3.201694e+06,7.109188e-10,1.414670e-05,2.037107e-01
weak,0.1,2.511,38,5,1.982581e-02,11.3150,0,7.680328e+05,1.705375e-10,2.990322e+04,-3.331271e+04
weak,0.1,2.511,38,10,1.982581e-02,11.3150,0,7.680328e+05,1.705375e-10,6.619133e+01,-7.055613e+01
weak,0.1,2.511,38,20,1.982581e-02,11.3150,0,7.680328e+05,1.705375e-10,5.631904e-08,1.668517e-01
weak,0.1,2.511,40,5,1.982581e-02,8.9878,0,1.842382e+05,4.090911e-11,3.764592e+03,-4.131167e+03
weak,0.1,2.511,40,10,1.982581e-02,8.9878,0,1.842382e+05,4.090911e-11,2.635124e+00,-2.654947e+00
weak,0.1,2.511,40,20,1.982581e-02,8.9878,0,1.842382e+05,4.090911e-11,2.242101e-10,1.324613e-01
weak,0.1,2.511,42,5,1.982581e-02,7.1393,0,4.419567e+04,9.813411e-12,4.739340e+02,-5.131131e+02
weak,0.1,2.511,42,10,1.982581e-02,7.1393,0,4.419567e+04,9.813411e-12,1.049062e-01,-8.167363e-03
weak,0.1,2.511,42,20,1.982581e-02,7.1393,1,4.419567e+04,9.813411e-12,8.925966e-13,1.018380e-01
weak,0.1,2.511,44,5,1.982581e-02,5.6709,0,1.060180e+04,2.354073e-12,5.966476e+01,-6.378027e+01
weak,0.1,2.511,44,10,1.982581e-02,5.6709,0,1.060180e+04,2.354073e-12,4.176391e-03,7.145040e-02
weak,0.1,2.511,44,20,1.982581e-02,5.6709,1,1.060180e+04,2.354073e-12,3.553491e-15,7.579694e-02
weak,0.1,2.511,46,5,1.982581e-02,4.5046,0,2.543196e+03,5.647029e-13,7.511348e+00,-7.902256e+00
weak,0.1,2.511,46,10,1.982581e-02,4.5046,0,2.543196e+03,5.647029e-13,1.662651e-04,5.445667e-02
weak,0.1,2.511,46,20,1.982581e-02,4.5046,1,2.543196e+03,5.647029e-13,1.414670e-17,5.462859e-02
weak,0.1,2.511,48,5,1.982581e-02,3.5781,0,6.100701e+02,1.354628e-13,9.456227e-01,-9.546593e-01
weak,0.1,2.511,48,10,1.982581e-02,3.5781,0,6.100701e+02,1.354628e-13,6.619133e-06,3.814628e-02
weak,0.1,2.511,48,20,1.982581e-02,3.5781,1,6.100701e+02,1.354628e-13,5.631904e-20,3.815309e-02
weak,0.1,2.511,50,5,1.982581e-02,2.8422,0,1.463456e+02,3.249526e-14,1.190468e-01,-9.817750e-02
weak,0.1,2.511,50,10,1.982581e-02,2.8422,0,1.463456e+02,3.249526e-14,2.635124e-07,2.585002e-02
weak,0.1,2.511,50,20,1.982581e-02,2.8422,1,1.463456e+02,3.249526e-14,2.242101e-22,2.585029e-02
weak,0.1,3.104,20,5,1.297396e-02,137.3450,0,1.173909e+16,2.606601e+00,1.173909e+16,-2.532963e+15
weak,0.1,3.104,20,10,1.297396e-02,137.3450,0,6.723008e+17,1.492808e+02,6.723008e+17,-3.535459e+17
weak,0.1,3.104,20,20,1.297396e-02,137.3450,0,1.109530e+19,2.463652e+03,1.109530e+19,-1.326017e+19
weak,0.1,3.104,22,5,1.297396e-02,109.0970,0,1.121074e+15,2.489285e-01,1.121074e+15,-2.463670e+14
weak,0.1,3.104,22,10,1.297396e-02,109.0970,0,2.030316e+16,4.508207e+00,2.030316e+16,-1.367492e+16
weak,0.1,3.104,22,20,1.297396e-02,109.0970,0,6.915503e+16,1.535550e+01,4.417120e+16,-5.165241e+16
weak,0.1,3.104,24,5,1.297396e-02,86.6588,0,1.070618e+14,2.377249e-02,1.070618e+14,-2.325968e+13
weak,0.1,3.104,24,10,1.297396e-02,86.6588,0,6.131456e+14,1.361457e-01,6.131456e+14,-5.299312e+14
weak,0.1,3.104,24,20,1.297396e-02,86.6588,0,8.428322e+14,1.871463e-01,1.758487e+14,-2.015920e+14
weak,0.1,3.104,26,5,1.297396e-02,68.8356,0,1.022432e+13,2.270255e-03,1.022432e+13,-2.099918e+12
weak,0.1,3.104,26,10,1.297396e-02,68.8356,0,1.851670e+13,4.111533e-03,1.851670e+13,-2.057554e+13
weak,0.1,3.104,26,20,1.297396e-02,68.8356,0,1.851670e+13,4.111533e-03,7.000663e+11,-7.882782e+11
weak,0.1,3.104,28,5,1.297396e-02,54.6780,0,9.764149e+11,2.168077e-04,9.764149e+11,-1.760520e+11
weak,0.1,3.104,28,10,1.297396e-02,54.6780,0,1.280839e+12,2.844033e-04,6.750961e+11,-8.004449e+11
weak,0.1,3.104,28,20,1.297396e-02,54.6780,0,1.280839e+12,2.844033e-04,2.787014e+09,-3.088029e+09
weak,0.1,3.104,30,5,1.297396e-02,43.4323,0,9.324690e+10,2.070497e-05,9.324690e+10,-1.276434e+10
weak,0.1,3.104,30,10,1.297396e-02,43.4323,0,1.280839e+11,2.844033e-05,2.687606e+10,-3.120043e+10
weak,0.1,3.104,30,20,1.297396e-02,43.4323,0,1.280839e+11,2.844033e-05,1.109530e+07,-1.211832e+07
weak,0.1,3.104,32,5,1.297396e-02,34.4995,0,8.905010e+09,1.977309e-06,8.905010e+09,-6.083678e+08
weak,0.1,3.104,32,10,1.297396e-02,34.4995,0,1.280839e+10,2.844033e-06,1.069955e+09,-1.218506e+09
weak,0.1,3.104,32,20,1.297396e-02,34.4995,0,1.280839e+10,2.844033e-06,4.417120e+04,-4.763392e+04
weak,0.1,3.104,34,5,1.297396e-02,27.4039,0,8.766869e+08,1.946636e-07,8.504219e+08,2.929557e+07
weak,0.1,3.104,34,10,1.297396e-02,27.4039,0,1.280839e+09,2.844033e-07,4.259568e+07,-4.767729e+07
weak,0.1,3.104,34,20,1.297396e-02,27.4039,0,1.280839e+09,2.844033e-07,1.758487e+02,-1.872264e+02
weak,0.1,3.104,36,5,1.297396e-02,21.7677,0,1.054009e+08,2.340371e-08,8.121466e+07,1.489356e+07
weak,0.1,3.104,36,10,1.297396e-02,21.7677,0,1.280839e+08,2.844033e-08,1.695765e+06,-1.868879e+06
weak,0.1,3.104,36,20,1.297396e-02,21.7677,0,1.280839e+08,2.844033e-08,7.000663e-01,-4.749329e-01
weak,0.1,3.104,38,5,1.297396e-02,17.2907,0,1.267198e+07,2.813745e-09,8.814210e+06,3.058426e+06
weak,0.1,3.104,38,10,1.297396e-02,17.2907,0,1.280839e+07,2.844033e-09,6.750961e+04,-7.338306e+04
weak,0.1,3.104,38,20,1.297396e-02,17.2907,0,1.280839e+07,2.844033e-09,2.787014e-03,2.237409e-01
weak,0.1,3.104,40,5,1.297396e-02,13.7345,0,1.523507e+06,3.382866e-10,1.109643e+06,5.097594e+05
weak,0.1,3.104,40,10,1.297396e-02,13.7345,0,1.523507e+06,3.382866e-10,2.687606e+03,-2.885928e+03
weak,0.1,3.104,40,20,1.297396e-02,13.7345,0,1.523507e+06,3.382866e-10,1.109530e-05,1.888124e-01
weak,0.1,3.104,42,5,1.297396e-02,10.9097,0,1.831659e+05,4.067099e-11,1.396958e+05,7.729263e+04
weak,0.1,3.104,42,10,1.297396e-02,10.9097,0,1.831659e+05,4.067099e-11,1.069955e+02,-1.135266e+02
weak,0.1,3.104,42,20,1.297396e-02,10.9097,0,1.831659e+05,4.067099e-11,4.417120e-08,1.525395e-01
weak,0.1,3.104,44,5,1.297396e-02,8.6659,0,2.202138e+04,4.889728e-12,1.758666e+04,1.110733e+04
weak,0.1,3.104,44,10,1.297396e-02,8.6659,0,2.202138e+04,4.889728e-12,4.259568e+00,-4.364445e+00
weak,0.1,3.104,44,20,1.297396e-02,8.6659,0,2.202138e+04,4.889728e-12,1.758487e-10,1.193297e-01
weak,0.1,3.104,46,5,1.297396e-02,6.8836,0,2.647552e+03,5.878746e-13,2.214029e+03,1.542575e+03
weak,0.1,3.104,46,10,1.297396e-02,6.8836,0,2.647552e+03,5.878746e-13,1.695765e-01,-8.673908e-02
weak,0.1,3.104,46,20,1.297396e-02,6.8836,1,2.647552e+03,5.878746e-13,7.000663e-13,9.033231e-02
weak,0.1,3.104,48,5,1.297396e-02,5.4678,0,3.954548e+02,8.780860e-14,2.787298e+02,2.093195e+02
weak,0.1,3.104,48,10,1.297396e-02,5.4678,0,3.954548e+02,8.780860e-14,6.750961e-03,5.916434e-02
weak,0.1,3.104,48,20,1.297396e-02,5.4678,1,3.954548e+02,8.780860e-14,2.787014e-15,6.616501e-02
weak,0.1,3.104,50,5,1.297396e-02,4.3432,0,9.522052e+01,2.114320e-14,3.509000e+01,2.796148e+01
weak,0.1,3.104,50,10,1.297396e-02,4.3432,0,9.522052e+01,2.114320e-14,2.687606e-04,4.663788e-02
weak,0.1,3.104,50,20,1.297396e-02,4.3432,1,9.522052e+01,2.114320e-14,1.109530e-17,4.691493e-02
weak,0.1,3.912,20,5,8.167981e-03,218.1578,0,2.315585e+17,5.141632e+01,2.315585e+17,-5.475234e+22
weak,0.1,3.912,20,10,8.167981e-03,218.1578,0,6.495242e+22,1.442233e+07,6.495242e+22,-5.320582e+22
weak,0.1,3.912,20,20,8.167981e-03,218.1578,0,2.970602e+24,6.596061e+08,2.970602e+24,-2.420269e+24
weak,0.1,3.912,22,5,8.167981e-03,173.2889,0,2.211367e+16,4.910221e+00,2.211367e+16,-1.614462e+21
weak,0.1,3.912,22,10,8.167981e-03,173.2889,0,1.961532e+21,4.355475e+05,1.961532e+21,-1.555207e+21
weak,0.1,3.912,22,20,8.167981e-03,173.2889,0,8.971074e+21,1.991979e+06,8.971074e+21,-9.394372e+21
weak,0.1,3.912,24,5,8.167981e-03,137.6483,0,2.111839e+15,4.689225e-01,2.111839e+15,-4.760487e+19
weak,0.1,3.912,24,10,8.167981e-03,137.6483,0,5.923731e+19,1.315333e+04,5.923731e+19,-4.533196e+19
weak,0.1,3.912,24,20,8.167981e-03,137.6483,0,5.923731e+19,1.315333e+04,3.069469e+19,-3.653567e+19
weak,0.1,3.912,26,5,8.167981e-03,109.3379,0,2.016791e+14,4.478175e-02,2.016791e+14,-1.403682e+18
weak,0.1,3.912,26,10,8.167981e-03,109.3379,0,1.788938e+18,3.972241e+02,1.788938e+18,-1.316400e+18
weak,0.1,3.912,26,20,8.167981e-03,109.3379,0,1.788938e+18,3.972241e+02,1.221978e+17,-1.423684e+17
weak,0.1,3.912,28,5,8.167981e-03,86.8502,0,1.926020e+13,4.276624e-03,1.926020e+13,-4.138665e+16
weak,0.1,3.912,28,10,8.167981e-03,86.8502,0,5.402507e+16,1.199598e+01,5.402507e+16,-3.803220e+16
weak,0.1,3.912,28,20,8.167981e-03,86.8502,0,5.402507e+16,1.199598e+01,4.864781e+14,-5.558380e+14
weak,0.1,3.912,30,5,8.167981e-03,68.9876,0,1.839335e+12,4.084144e-04,1.839335e+12,-1.219960e+15
weak,0.1,3.912,30,10,8.167981e-03,68.9876,0,1.631531e+15,3.622727e-01,1.631531e+15,-1.091086e+15
weak,0.1,3.912,30,20,8.167981e-03,68.9876,0,1.631531e+15,3.622727e-01,1.936704e+12,-2.174209e+12
weak,0.1,3.912,32,5,8.167981e-03,54.7988,0,1.756551e+11,3.900327e-05,1.756551e+11,-3.592460e+13
weak,0.1,3.912,32,10,8.167981e-03,54.7988,0,4.927145e+13,1.094046e-02,4.927145e+13,-3.099488e+13
weak,0.1,3.912,32,20,8.167981e-03,54.7988,0,4.927145e+13,1.094046e-02,7.710158e+09,-8.520078e+09
weak,0.1,3.912,34,5,8.167981e-03,43.5282,0,1.677493e+10,3.724783e-06,1.677493e+10,-1.053447e+12
weak,0.1,3.912,34,10,8.167981e-03,43.5282,0,1.487974e+12,3.303966e-04,1.487974e+12,-8.681649e+11
weak,0.1,3.912,34,20,8.167981e-03,43.5282,0,1.487974e+12,3.303966e-04,3.069469e+07,-3.344547e+07
weak,0.1,3.912,36,5,8.167981e-03,34.5757,0,1.601994e+09,3.557141e-07,1.601994e+09,-3.034792e+10
weak,0.1,3.912,36,10,8.167981e-03,34.5757,0,4.493610e+10,9.977818e-06,4.493610e+10,-2.381678e+10
weak,0.1,3.912,36,20,8.167981e-03,34.5757,0,4.493610e+10,9.977818e-06,1.221978e+05,-1.315033e+05
weak,0.1,3.912,38,5,8.167981e-03,27.4644,0,1.529892e+08,3.397043e-08,1.529892e+08,-8.073696e+08
weak,0.1,3.912,38,10,8.167981e-03,27.4644,0,1.357048e+09,3.013253e-07,1.357048e+09,-6.327233e+08
weak,0.1,3.912,38,20,8.167981e-03,27.4644,0,1.357048e+09,3.013253e-07,4.864781e+02,-5.175452e+02
weak,0.1,3.912,40,5,8.167981e-03,21.8158,0,1.461036e+07,3.244151e-09,1.461036e+07,-1.307615e+07
weak,0.1,3.912,40,10,8.167981e-03,21.8158,0,4.098221e+07,9.099878e-09,4.098221e+07,-1.593768e+07
weak,0.1,3.912,40,20,8.167981e-03,21.8158,0,4.098221e+07,9.099878e-09,1.936704e+00,-1.783380e+00
weak,0.1,3.912,42,5,8.167981e-03,17.3289,0,1.463259e+06,3.249087e-10,1.438164e+06,9.331104e+05
weak,0.1,3.912,42,10,8.167981e-03,17.3289,0,1.463259e+06,3.249087e-10,1.237643e+06,-3.634440e+05
weak,0.1,3.912,42,20,8.167981e-03,17.3289,0,1.463259e+06,3.249087e-10,7.710158e-03,2.126372e-01
weak,0.1,3.912,44,5,8.167981e-03,13.7648,0,1.829762e+05,4.062888e-11,1.810542e+05,1.898914e+05
weak,0.1,3.912,44,10,8.167981e-03,13.7648,0,1.829762e+05,4.062888e-11,3.737622e+04,-6.537675e+03
weak,0.1,3.912,44,20,8.167981e-03,13.7648,0,1.829762e+05,4.062888e-11,3.069469e-05,1.828627e-01
weak,0.1,3.912,46,5,8.167981e-03,10.9338,0,2.825327e+04,6.273487e-12,2.279337e+04,2.563335e+04
weak,0.1,3.912,46,10,8.167981e-03,10.9338,0,2.825327e+04,6.273487e-12,1.128744e+03,-2.839283e+01
weak,0.1,3.912,46,20,8.167981e-03,10.9338,0,2.825327e+04,6.273487e-12,1.221978e-07,1.469029e-01
weak,0.1,3.912,48,5,8.167981e-03,8.6850,0,5.102543e+03,1.132992e-12,2.869515e+03,3.232516e+03
weak,0.1,3.912,48,10,8.167981e-03,8.6850,0,5.102543e+03,1.132992e-12,3.408751e+01,5.737698e+00
weak,0.1,3.912,48,20,8.167981e-03,8.6850,0,5.102543e+03,1.132992e-12,4.864781e-10,1.142170e-01
weak,0.1,3.912,50,5,8.167981e-03,6.8988,0,1.013496e+03,2.250413e-13,3.612506e+02,4.021215e+02
weak,0.1,3.912,50,10,8.167981e-03,6.8988,0,1.013496e+03,2.250413e-13,1.029426e+00,5.065746e-01
weak,0.1,3.912,50,20,8.167981e-03,6.8988,1,1.013496e+03,2.250413e-13,1.936704e-12,8.590778e-02
weak,0.1,4.888,20,5,5.231769e-03,340.5940,0,1.267315e+19,2.814005e+03,1.267315e+19,-7.071318e+30
weak,0.1,4.888,20,10,5.231769e-03,340.5940,0,1.055750e+24,2.344236e+08,1.055750e+24,-7.071318e+30
weak,0.1,4.888,20,20,5.231769e-03,340.5940,0,1.076011e+31,2.389223e+15,1.076011e+31,-1.129720e+31
weak,0.1,4.888,22,5,5.231769e-03,270.5434,0,1.210277e+18,2.687354e+02,1.210277e+18,-2.885665e+28
weak,0.1,4.888,22,10,5.231769e-03,270.5434,0,3.188315e+22,7.079481e+06,3.188315e+22,-2.885665e+28
weak,0.1,4.888,22,20,5.231769e-03,270.5434,0,4.283675e+28,9.511670e+12,4.283675e+28,-4.468588e+28
weak,0.1,4.888,24,5,5.231769e-03,214.9003,0,1.155805e+17,2.566403e+01,1.155805e+17,-1.177583e+26
weak,0.1,4.888,24,10,5.231769e-03,214.9003,0,9.628557e+20,2.137969e+05,9.628557e+20,-1.177581e+26
weak,0.1,4.888,24,20,5.231769e-03,214.9003,0,1.705362e+26,3.786664e+10,1.705362e+26,-1.768791e+26
weak,0.1,4.888,26,5,5.231769e-03,170.7013,0,1.103786e+16,2.450896e+00,1.103786e+16,-4.805484e+23
weak,0.1,4.888,26,10,5.231769e-03,170.7013,0,2.907778e+19,6.456563e+03,2.907778e+19,-4.805397e+23
weak,0.1,4.888,26,20,5.231769e-03,170.7013,0,6.789168e+23,1.507498e+08,6.789168e+23,-7.005942e+23
weak,0.1,4.888,28,5,5.231769e-03,135.5929,0,1.054107e+15,2.340588e-01,1.054107e+15,-1.961023e+21
weak,0.1,4.888,28,10,5.231769e-03,135.5929,0,8.781348e+17,1.949851e+02,8.781348e+17,-1.960686e+21
weak,0.1,4.888,28,20,5.231769e-03,135.5929,0,2.702816e+21,6.001458e+05,2.702816e+21,-2.776632e+21
weak,0.1,4.888,30,5,5.231769e-03,107.7053,0,1.006664e+14,2.235244e-02,1.006664e+14,-8.002529e+18
weak,0.1,4.888,30,10,5.231769e-03,107.7053,0,2.651925e+16,5.888456e+00,2.651925e+16,-7.989548e+18
weak,0.1,4.888,30,20,5.231769e-03,107.7053,0,1.076011e+19,2.389223e+03,1.076011e+19,-1.101056e+19
weak,0.1,4.888,32,5,5.231769e-03,85.5533,0,9.613570e+12,2.134641e-03,9.613570e+12,-3.265440e+16
weak,0.1,4.888,32,10,5.231769e-03,85.5533,0,8.008684e+14,1.778285e-01,8.008684e+14,-3.215428e+16
weak,0.1,4.888,32,20,5.231769e-03,85.5533,0,4.283675e+16,9.511670e+00,4.283675e+16,-4.368353e+16
weak,0.1,4.888,34,5,5.231769e-03,67.9574,0,9.180888e+11,2.038567e-04,9.180888e+11,-1.329708e+14
weak,0.1,4.888,34,10,5.231769e-03,67.9574,0,2.418584e+13,5.370335e-03,2.418584e+13,-1.138051e+14
weak,0.1,4.888,34,20,5.231769e-03,67.9574,0,1.705362e+14,3.786664e-02,1.705362e+14,-1.733892e+14
weak,0.1,4.888,36,5,5.231769e-03,53.9805,0,8.767680e+10,1.946816e-05,8.767680e+10,-5.078692e+11
weak,0.1,4.888,36,10,5.231769e-03,53.9805,0,7.304007e+11,1.621815e-04,7.304007e+11,2.112426e+11
weak,0.1,4.888,36,20,5.231769e-03,53.9805,0,7.440807e+11,1.652191e-04,6.789168e+11,-6.884973e+11
weak,0.1,4.888,38,5,5.231769e-03,42.8782,0,8.373069e+09,1.859195e-06,8.373069e+09,2.168249e+09
weak,0.1,4.888,38,10,5.231769e-03,42.8782,0,2.457062e+10,5.455775e-06,2.457062e+10,2.713457e+10
weak,0.1,4.888,38,20,5.231769e-03,42.8782,0,2.457062e+10,5.455775e-06,2.702816e+09,-2.734882e+09
weak,0.1,4.888,40,5,5.231769e-03,34.0594,0,7.996219e+08,1.775517e-07,7.996219e+08,5.271827e+08
weak,0.1,4.888,40,10,5.231769e-03,34.0594,0,1.203850e+09,2.673084e-07,9.781742e+08,1.134329e+09
weak,0.1,4.888,40,20,5.231769e-03,34.0594,0,1.203850e+09,2.673084e-07,1.076011e+07,-1.086709e+07
weak,0.1,4.888,42,5,5.231769e-03,27.0543,0,7.636330e+07,1.695606e-08,7.636330e+07,6.562494e+07
weak,0.1,4.888,42,10,5.231769e-03,27.0543,0,8.201571e+07,1.821115e-08,3.894182e+07,4.458683e+07
weak,0.1,4.888,42,20,5.231769e-03,27.0543,0,8.201571e+07,1.821115e-08,4.283675e+04,-4.319234e+04
weak,0.1,4.888,44,5,5.231769e-03,21.4900,0,7.292639e+06,1.619291e-09,7.292639e+06,8.055691e+06
weak,0.1,4.888,44,10,5.231769e-03,21.4900,0,7.343178e+06,1.630513e-09,1.550302e+06,1.744739e+06
weak,0.1,4.888,44,20,5.231769e-03,21.4900,0,7.343178e+06,1.630513e-09,1.705362e+02,-1.714641e+02
weak,0.1,4.888,46,5,5.231769e-03,17.0701,0,8.300381e+05,1.843055e-10,8.300381e+05,9.903001e+05
weak,0.1,4.888,46,10,5.231769e-03,17.0701,0,8.300381e+05,1.843055e-10,6.171862e+04,6.835449e+04
weak,0.1,4.888,46,20,5.231769e-03,17.0701,0,8.300381e+05,1.843055e-10,6.789168e-01,-4.685029e-01
weak,0.1,4.888,48,5,5.231769e-03,13.5593,0,1.143077e+05,2.538141e-11,1.044956e+05,1.219795e+05
weak,0.1,4.888,48,10,5.231769e-03,13.5593,0,1.143077e+05,2.538141e-11,2.457062e+03,2.682641e+03
weak,0.1,4.888,48,20,5.231769e-03,13.5593,0,1.143077e+05,2.538141e-11,2.702816e-03,1.739443e-01
weak,0.1,4.888,50,5,5.231769e-03,10.7705,0,1.821254e+04,4.043997e-12,1.315522e+04,1.505447e+04
weak,0.1,4.888,50,10,5.231769e-03,10.7705,0,1.821254e+04,4.043997e-12,9.781742e+01,1.055841e+02
weak,0.1,4.888,50,20,5.231769e-03,10.7705,0,1.821254e+04,4.043997e-12,1.076011e-05,1.410797e-01
weak,0.2,0.5,20,5,1.251839e-01,14.2343,0,3.589087e+03,7.969373e-13,2.881619e+03,-3.324824e+03
weak,0.2,0.5,20,10,1.251839e-01,14.2343,0,3.589087e+03,7.969373e-13,3.651734e+01,-3.916297e+01
weak,0.2,0.5,20,20,1.251839e-01,14.2343,0,3.589087e+03,7.969373e-13,4.106400e-07,4.185614e-01
weak,0.2,0.5,22,5,1.251839e-01,11.3067,0,6.493905e+02,1.441937e-13,3.627743e+02,-4.104427e+02
weak,0.2,0.5,22,10,1.251839e-01,11.3067,0,6.493905e+02,1.441937e-13,1.453782e+00,-1.153152e+00
weak,0.2,0.5,22,20,1.251839e-01,11.3067,0,6.493905e+02,1.441937e-13,1.634787e-09,4.040680e-01
weak,0.2,0.5,24,5,1.251839e-01,8.9813,0,1.290914e+02,2.866406e-14,4.567058e+01,-5.046934e+01
weak,0.2,0.5,24,10,1.251839e-01,8.9813,0,1.290914e+02,2.866406e-14,5.787608e-02,3.271274e-01
weak,0.2,0.5,24,20,1.251839e-01,8.9813,0,1.290914e+02,2.866406e-14,6.508206e-12,3.884821e-01
weak,0.2,0.5,26,5,1.251839e-01,7.1341,0,3.081976e+01,6.843361e-15,5.749585e+00,-5.934906e+00
weak,0.2,0.5,26,10,1.251839e-01,7.1341,0,3.081976e+01,6.843361e-15,2.304088e-03,3.696712e-01
weak,0.2,0.5,26,20,1.251839e-01,7.1341,1,3.081976e+01,6.843361e-15,2.590963e-14,3.720918e-01
weak,0.2,0.5,28,5,1.251839e-01,5.6668,0,7.705241e+00,1.710907e-15,7.238299e-01,-4.282777e-01
weak,0.2,0.5,28,10,1.251839e-01,5.6668,0,7.705241e+00,1.710907e-15,9.172741e-05,3.551141e-01
weak,0.2,0.5,28,20,1.251839e-01,5.6668,1,7.705241e+00,1.710907e-15,1.031481e-16,3.552097e-01
weak,0.2,0.5,30,5,1.251839e-01,4.5013,0,2.136632e+00,4.744275e-16,9.112478e-02,2.406565e-01
weak,0.2,0.5,30,10,1.251839e-01,4.5013,0,2.136632e+00,4.744275e-16,3.651734e-06,3.381375e-01
weak,0.2,0.5,30,20,1.251839e-01,4.5013,1,2.136632e+00,4.744275e-16,4.106400e-19,3.381413e-01
weak,0.2,0.5,32,5,1.251839e-01,3.5755,0,6.452524e-01,1.432748e-16,1.147193e-02,3.090120e-01
weak,0.2,0.5,32,10,1.251839e-01,3.5755,0,6.452524e-01,1.432748e-16,1.453782e-07,3.211592e-01
weak,0.2,0.5,32,20,1.251839e-01,3.5755,1,6.452524e-01,1.432748e-16,1.634787e-21,3.211594e-01
weak,0.2,0.5,34,5,1.251839e-01,2.8401,0,2.029796e-01,4.507052e-17,1.444230e-03,3.029722e-01
weak,0.2,0.5,34,10,1.251839e-01,2.8401,0,2.029796e-01,4.507052e-17,5.787608e-09,3.044879e-01
weak,0.2,0.5,34,20,1.251839e-01,2.8401,1,2.029796e-01,4.507052e-17,6.508206e-24,3.044879e-01
weak,0.2,0.5,36,5,1.251839e-01,2.2560,0,6.418777e-02,1.425255e-17,1.818178e-04,2.881069e-01
weak,0.2,0.5,36,10,1.251839e-01,2.2560,0,6.418777e-02,1.425255e-17,2.304088e-10,2.882963e-01
weak,0.2,0.5,36,20,1.251839e-01,2.2560,1,6.418777e-02,1.425255e-17,2.590963e-26,2.882963e-01
weak,0.2,0.5,38,5,1.251839e-01,1.7920,0,2.202150e-02,4.889755e-18,2.288951e-05,2.726776e-01
weak,0.2,0.5,38,10,1.251839e-01,1.7920,1,2.202150e-02,4.889755e-18,9.172741e-12,2.727013e-01
weak,0.2,0.5,38,20,1.251839e-01,1.7920,1,2.202150e-02,4.889755e-18,1.031481e-28,2.727013e-01
weak,0.2,0.5,40,5,1.251839e-01,1.4234,0,8.372341e-03,1.859033e-18,2.881619e-06,2.577718e-01
weak,0.2,0.5,40,10,1.251839e-01,1.4234,1,8.372341e-03,1.859033e-18,3.651734e-13,2.577747e-01
weak,0.2,0.5,40,20,1.251839e-01,1.4234,1,8.372341e-03,1.859033e-18,4.106400e-31,2.577747e-01
weak,0.2,0.5,42,5,1.251839e-01,1.1307,0,3.183075e-03,7.067847e-19,3.627743e-07,2.435524e-01
weak,0.2,0.5,42,10,1.251839e-01,1.1307,1,3.183075e-03,7.067847e-19,1.453782e-14,2.435527e-01
weak,0.2,0.5,42,20,1.251839e-01,1.1307,1,3.183075e-03,7.067847e-19,1.634787e-33,2.435527e-01
weak,0.2,0.5,44,5,1.251839e-01,0.8981,0,1.210171e-03,2.687120e-19,4.567058e-08,2.300451e-01
weak,0.2,0.5,44,10,1.251839e-01,0.8981,1,1.210171e-03,2.687120e-19,5.787608e-16,2.300452e-01
weak,0.2,0.5,44,20,1.251839e-01,0.8981,1,1.210171e-03,2.687120e-19,6.508206e-36,2.300452e-01
weak,0.2,0.5,46,5,1.251839e-01,0.7134,0,4.790865e-04,1.063786e-19,5.749585e-09,2.172440e-01
weak,0.2,0.5,46,10,1.251839e-01,0.7134,1,4.790865e-04,1.063786e-19,2.304088e-17,2.172440e-01
weak,0.2,0.5,46,20,1.251839e-01,0.7134,1,4.790865e-04,1.063786e-19,2.590963e-38,2.172440e-01
weak,0.2,0.5,48,5,1.251839e-01,0.5667,0,1.907278e-04,4.235007e-20,7.238299e-10,2.051299e-01
weak,0.2,0.5,48,10,1.251839e-01,0.5667,1,1.907278e-04,4.235007e-20,9.172741e-19,2.051299e-01
weak,0.2,0.5,48,20,1.251839e-01,0.5667,1,1.907278e-04,4.235007e-20,1.031481e-40,2.051299e-01
weak,0.2,0.5,50,5,1.251839e-01,0.4501,1,7.593009e-05,1.685987e-20,9.112478e-11,1.936765e-01
weak,0.2,0.5,50,10,1.251839e-01,0.4501,1,7.593009e-05,1.685987e-20,3.651734e-20,1.936765e-01
weak,0.2,0.5,50,20,1.251839e-01,0.4501,1,7.593009e-05,1.685987e-20,4.106400e-43,1.936765e-01
weak,0.2,0.628,20,5,7.928196e-02,22.4756,0,2.859766e+05,6.349956e-11,2.819745e+05,-3.396151e+05
weak,0.2,0.628,20,10,7.928196e-02,22.4756,0,2.859766e+05,6.349956e-11,3.485796e+04,-3.886565e+04
weak,0.2,0.628,20,20,7.928196e-02,22.4756,0,2.859766e+05,6.349956e-11,3.758980e-02,3.805185e-01
weak,0.2,0.628,22,5,7.928196e-02,17.8530,0,3.619989e+04,8.037989e-12,3.549849e+04,-4.179795e+04
weak,0.2,0.628,22,10,7.928196e-02,17.8530,0,3.619989e+04,8.037989e-12,1.387720e+03,-1.523684e+03
weak,0.2,0.628,22,20,7.928196e-02,17.8530,0,3.619989e+04,8.037989e-12,1.496477e-04,4.039436e-01
weak,0.2,0.628,24,5,7.928196e-02,14.1811,0,5.599178e+03,1.243267e-12,4.468995e+03,-5.154161e+03
weak,0.2,0.628,24,10,7.928196e-02,14.1811,0,5.599178e+03,1.243267e-12,5.524614e+01,-5.948119e+01
weak,0.2,0.628,24,20,7.928196e-02,14.1811,0,5.599178e+03,1.243267e-12,5.957583e-07,3.859976e-01
weak,0.2,0.628,26,5,7.928196e-02,11.2645,0,1.018350e+03,2.261191e-13,5.626131e+02,-6.365280e+02
weak,0.2,0.628,26,10,7.928196e-02,11.2645,0,1.018350e+03,2.261191e-13,2.199389e+00,-1.989097e+00
weak,0.2,0.628,26,20,7.928196e-02,11.2645,0,1.018350e+03,2.261191e-13,2.371756e-09,3.662739e-01
weak,0.2,0.628,28,5,7.928196e-02,8.9477,0,2.029539e+02,4.506481e-14,7.082879e+01,-7.849798e+01
weak,0.2,0.628,28,10,7.928196e-02,8.9477,0,2.029539e+02,4.506481e-14,8.755924e-02,2.525102e-01
weak,0.2,0.628,28,20,7.928196e-02,8.9477,0,2.029539e+02,4.506481e-14,9.442132e-12,3.453147e-01
weak,0.2,0.628,30,5,7.928196e-02,7.1074,0,4.868524e+01,1.081029e-14,8.916817e+00,-9.454378e+00
weak,0.2,0.628,30,10,7.928196e-02,7.1074,0,4.868524e+01,1.081029e-14,3.485796e-03,3.199197e-01
weak,0.2,0.628,30,20,7.928196e-02,7.1074,1,4.868524e+01,1.081029e-14,3.758980e-14,3.235812e-01
weak,0.2,0.628,32,5,7.928196e-02,5.6456,0,1.219145e+01,2.707045e-15,1.122561e+00,-9.131602e-01
weak,0.2,0.628,32,10,7.928196e-02,5.6456,0,1.219145e+01,2.707045e-15,1.387720e-04,3.014119e-01
weak,0.2,0.628,32,20,7.928196e-02,5.6456,1,1.219145e+01,2.707045e-15,1.496477e-16,3.015565e-01
weak,0.2,0.628,34,5,7.928196e-02,4.4845,0,3.404952e+00,7.560512e-16,1.413220e-01,1.285514e-01
weak,0.2,0.628,34,10,7.928196e-02,4.4845,0,3.404952e+00,7.560512e-16,5.524614e-06,2.796915e-01
weak,0.2,0.628,34,20,7.928196e-02,4.4845,1,3.404952e+00,7.560512e-16,5.957583e-19,2.796972e-01
weak,0.2,0.628,36,5,7.928196e-02,3.5621,0,1.028279e+00,2.283238e-16,1.779139e-02,2.395606e-01
weak,0.2,0.628,36,10,7.928196e-02,3.5621,0,1.028279e+00,2.283238e-16,2.199389e-07,2.583951e-01
weak,0.2,0.628,36,20,7.928196e-02,3.5621,1,1.028279e+00,2.283238e-16,2.371756e-21,2.583953e-01
weak,0.2,0.628,38,5,7.928196e-02,2.8295,0,3.241220e-01,7.196955e-17,2.239803e-03,2.356061e-01
weak,0.2,0.628,38,10,7.928196e-02,2.8295,0,3.241220e-01,7.196955e-17,8.755924e-09,2.379563e-01
weak,0.2,0.628,38,20,7.928196e-02,2.8295,1,3.241220e-01,7.196955e-17,9.442132e-24,2.379563e-01
weak,0.2,0.628,40,5,7.928196e-02,2.2476,0,1.024964e-01,2.275877e-17,2.819745e-04,2.183003e-01
weak,0.2,0.628,40,10,7.928196e-02,2.2476,0,1.024964e-01,2.275877e-17,3.485796e-10,2.185939e-01
weak,0.2,0.628,40,20,7.928196e-02,2.2476,1,1.024964e-01,2.275877e-17,3.758980e-26,2.185939e-01
weak,0.2,0.628,42,5,7.928196e-02,1.7853,0,3.549523e-02,7.881525e-18,3.549849e-05,2.003995e-01
weak,0.2,0.628,42,10,7.928196e-02,1.7853,1,3.549523e-02,7.881525e-18,1.387720e-11,2.004363e-01
weak,0.2,0.628,42,20,7.928196e-02,1.7853,1,3.549523e-02,7.881525e-18,1.496477e-28,2.004363e-01
weak,0.2,0.628,44,5,7.928196e-02,1.4181,0,1.349491e-02,2.996472e-18,4.468995e-06,1.835364e-01
weak,0.2,0.628,44,10,7.928196e-02,1.4181,1,1.349491e-02,2.996472e-18,5.524614e-13,1.835410e-01
weak,0.2,0.628,44,20,7.928196e-02,1.4181,1,1.349491e-02,2.996472e-18,5.957583e-31,1.835410e-01
weak,0.2,0.628,46,5,7.928196e-02,1.1264,0,5.130622e-03,1.139227e-18,5.626131e-07,1.679112e-01
weak,0.2,0.628,46,10,7.928196e-02,1.1264,1,5.130622e-03,1.139227e-18,2.199389e-14,1.679118e-01
weak,0.2,0.628,46,20,7.928196e-02,1.1264,1,5.130622e-03,1.139227e-18,2.371756e-33,1.679118e-01
weak,0.2,0.628,48,5,7.928196e-02,0.8948,0,1.950608e-03,4.331220e-19,7.082879e-08,1.535145e-01
weak,0.2,0.628,48,10,7.928196e-02,0.8948,1,1.950608e-03,4.331220e-19,8.755924e-16,1.535145e-01
weak,0.2,0.628,48,20,7.928196e-02,0.8948,1,1.950608e-03,4.331220e-19,9.442132e-36,1.535145e-01
weak,0.2,0.628,50,5,7.928196e-02,0.7107,0,7.743581e-04,1.719420e-19,8.916817e-09,1.402916e-01
weak,0.2,0.628,50,10,7.928196e-02,0.7107,1,7.743581e-04,1.719420e-19,3.485796e-17,1.402916e-01
weak,0.2,0.628,50,20,7.928196e-02,0.7107,1,7.743581e-04,1.719420e-19,3.758980e-38,1.402916e-01
weak,0.2,0.789,20,5,5.021007e-02,35.4891,0,4.530633e+07,1.006003e-08,4.530633e+07,-3.533679e+07
weak,0.2,0.789,20,10,5.021007e-02,35.4891,0,5.345713e+07,1.186987e-08,3.351590e+07,-3.871077e+07
weak,0.2,0.789,20,20,5.021007e-02,35.4891,0,5.345713e+07,1.186987e-08,3.457233e+03,-3.738504e+03
weak,0.2,0.789,22,5,5.021007e-02,28.1900,0,4.326721e+06,9.607251e-10,4.326721e+06,-4.332205e+06
weak,0.2,0.789,22,10,5.021007e-02,28.1900,0,4.326721e+06,9.607251e-10,1.334292e+06,-1.512498e+06
weak,0.2,0.789,22,20,5.021007e-02,28.1900,0,4.326721e+06,9.607251e-10,1.376349e+01,-1.430280e+01
weak,0.2,0.789,24,5,5.021007e-02,22.3921,0,4.478105e+05,9.943392e-11,4.421458e+05,-5.321620e+05
weak,0.2,0.789,24,10,5.021007e-02,22.3921,0,4.478105e+05,9.943392e-11,5.311912e+04,-5.920636e+04
weak,0.2,0.789,24,20,5.021007e-02,22.3921,0,4.478105e+05,9.943392e-11,5.479345e-02,3.346383e-01
weak,0.2,0.789,26,5,5.021007e-02,17.7867,0,5.709128e+04,1.267681e-11,5.566286e+04,-6.549965e+04
weak,0.2,0.789,26,10,5.021007e-02,17.7867,0,5.709128e+04,1.267681e-11,2.114710e+03,-2.321441e+03
weak,0.2,0.789,26,20,5.021007e-02,17.7867,0,5.709128e+04,1.267681e-11,2.181366e-04,3.710591e-01
weak,0.2,0.789,28,5,5.021007e-02,14.1285,0,8.844110e+03,1.963787e-12,7.007538e+03,-8.077541e+03
weak,0.2,0.789,28,10,5.021007e-02,14.1285,0,8.844110e+03,1.963787e-12,8.418813e+01,-9.085779e+01
weak,0.2,0.789,28,20,5.021007e-02,14.1285,0,8.844110e+03,1.963787e-12,8.684176e-07,3.477180e-01
weak,0.2,0.789,30,5,5.021007e-02,11.2226,0,1.619204e+03,3.595355e-13,8.821968e+02,-9.978355e+02
weak,0.2,0.789,30,10,5.021007e-02,11.2226,0,1.619204e+03,3.595355e-13,3.351590e+00,-3.266050e+00
weak,0.2,0.789,30,20,5.021007e-02,11.2226,0,1.619204e+03,3.595355e-13,3.457233e-09,3.223906e-01
weak,0.2,0.789,32,5,5.021007e-02,8.9145,0,3.258522e+02,7.235372e-14,1.110620e+02,-1.232761e+02
weak,0.2,0.789,32,10,5.021007e-02,8.9145,0,3.258522e+02,7.235372e-14,1.334292e-01,1.545274e-01
weak,0.2,0.789,32,20,5.021007e-02,8.9145,0,3.258522e+02,7.235372e-14,1.376349e-11,2.959207e-01
weak,0.2,0.789,34,5,5.021007e-02,7.0810,0,7.816649e+01,1.735645e-14,1.398188e+01,-1.505690e+01
weak,0.2,0.789,34,10,5.021007e-02,7.0810,0,7.816649e+01,1.735645e-14,5.311912e-03,2.634292e-01
weak,0.2,0.789,34,20,5.021007e-02,7.0810,1,7.816649e+01,1.735645e-14,5.479345e-14,2.690080e-01
weak,0.2,0.789,36,5,5.021007e-02,5.6246,0,1.961716e+01,4.355885e-15,1.760214e+00,-1.661678e+00
weak,0.2,0.789,36,10,5.021007e-02,5.6246,0,1.961716e+01,4.355885e-15,2.114710e-04,2.421322e-01
weak,0.2,0.789,36,20,5.021007e-02,5.6246,1,1.961716e+01,4.355885e-15,2.181366e-16,2.423526e-01
weak,0.2,0.789,38,5,5.021007e-02,4.4678,0,5.534305e+00,1.228863e-15,2.215978e-01,-2.034359e-02
weak,0.2,0.789,38,10,5.021007e-02,4.4678,0,5.534305e+00,1.228863e-15,8.418813e-06,2.165747e-01
weak,0.2,0.789,38,20,5.021007e-02,4.4678,1,5.534305e+00,1.228863e-15,8.684176e-19,2.165835e-01
weak,0.2,0.789,40,5,5.021007e-02,3.5489,0,1.671333e+00,3.711106e-16,2.789751e-02,1.626807e-01
weak,0.2,0.789,40,10,5.021007e-02,3.5489,0,1.671333e+00,3.711106e-16,3.351590e-07,1.922056e-01
weak,0.2,0.789,40,20,5.021007e-02,3.5489,1,1.671333e+00,3.711106e-16,3.457233e-21,1.922060e-01
weak,0.2,0.789,42,5,5.021007e-02,2.8190,0,5.283539e-01,1.173181e-16,3.512089e-03,1.658926e-01
weak,0.2,0.789,42,10,5.021007e-02,2.8190,0,5.283539e-01,1.173181e-16,1.334292e-08,1.695769e-01
weak,0.2,0.789,42,20,5.021007e-02,2.8190,1,5.283539e-01,1.173181e-16,1.376349e-23,1.695769e-01
weak,0.2,0.789,44,5,5.021007e-02,2.2392,0,1.670802e-01,3.709925e-17,4.421458e-04,1.484440e-01
weak,0.2,0.789,44,10,5.021007e-02,2.2392,0,1.670802e-01,3.709925e-17,5.311912e-10,1.489043e-01
weak,0.2,0.789,44,20,5.021007e-02,2.2392,1,1.670802e-01,3.709925e-17,5.479345e-26,1.489043e-01
weak,0.2,0.789,46,5,5.021007e-02,1.7787,0,5.867643e-02,1.302878e-17,5.566286e-05,1.302086e-01
weak,0.2,0.789,46,10,5.021007e-02,1.7787,1,5.867643e-02,1.302878e-17,2.114710e-11,1.302662e-01
weak,0.2,0.789,46,20,5.021007e-02,1.7787,1,5.867643e-02,1.302878e-17,2.181366e-28,1.302662e-01
weak,0.2,0.789,48,5,5.021007e-02,1.4128,0,2.230816e-02,4.953406e-18,7.007538e-06,1.136312e-01
weak,0.2,0.789,48,10,5.021007e-02,1.4128,1,2.230816e-02,4.953406e-18,8.418813e-13,1.136384e-01
weak,0.2,0.789,48,20,5.021007e-02,1.4128,1,2.230816e-02,4.953406e-18,8.684176e-31,1.136384e-01
weak,0.2,0.789,50,5,5.021007e-02,1.1223,0,8.481325e-03,1.883232e-18,8.821968e-07,9.892441e-02
weak,0.2,0.789,50,10,5.021007e-02,1.1223,1,8.481325e-03,1.883232e-18,3.351590e-14,9.892531e-02
weak,0.2,0.789,50,20,5.021007e-02,1.1223,1,8.481325e-03,1.883232e-18,3.457233e-33,9.892531e-02
weak,0.2,0.992,20,5,3.175879e-02,56.1076,0,7.957827e+09,1.766993e-06,7.957827e+09,-3.816415e+09
weak,0.2,0.992,20,10,3.175879e-02,56.1076,0,3.361368e+10,7.463736e-06,3.318913e+10,-4.001067e+10
weak,0.2,0.992,20,20,3.175879e-02,56.1076,0,3.361368e+10,7.463736e-06,3.300752e+08,-3.669805e+08
weak,0.2,0.992,22,5,3.175879e-02,44.5678,0,7.599666e+08,1.687465e-07,7.599666e+08,-4.661529e+08
weak,0.2,0.992,22,10,3.175879e-02,44.5678,0,1.434482e+09,3.185190e-07,1.321283e+09,-1.557285e+09
weak,0.2,0.992,22,20,3.175879e-02,44.5678,0,1.434482e+09,3.185190e-07,1.314053e+06,-1.439587e+06
weak,0.2,0.992,24,5,3.175879e-02,35.4015,0,7.257625e+07,1.611516e-08,7.257625e+07,-5.704335e+07
weak,0.2,0.992,24,10,3.175879e-02,35.4015,0,8.510604e+07,1.889734e-08,5.260122e+07,-6.073107e+07
weak,0.2,0.992,24,20,3.175879e-02,35.4015,0,8.510604e+07,1.889734e-08,5.231339e+03,-5.656244e+03
weak,0.2,0.992,26,5,3.175879e-02,28.1204,0,6.930978e+06,1.538986e-09,6.930978e+06,-6.993835e+06
weak,0.2,0.992,26,10,3.175879e-02,28.1204,0,6.930978e+06,1.538986e-09,2.094092e+06,-2.372959e+06
weak,0.2,0.992,26,20,3.175879e-02,28.1204,0,6.930978e+06,1.538986e-09,2.082633e+01,-2.187536e+01
weak,0.2,0.992,28,5,3.175879e-02,22.3368,0,7.224268e+05,1.604110e-10,7.143912e+05,-8.591703e+05
weak,0.2,0.992,28,10,3.175879e-02,22.3368,0,7.224268e+05,1.604110e-10,8.336732e+04,-9.289245e+04
weak,0.2,0.992,28,20,3.175879e-02,22.3368,0,7.224268e+05,1.604110e-10,8.291113e-02,2.749974e-01
weak,0.2,0.992,30,5,3.175879e-02,17.7428,0,9.286924e+04,2.062111e-11,8.993653e+04,-1.057558e+05
weak,0.2,0.992,30,10,3.175879e-02,17.7428,0,9.286924e+04,2.062111e-11,3.318913e+03,-3.642610e+03
weak,0.2,0.992,30,20,3.175879e-02,17.7428,0,9.286924e+04,2.062111e-11,3.300752e-04,3.359121e-01
weak,0.2,0.992,32,5,3.175879e-02,14.0936,0,1.441322e+04,3.200378e-12,1.132234e+04,-1.304308e+04
weak,0.2,0.992,32,10,3.175879e-02,14.0936,0,1.441322e+04,3.200378e-12,1.321283e+02,-1.427995e+02
weak,0.2,0.992,32,20,3.175879e-02,14.0936,0,1.441322e+04,3.200378e-12,1.314053e-06,3.074403e-01
weak,0.2,0.992,34,5,3.175879e-02,11.1949,0,2.665474e+03,5.918540e-13,1.425398e+03,-1.611554e+03
weak,0.2,0.992,34,10,3.175879e-02,11.1949,0,2.665474e+03,5.918540e-13,5.260122e+00,-5.353621e+00
weak,0.2,0.992,34,20,3.175879e-02,11.1949,0,2.665474e+03,5.918540e-13,5.231339e-09,2.770255e-01
weak,0.2,0.992,36,5,3.175879e-02,8.8925,0,5.424285e+02,1.204433e-13,1.794470e+02,-1.993112e+02
weak,0.2,0.992,36,10,3.175879e-02,8.8925,0,5.424285e+02,1.204433e-13,2.094092e-01,2.405310e-02
weak,0.2,0.992,36,20,3.175879e-02,8.8925,0,5.424285e+02,1.204433e-13,2.082633e-11,2.459205e-01
weak,0.2,0.992,38,5,3.175879e-02,7.0635,0,1.304048e+02,2.895569e-14,2.259103e+01,-2.453622e+01
weak,0.2,0.992,38,10,3.175879e-02,7.0635,0,1.304048e+02,2.895569e-14,8.336732e-03,2.063450e-01
weak,0.2,0.992,38,20,3.175879e-02,7.0635,1,1.304048e+02,2.895569e-14,8.291113e-14,2.150991e-01
weak,0.2,0.992,40,5,3.175879e-02,5.6108,0,3.275622e+01,7.273341e-15,2.844043e+00,-2.889696e+00
weak,0.2,0.992,40,10,3.175879e-02,5.6108,0,3.275622e+01,7.273341e-15,3.318913e-04,1.851329e-01
weak,0.2,0.992,40,20,3.175879e-02,5.6108,1,3.275622e+01,7.273341e-15,3.300752e-16,1.854787e-01
weak,0.2,0.992,42,5,3.175879e-02,4.4568,0,9.377449e+00,2.082212e-15,3.580438e-01,-2.248544e-01
weak,0.2,0.992,42,10,3.175879e-02,4.4568,0,9.377449e+00,2.082212e-15,1.321283e-05,1.578089e-01
weak,0.2,0.992,42,20,3.175879e-02,4.4568,1,9.377449e+00,2.082212e-15,1.314053e-18,1.578225e-01
weak,0.2,0.992,44,5,3.175879e-02,3.5401,0,2.843584e+00,6.314025e-16,4.507504e-02,8.498713e-02
weak,0.2,0.992,44,10,3.175879e-02,3.5401,0,2.843584e+00,6.314025e-16,5.260122e-07,1.326771e-01
weak,0.2,0.992,44,20,3.175879e-02,3.5401,1,2.843584e+00,6.314025e-16,5.231339e-21,1.326777e-01
weak,0.2,0.992,46,5,3.175879e-02,2.8120,0,8.992202e-01,1.996670e-16,5.674611e-03,1.044048e-01
weak,0.2,0.992,46,10,3.175879e-02,2.8120,0,8.992202e-01,1.996670e-16,2.094092e-08,1.103561e-01
weak,0.2,0.992,46,20,3.175879e-02,2.8120,1,8.992202e-01,1.996670e-16,2.082633e-23,1.103562e-01
weak,0.2,0.992,48,5,3.175879e-02,2.2337,0,2.843584e-01,6.314025e-17,7.143912e-04,9.020962e-02
weak,0.2,0.992,48,10,3.175879e-02,2.2337,0,2.843584e-01,6.314025e-17,8.336732e-10,9.095318e-02
weak,0.2,0.992,48,20,3.175879e-02,2.2337,1,2.843584e-01,6.314025e-17,8.291113e-26,9.095318e-02
weak,0.2,0.992,50,5,3.175879e-02,1.7743,0,1.021165e-01,2.267441e-17,8.993653e-05,7.429638e-02
weak,0.2,0.992,50,10,3.175879e-02,1.7743,1,1.021165e-01,2.267441e-17,3.318913e-11,7.438939e-02
weak,0.2,0.992,50,20,3.175879e-02,1.7743,1,1.021165e-01,2.267441e-17,3.300752e-28,7.438939e-02
weak,0.2,1.266,20,5,1.949829e-02,91.3880,0,2.013105e+12,4.469991e-04,2.013105e+12,-5.818636e+11
weak,0.2,1.266,20,10,1.949829e-02,91.3880,0,9.362132e+13,2.078811e-02,9.362132e+13,-6.678922e+13
weak,0.2,1.266,20,20,1.949829e-02,91.3880,0,1.951230e+14,4.332600e-02,6.715975e+13,-7.749012e+13
weak,0.2,1.266,22,5,1.949829e-02,72.5921,0,1.922500e+11,4.268809e-05,1.922500e+11,-7.082072e+10
weak,0.2,1.266,22,10,1.949829e-02,72.5921,0,2.827319e+12,6.277909e-04,2.827319e+12,-2.588906e+12
weak,0.2,1.266,22,20,1.949829e-02,72.5921,0,3.206136e+12,7.119052e-04,2.673678e+11,-3.028150e+11
weak,0.2,1.266,24,5,1.949829e-02,57.6619,0,1.835974e+10,4.076680e-06,1.835974e+10,-8.634040e+09
weak,0.2,1.266,24,10,1.949829e-02,57.6619,0,8.538366e+10,1.895898e-05,8.538366e+10,-1.005469e+11
weak,0.2,1.266,24,20,1.949829e-02,57.6619,0,8.611173e+10,1.912065e-05,1.064410e+09,-1.185536e+09
weak,0.2,1.266,26,5,1.949829e-02,45.8025,0,1.753341e+09,3.893200e-07,1.753341e+09,-1.054458e+09
weak,0.2,1.266,26,10,1.949829e-02,45.8025,0,3.513771e+09,7.802138e-07,3.312333e+09,-3.912675e+09
weak,0.2,1.266,26,20,1.949829e-02,45.8025,0,3.513771e+09,7.802138e-07,4.237494e+06,-4.649694e+06
weak,0.2,1.266,28,5,1.949829e-02,36.3822,0,1.674428e+08,3.717977e-08,1.674428e+08,-1.290165e+08
weak,0.2,1.266,28,10,1.949829e-02,36.3822,0,2.022543e+08,4.490947e-08,1.318664e+08,-1.525562e+08
weak,0.2,1.266,28,20,1.949829e-02,36.3822,0,2.022543e+08,4.490947e-08,1.686977e+04,-1.826654e+04
weak,0.2,1.266,30,5,1.949829e-02,28.8994,0,1.599066e+07,3.550640e-09,1.599066e+07,-1.581586e+07
weak,0.2,1.266,30,10,1.949829e-02,28.8994,0,1.599066e+07,3.550640e-09,5.249695e+06,-5.959702e+06
weak,0.2,1.266,30,20,1.949829e-02,28.8994,0,1.599066e+07,3.550640e-09,6.715975e+01,-7.151335e+01
weak,0.2,1.266,32,5,1.949829e-02,22.9556,0,1.636135e+06,3.632950e-10,1.612394e+06,-1.942642e+06
weak,0.2,1.266,32,10,1.949829e-02,22.9556,0,1.636135e+06,3.632950e-10,2.089941e+05,-2.332566e+05
weak,0.2,1.266,32,20,1.949829e-02,22.9556,0,1.636135e+06,3.632950e-10,2.673678e-01,5.275382e-02
weak,0.2,1.266,34,5,1.949829e-02,18.2343,0,2.069946e+05,4.596202e-11,2.029884e+05,-2.390860e+05
weak,0.2,1.266,34,10,1.949829e-02,18.2343,0,2.069946e+05,4.596202e-11,8.320206e+03,-9.145609e+03
weak,0.2,1.266,34,20,1.949829e-02,18.2343,0,2.069946e+05,4.596202e-11,1.064410e-03,3.040819e-01
weak,0.2,1.266,36,5,1.949829e-02,14.4840,0,3.203592e+04,7.113404e-12,2.555473e+04,-2.948299e+04
weak,0.2,1.266,36,10,1.949829e-02,14.4840,0,3.203592e+04,7.113404e-12,3.312333e+02,-3.589487e+02
weak,0.2,1.266,36,20,1.949829e-02,14.4840,0,3.203592e+04,7.113404e-12,4.237494e-06,2.721616e-01
weak,0.2,1.266,38,5,1.949829e-02,11.5051,0,5.858974e+03,1.300954e-12,3.217150e+03,-3.642618e+03
weak,0.2,1.266,38,10,1.949829e-02,11.5051,0,5.858974e+03,1.300954e-12,1.318664e+01,-1.389365e+01
weak,0.2,1.266,38,20,1.949829e-02,11.5051,0,5.858974e+03,1.300954e-12,1.686977e-08,2.379314e-01
weak,0.2,1.266,40,5,1.949829e-02,9.1388,0,1.187406e+03,2.636571e-13,4.050152e+02,-4.507471e+02
weak,0.2,1.266,40,10,1.949829e-02,9.1388,0,1.187406e+03,2.636571e-13,5.249695e-01,-3.530425e-01
weak,0.2,1.266,40,20,1.949829e-02,9.1388,0,1.187406e+03,2.636571e-13,6.715975e-11,2.037110e-01
weak,0.2,1.266,42,5,1.949829e-02,7.2592,0,2.854393e+02,6.338025e-14,5.098839e+01,-5.575381e+01
weak,0.2,1.266,42,10,1.949829e-02,7.2592,0,2.854393e+02,6.338025e-14,2.089941e-02,1.487702e-01
weak,0.2,1.266,42,20,1.949829e-02,7.2592,1,2.854393e+02,6.338025e-14,2.673678e-13,1.707349e-01
weak,0.2,1.266,44,5,1.949829e-02,5.7662,0,7.169911e+01,1.592040e-14,6.419058e+00,-6.807267e+00
weak,0.2,1.266,44,10,1.949829e-02,5.7662,0,7.169911e+01,1.592040e-14,8.320206e-04,1.392205e-01
weak,0.2,1.266,44,20,1.949829e-02,5.7662,1,7.169911e+01,1.592040e-14,1.064410e-15,1.400881e-01
weak,0.2,1.266,46,5,1.949829e-02,4.5802,0,2.063305e+01,4.581458e-15,8.081115e-01,-7.518466e-01
weak,0.2,1.266,46,10,1.949829e-02,4.5802,0,2.063305e+01,4.581458e-15,3.312333e-05,1.125521e-01
weak,0.2,1.266,46,20,1.949829e-02,4.5802,1,2.063305e+01,4.581458e-15,4.237494e-18,1.125864e-01
weak,0.2,1.266,48,5,1.949829e-02,3.6382,0,6.276352e+00,1.393630e-15,1.017352e-01,-1.900356e-02
weak,0.2,1.266,48,10,1.949829e-02,3.6382,0,6.276352e+00,1.393630e-15,1.318664e-06,8.871220e-02
weak,0.2,1.266,48,20,1.949829e-02,3.6382,1,6.276352e+00,1.393630e-15,1.686977e-20,8.871356e-02
weak,0.2,1.266,50,5,1.949829e-02,2.8899,0,1.984757e+00,4.407045e-16,1.280770e-02,5.518204e-02
weak,0.2,1.266,50,10,1.949829e-02,2.8899,0,1.984757e+00,4.407045e-16,5.249695e-08,6.862274e-02
weak,0.2,1.266,50,20,1.949829e-02,2.8899,1,1.984757e+00,4.407045e-16,6.715975e-23,6.862279e-02
weak,0.2,1.548,20,5,1.304110e-02,136.6379,0,2.006126e+14,4.454495e-02,2.006126e+14,-3.863694e+13
weak,0.2,1.548,20,10,1.304110e-02,136.6379,0,6.719457e+16,1.492019e+01,6.719457e+16,-3.130043e+16
weak,0.2,1.548,20,20,1.304110e-02,136.6379,0,1.621148e+18,3.599672e+02,1.621148e+18,-1.940831e+18
weak,0.2,1.548,22,5,1.304110e-02,108.5354,0,1.915836e+13,4.254010e-03,1.915836e+13,-4.690970e+12
weak,0.2,1.548,22,10,1.304110e-02,108.5354,0,2.029244e+15,4.505826e-01,2.029244e+15,-1.209378e+15
weak,0.2,1.548,22,20,1.304110e-02,108.5354,0,9.393229e+15,2.085716e+00,6.453908e+15,-7.558988e+15
weak,0.2,1.548,24,5,1.304110e-02,86.2127,0,1.829609e+12,4.062548e-04,1.829609e+12,-5.703586e+11
weak,0.2,1.548,24,10,1.304110e-02,86.2127,0,6.128218e+13,1.360738e-02,6.128218e+13,-4.681389e+13
weak,0.2,1.548,24,20,1.304110e-02,86.2127,0,1.029157e+14,2.285187e-02,2.569347e+13,-2.949727e+13
weak,0.2,1.548,26,5,1.304110e-02,68.4812,0,1.747263e+11,3.879703e-05,1.747263e+11,-6.945653e+10
weak,0.2,1.548,26,10,1.304110e-02,68.4812,0,1.850692e+12,4.109362e-04,1.850692e+12,-1.815584e+12
weak,0.2,1.548,26,20,1.304110e-02,68.4812,0,1.951477e+12,4.333150e-04,1.022875e+11,-1.153255e+11
weak,0.2,1.548,28,5,1.304110e-02,54.3965,0,1.668623e+10,3.705088e-06,1.668623e+10,-8.472434e+09
weak,0.2,1.548,28,10,1.304110e-02,54.3965,0,5.903629e+10,1.310869e-05,5.876085e+10,-7.055118e+10
weak,0.2,1.548,28,20,1.304110e-02,54.3965,0,5.903629e+10,1.310869e-05,4.072141e+08,-4.517178e+08
weak,0.2,1.548,30,5,1.304110e-02,43.2087,0,1.593523e+09,3.538331e-07,1.593523e+09,-1.035328e+09
weak,0.2,1.548,30,10,1.304110e-02,43.2087,0,2.646422e+09,5.876236e-07,2.339312e+09,-2.746916e+09
weak,0.2,1.548,30,20,1.304110e-02,43.2087,0,2.646422e+09,5.876236e-07,1.621148e+06,-1.772440e+06
weak,0.2,1.548,32,5,1.304110e-02,34.3219,0,1.521802e+08,3.379080e-08,1.521802e+08,-1.267533e+08
weak,0.2,1.548,32,10,1.304110e-02,34.3219,0,1.699996e+08,3.774748e-08,9.312968e+07,-1.071606e+08
weak,0.2,1.548,32,20,1.304110e-02,34.3219,0,1.699996e+08,3.774748e-08,6.453908e+03,-6.965827e+03
weak,0.2,1.548,34,5,1.304110e-02,27.2629,0,1.453310e+07,3.226996e-09,1.453310e+07,-1.554820e+07
weak,0.2,1.548,34,10,1.304110e-02,27.2629,0,1.453310e+07,3.226996e-09,3.707559e+06,-4.188495e+06
weak,0.2,1.548,34,20,1.304110e-02,27.2629,0,1.453310e+07,3.226996e-09,2.569347e+01,-2.708329e+01
weak,0.2,1.548,36,5,1.304110e-02,21.6557,0,1.597969e+06,3.548204e-10,1.597969e+06,-1.910983e+06
weak,0.2,1.548,36,10,1.304110e-02,21.6557,0,1.597969e+06,3.548204e-10,1.476006e+05,-1.640164e+05
weak,0.2,1.548,36,20,1.304110e-02,21.6557,0,1.597969e+06,3.548204e-10,1.022875e-01,1.985328e-01
weak,0.2,1.548,38,5,1.304110e-02,17.2017,0,2.181149e+05,4.843123e-11,2.011724e+05,-2.353396e+05
weak,0.2,1.548,38,10,1.304110e-02,17.2017,0,2.181149e+05,4.843123e-11,5.876085e+03,-6.433861e+03
weak,0.2,1.548,38,20,1.304110e-02,17.2017,0,2.181149e+05,4.843123e-11,4.072141e-04,2.720066e-01
weak,0.2,1.548,40,5,1.304110e-02,13.6638,0,3.520500e+04,7.817081e-12,2.532611e+04,-2.903931e+04
weak,0.2,1.548,40,10,1.304110e-02,13.6638,0,3.520500e+04,7.817081e-12,2.339312e+02,-2.525891e+02
weak,0.2,1.548,40,20,1.304110e-02,13.6638,0,3.520500e+04,7.817081e-12,1.621148e-06,2.366564e-01
weak,0.2,1.548,42,5,1.304110e-02,10.8535,0,6.828681e+03,1.516272e-12,3.188368e+03,-3.590032e+03
weak,0.2,1.548,42,10,1.304110e-02,10.8535,0,6.828681e+03,1.516272e-12,9.312968e+00,-9.749595e+00
weak,0.2,1.548,42,20,1.304110e-02,10.8535,0,6.828681e+03,1.516272e-12,6.453908e-09,2.006437e-01
weak,0.2,1.548,44,5,1.304110e-02,8.6213,0,1.494842e+03,3.319215e-13,4.013917e+02,-4.445326e+02
weak,0.2,1.548,44,10,1.304110e-02,8.6213,0,1.494842e+03,3.319215e-13,3.707559e-01,-2.263557e-01
weak,0.2,1.548,44,20,1.304110e-02,8.6213,0,1.494842e+03,3.319215e-13,2.569347e-11,1.658138e-01
weak,0.2,1.548,46,5,1.304110e-02,6.8481,0,3.670404e+02,8.149933e-14,5.053222e+01,-5.504654e+01
weak,0.2,1.548,46,10,1.304110e-02,6.8481,0,3.670404e+02,8.149933e-14,1.476006e-02,1.179949e-01
weak,0.2,1.548,46,20,1.304110e-02,6.8481,1,3.670404e+02,8.149933e-14,1.022875e-13,1.334719e-01
weak,0.2,1.548,48,5,1.304110e-02,5.4397,0,9.678864e+01,2.149139e-14,6.361630e+00,-6.753828e+00
weak,0.2,1.548,48,10,1.304110e-02,5.4397,0,9.678864e+01,2.149139e-14,5.876085e-04,1.040164e-01
weak,0.2,1.548,48,20,1.304110e-02,5.4397,1,9.678864e+01,2.149139e-14,4.072141e-16,1.046279e-01
weak,0.2,1.548,50,5,1.304110e-02,4.3209,0,2.922970e+01,6.490297e-15,8.008818e-01,-7.738905e-01
weak,0.2,1.548,50,10,1.304110e-02,4.3209,0,2.922970e+01,6.490297e-15,2.339312e-05,7.987103e-02
weak,0.2,1.548,50,20,1.304110e-02,4.3209,1,2.922970e+01,6.490297e-15,1.621148e-18,7.989522e-02
weak,0.2,1.967,20,5,8.076880e-03,220.6185,0,5.291508e+16,1.174951e+01,5.291508e+16,-6.437913e+15
weak,0.2,1.967,20,10,8.076880e-03,220.6185,0,1.782973e+20,3.958996e+04,1.782973e+20,-5.060506e+19
weak,0.2,1.967,20,20,8.076880e-03,220.6185,0,4.622405e+23,1.026380e+08,4.622405e+23,-3.489599e+23
weak,0.2,1.967,22,5,8.076880e-03,175.2435,0,5.053351e+15,1.122069e+00,5.053351e+15,-7.797914e+14
weak,0.2,1.967,22,10,8.076880e-03,175.2435,0,5.384493e+18,1.195598e+03,5.384493e+18,-1.948511e+18
weak,0.2,1.967,22,20,8.076880e-03,175.2435,0,1.395944e+21,3.099618e+05,1.395944e+21,-1.353643e+21
weak,0.2,1.967,24,5,8.076880e-03,139.2009,0,4.825913e+14,1.071568e-01,4.825913e+14,-9.456492e+13
weak,0.2,1.967,24,10,8.076880e-03,139.2009,0,1.626091e+17,3.610647e+01,1.626091e+17,-7.515032e+16
weak,0.2,1.967,24,20,8.076880e-03,139.2009,0,4.388925e+18,9.745372e+02,4.387821e+18,-5.261087e+18
weak,0.2,1.967,26,5,8.076880e-03,110.5712,0,4.608711e+13,1.023339e-02,4.608711e+13,-1.148303e+13
weak,0.2,1.967,26,10,8.076880e-03,110.5712,0,4.910716e+15,1.090398e+00,4.910716e+15,-2.903500e+15
weak,0.2,1.967,26,20,8.076880e-03,110.5712,0,2.433231e+16,5.402858e+00,1.746823e+16,-2.048780e+16
weak,0.2,1.967,28,5,8.076880e-03,87.8298,0,4.401285e+12,9.772815e-04,4.401285e+12,-1.396411e+12
weak,0.2,1.967,28,10,8.076880e-03,87.8298,0,1.483013e+14,3.292949e-02,1.483013e+14,-1.123861e+14
weak,0.2,1.967,28,20,8.076880e-03,87.8298,0,2.569913e+14,5.706352e-02,6.954228e+13,-7.993893e+13
weak,0.2,1.967,30,5,8.076880e-03,69.7657,0,4.203194e+11,9.332966e-05,4.203194e+11,-1.700807e+11
weak,0.2,1.967,30,10,8.076880e-03,69.7657,0,4.478626e+12,9.944548e-04,4.478626e+12,-4.358444e+12
weak,0.2,1.967,30,20,8.076880e-03,69.7657,0,4.766224e+12,1.058314e-03,2.768528e+11,-3.124985e+11
weak,0.2,1.967,32,5,8.076880e-03,55.4169,0,4.014019e+10,8.912913e-06,4.014019e+10,-2.075060e+10
weak,0.2,1.967,32,10,8.076880e-03,55.4169,0,1.417973e+11,3.148533e-05,1.409585e+11,-1.693543e+11
weak,0.2,1.967,32,20,8.076880e-03,55.4169,0,1.417973e+11,3.148533e-05,1.102171e+09,-1.223877e+09
weak,0.2,1.967,34,5,8.076880e-03,44.0192,0,3.833359e+09,8.511766e-07,3.833359e+09,-2.536205e+09
weak,0.2,1.967,34,10,8.076880e-03,44.0192,0,6.318107e+09,1.402901e-06,5.611660e+09,-6.593469e+09
weak,0.2,1.967,34,20,8.076880e-03,44.0192,0,6.318107e+09,1.402901e-06,4.387821e+06,-4.801677e+06
weak,0.2,1.967,36,5,8.076880e-03,34.9657,0,3.660829e+08,8.128673e-08,3.660829e+08,-3.105646e+08
weak,0.2,1.967,36,10,8.076880e-03,34.9657,0,4.058939e+08,9.012656e-08,2.234042e+08,-2.572057e+08
weak,0.2,1.967,36,20,8.076880e-03,34.9657,0,4.058939e+08,9.012656e-08,1.746823e+04,-1.886959e+04
weak,0.2,1.967,38,5,8.076880e-03,27.7742,0,3.496065e+07,7.762823e-09,3.496065e+07,-3.810307e+07
weak,0.2,1.967,38,10,8.076880e-03,27.7742,0,3.503779e+07,7.779952e-09,8.893881e+06,-1.005265e+07
weak,0.2,1.967,38,20,8.076880e-03,27.7742,0,3.503779e+07,7.779952e-09,6.954228e+01,-7.394866e+01
weak,0.2,1.967,40,5,8.076880e-03,22.0618,0,3.925214e+06,8.715725e-10,3.925214e+06,-4.684077e+06
weak,0.2,1.967,40,10,8.076880e-03,22.0618,0,3.925214e+06,8.715725e-10,3.540718e+05,-3.936298e+05
weak,0.2,1.967,40,20,8.076880e-03,22.0618,0,3.925214e+06,8.715725e-10,2.768528e-01,-3.528901e-03
weak,0.2,1.967,42,5,8.076880e-03,17.5243,0,5.499815e+05,1.221204e-10,4.941551e+05,-5.769640e+05
weak,0.2,1.967,42,10,8.076880e-03,17.5243,0,5.499815e+05,1.221204e-10,1.409585e+04,-1.544052e+04
weak,0.2,1.967,42,20,8.076880e-03,17.5243,0,5.499815e+05,1.221204e-10,1.102171e-03,2.519761e-01
weak,0.2,1.967,44,5,8.076880e-03,13.9201,0,9.371132e+04,2.080809e-11,6.221045e+04,-7.120752e+04
weak,0.2,1.967,44,10,8.076880e-03,13.9201,0,9.371132e+04,2.080809e-11,5.611660e+02,-6.064930e+02
weak,0.2,1.967,44,20,8.076880e-03,13.9201,0,9.371132e+04,2.080809e-11,4.387821e-06,2.159337e-01
weak,0.2,1.967,46,5,8.076880e-03,11.0571,0,1.846434e+04,4.099908e-12,7.831831e+03,-8.805046e+03
weak,0.2,1.967,46,10,8.076880e-03,11.0571,0,1.846434e+04,4.099908e-12,2.234042e+01,-2.369750e+01
weak,0.2,1.967,46,20,8.076880e-03,11.0571,0,1.846434e+04,4.099908e-12,1.746823e-08,1.791739e-01
weak,0.2,1.967,48,5,8.076880e-03,8.7830,0,4.879300e+03,1.083422e-12,9.859691e+02,-1.090693e+03
weak,0.2,1.967,48,10,8.076880e-03,8.7830,0,4.879300e+03,1.083422e-12,8.893881e-01,-7.966345e-01
weak,0.2,1.967,48,20,8.076880e-03,8.7830,0,4.879300e+03,1.083422e-12,6.954228e-11,1.443812e-01
weak,0.2,1.967,50,5,8.076880e-03,6.9766,0,1.942484e+03,4.313182e-13,1.241262e+02,-1.352650e+02
weak,0.2,1.967,50,10,8.076880e-03,6.9766,0,1.942484e+03,4.313182e-13,3.540718e-02,7.574453e-02
weak,0.2,1.967,50,20,8.076880e-03,6.9766,1,1.942484e+03,4.313182e-13,2.768528e-13,1.128805e-01
weak,0.2,2.511,20,5,4.956299e-03,359.5241,0,2.041340e+19,4.532685e+03,2.041340e+19,-1.712877e+18
weak,0.2,2.511,20,10,4.956299e-03,359.5241,0,6.195326e+23,1.375639e+08,6.195326e+23,-1.085692e+23
weak,0.2,2.511,20,20,4.956299e-03,359.5241,0,1.880137e+29,4.174743e+13,1.880137e+29,-8.455957e+28
weak,0.2,2.511,22,5,4.956299e-03,285.5802,0,1.949465e+18,4.328681e+02,1.949465e+18,-2.071867e+17
weak,0.2,2.511,22,10,4.956299e-03,285.5802,0,1.870958e+22,4.154362e+06,1.870958e+22,-4.168116e+21
weak,0.2,2.511,22,20,4.956299e-03,285.5802,0,5.677924e+26,1.260752e+11,5.677924e+26,-3.267332e+26
weak,0.2,2.511,24,5,4.956299e-03,226.8444,0,1.861724e+17,4.133858e+01,1.861724e+17,-2.508646e+16
weak,0.2,2.511,24,10,4.956299e-03,226.8444,0,5.650204e+20,1.254597e+05,5.650204e+20,-1.602469e+20
weak,0.2,2.511,24,20,4.956299e-03,226.8444,0,1.714706e+24,3.807411e+08,1.714706e+24,-1.264797e+24
weak,0.2,2.511,26,5,4.956299e-03,180.1889,0,1.777933e+16,3.947804e+00,1.777933e+16,-3.040973e+15
weak,0.2,2.511,26,10,4.956299e-03,180.1889,0,1.706334e+19,3.788823e+03,1.706334e+19,-6.170339e+18
weak,0.2,2.511,26,20,4.956299e-03,180.1889,0,5.178328e+21,1.149820e+06,5.178328e+21,-4.905385e+21
weak,0.2,2.511,28,5,4.956299e-03,143.1291,0,1.697913e+15,3.770123e-01,1.697913e+15,-3.690941e+14
weak,0.2,2.511,28,10,4.956299e-03,143.1291,0,5.153047e+17,1.144206e+02,5.153047e+17,-2.379839e+17
weak,0.2,2.511,28,20,4.956299e-03,143.1291,0,1.593516e+19,3.538316e+03,1.586418e+19,-1.906194e+19
weak,0.2,2.511,30,5,4.956299e-03,113.6915,0,1.621494e+14,3.600440e-02,1.621494e+14,-4.486090e+13
weak,0.2,2.511,30,10,4.956299e-03,113.6915,0,1.556195e+16,3.455448e+00,1.556195e+16,-9.194949e+15
weak,0.2,2.511,30,20,4.956299e-03,113.6915,0,8.320657e+16,1.847557e+01,6.315643e+16,-7.421802e+16
weak,0.2,2.511,32,5,4.956299e-03,90.3084,0,1.548515e+13,3.438393e-03,1.548515e+13,-5.460837e+12
weak,0.2,2.511,32,10,4.956299e-03,90.3084,0,4.699635e+14,1.043529e-01,4.699635e+14,-3.559188e+14
weak,0.2,2.511,32,20,4.956299e-03,90.3084,0,8.393188e+14,1.863662e-01,2.514303e+14,-2.895314e+14
weak,0.2,2.511,34,5,4.956299e-03,71.7345,0,1.478820e+12,3.283640e-04,1.478820e+12,-6.658268e+11
weak,0.2,2.511,34,10,4.956299e-03,71.7345,0,1.419267e+13,3.151406e-03,1.419267e+13,-1.380321e+13
weak,0.2,2.511,34,20,4.956299e-03,71.7345,0,1.519287e+13,3.373495e-03,1.000962e+12,-1.131646e+12
weak,0.2,2.511,36,5,4.956299e-03,56.9807,0,1.412262e+11,3.135852e-05,1.412262e+11,-8.132414e+10
weak,0.2,2.511,36,10,4.956299e-03,56.9807,0,4.489205e+11,9.968039e-05,4.465079e+11,-5.363585e+11
weak,0.2,2.511,36,20,4.956299e-03,56.9807,0,4.489205e+11,9.968039e-05,3.984902e+09,-4.431271e+09
weak,0.2,2.511,38,5,4.956299e-03,45.2614,0,1.348700e+10,2.994716e-06,1.348700e+10,-9.951129e+09
weak,0.2,2.511,38,10,4.956299e-03,45.2614,0,2.023155e+10,4.492307e-06,1.777580e+10,-2.088251e+10
weak,0.2,2.511,38,20,4.956299e-03,45.2614,0,2.023155e+10,4.492307e-06,1.586418e+07,-1.738261e+07
weak,0.2,2.511,40,5,4.956299e-03,35.9524,0,1.287998e+09,2.859931e-07,1.287998e+09,-1.219972e+09
weak,0.2,2.511,40,10,4.956299e-03,35.9524,0,1.356578e+09,3.012208e-07,7.076673e+08,-8.146259e+08
weak,0.2,2.511,40,20,4.956299e-03,35.9524,0,1.356578e+09,3.012208e-07,6.315643e+04,-6.830083e+04
weak,0.2,2.511,42,5,4.956299e-03,28.5580,0,2.389104e+08,5.304876e-08,1.242736e+08,-1.498551e+08
weak,0.2,2.511,42,10,4.956299e-03,28.5580,0,2.389104e+08,5.304876e-08,2.817274e+07,-3.183952e+07
weak,0.2,2.511,42,20,4.956299e-03,28.5580,0,2.389104e+08,5.304876e-08,2.514303e+02,-2.684803e+02
weak,0.2,2.511,44,5,4.956299e-03,22.6844,0,5.731061e+07,1.272551e-08,1.564512e+07,-1.844365e+07
weak,0.2,2.511,44,10,4.956299e-03,22.6844,0,5.731061e+07,1.272551e-08,1.121577e+06,-1.246757e+06
weak,0.2,2.511,44,20,4.956299e-03,22.6844,0,5.731061e+07,1.272551e-08,1.000962e+00,-7.800552e-01
weak,0.2,2.511,46,5,4.956299e-03,18.0189,0,1.374786e+07,3.052638e-09,1.969603e+06,-2.274435e+06
weak,0.2,2.511,46,10,4.956299e-03,18.0189,0,1.374786e+07,3.052638e-09,4.465079e+04,-4.890659e+04
weak,0.2,2.511,46,20,4.956299e-03,18.0189,0,1.374786e+07,3.052638e-09,3.984902e-03,2.381017e-01
weak,0.2,2.511,48,5,4.956299e-03,14.3129,0,3.297882e+06,7.322768e-10,2.479584e+05,-2.810203e+05
weak,0.2,2.511,48,10,4.956299e-03,14.3129,0,3.297882e+06,7.322768e-10,1.777580e+03,-1.921501e+03
weak,0.2,2.511,48,20,4.956299e-03,14.3129,0,3.297882e+06,7.322768e-10,1.586418e-05,2.044888e-01
weak,0.2,2.511,50,5,4.956299e-03,11.3692,0,7.911067e+05,1.756610e-10,3.121611e+04,-3.478679e+04
weak,0.2,2.511,50,10,4.956299e-03,11.3692,0,7.911067e+05,1.756610e-10,7.076673e+01,-7.546091e+01
weak,0.2,2.511,50,20,4.956299e-03,11.3692,0,7.911067e+05,1.756610e-10,6.315643e-08,1.675961e-01
weak,0.2,3.104,20,5,3.243448e-03,549.3872,0,1.624443e+22,3.606989e+06,1.624443e+22,-2.313941e+21
weak,0.2,3.104,20,10,3.243448e-03,549.3872,0,9.527135e+26,2.115449e+11,9.527135e+26,-1.168757e+26
weak,0.2,3.104,20,20,3.243448e-03,549.3872,0,1.524481e+34,3.385029e+18,1.524481e+34,-4.430862e+33
weak,0.2,3.104,22,5,3.243448e-03,436.3938,0,1.551331e+21,3.444648e+05,1.551331e+21,-2.419541e+20
weak,0.2,3.104,22,10,3.243448e-03,436.3938,0,2.877149e+25,6.388554e+09,2.877149e+25,-4.479056e+24
weak,0.2,3.104,22,20,3.243448e-03,436.3938,0,4.603860e+31,1.022262e+16,4.603860e+31,-1.706831e+31
weak,0.2,3.104,24,5,3.243448e-03,346.6399,0,1.481510e+20,3.289613e+04,1.481510e+20,-2.514274e+19
weak,0.2,3.104,24,10,3.243448e-03,346.6399,0,8.688851e+23,1.929312e+08,8.688851e+23,-1.718645e+23
weak,0.2,3.104,24,20,3.243448e-03,346.6399,0,1.390344e+29,3.087183e+13,1.390344e+29,-6.585977e+28
weak,0.2,3.104,26,5,3.243448e-03,275.3459,0,1.414831e+19,3.141556e+03,1.414831e+19,-2.592929e+18
weak,0.2,3.104,26,10,3.243448e-03,275.3459,0,2.623991e+22,5.826430e+06,2.623991e+22,-6.603566e+21
weak,0.2,3.104,26,20,3.243448e-03,275.3459,0,4.198770e+26,9.323143e+10,4.198770e+26,-2.545772e+26
weak,0.2,3.104,28,5,3.243448e-03,218.7150,0,1.351153e+18,3.000163e+02,1.351153e+18,-2.648898e+17
weak,0.2,3.104,28,10,3.243448e-03,218.7150,0,7.924326e+20,1.759554e+05,7.924326e+20,-2.541074e+20
weak,0.2,3.104,28,20,3.243448e-03,218.7150,0,1.268008e+24,2.815544e+08,1.268008e+24,-9.858763e+23
weak,0.2,3.104,30,5,3.243448e-03,173.7315,0,1.290341e+17,2.865133e+01,1.290341e+17,-2.673834e+16
weak,0.2,3.104,30,10,3.243448e-03,173.7315,0,2.393108e+19,5.313768e+03,2.393108e+19,-9.793845e+18
weak,0.2,3.104,30,20,3.243448e-03,173.7315,0,3.829324e+21,8.502808e+05,3.829324e+21,-3.825201e+21
weak,0.2,3.104,32,5,3.243448e-03,137.9998,0,1.232266e+16,2.736181e+00,1.232266e+16,-2.657223e+15
weak,0.2,3.104,32,10,3.243448e-03,137.9998,0,7.227071e+17,1.604732e+02,7.227071e+17,-3.781226e+17
weak,0.2,3.104,32,20,3.243448e-03,137.9998,0,1.243701e+19,2.761572e+03,1.243701e+19,-1.487066e+19
weak,0.2,3.104,34,5,3.243448e-03,109.6172,0,1.176805e+15,2.613033e-01,1.176805e+15,-2.585848e+14
weak,0.2,3.104,34,10,3.243448e-03,109.6172,0,2.182541e+16,4.846214e+00,2.182541e+16,-1.462498e+16
weak,0.2,3.104,34,20,3.243448e-03,109.6172,0,7.613639e+16,1.690567e+01,4.951264e+16,-5.792344e+16
weak,0.2,3.104,36,5,3.243448e-03,87.0720,0,1.123840e+14,2.495427e-02,1.123840e+14,-2.443115e+13
weak,0.2,3.104,36,10,3.243448e-03,87.0720,0,6.591167e+14,1.463533e-01,6.591167e+14,-5.667255e+14
weak,0.2,3.104,36,20,3.243448e-03,87.0720,0,9.181715e+14,2.038750e-01,1.971134e+14,-2.260580e+14
weak,0.2,3.104,38,5,3.243448e-03,69.1638,0,1.073259e+13,2.383114e-03,1.073259e+13,-2.208212e+12
weak,0.2,3.104,38,10,3.243448e-03,69.1638,0,1.990501e+13,4.419799e-03,1.990501e+13,-2.200326e+13
weak,0.2,3.104,38,20,3.243448e-03,69.1638,0,1.990501e+13,4.419799e-03,7.847225e+11,-8.839125e+11
weak,0.2,3.104,40,5,3.243448e-03,54.9387,0,1.024955e+12,2.275856e-04,1.024955e+12,-1.855044e+11
weak,0.2,3.104,40,10,3.243448e-03,54.9387,0,1.343233e+12,2.982577e-04,7.215816e+11,-8.559526e+11
weak,0.2,3.104,40,20,3.243448e-03,54.9387,0,1.343233e+12,2.982577e-04,3.124037e+09,-3.462542e+09
weak,0.2,3.104,42,5,3.243448e-03,43.6394,0,9.788240e+10,2.173426e-05,9.788240e+10,-1.350895e+10
weak,0.2,3.104,42,10,3.243448e-03,43.6394,0,1.343233e+11,2.982577e-05,2.872668e+10,-3.336271e+10
weak,0.2,3.104,42,20,3.243448e-03,43.6394,0,1.343233e+11,2.982577e-05,1.243701e+07,-1.358754e+07
weak,0.2,3.104,44,5,3.243448e-03,34.6640,0,9.347697e+09,2.075606e-06,9.347697e+09,-6.547525e+08
weak,0.2,3.104,44,10,3.243448e-03,34.6640,0,1.343233e+10,2.982577e-06,1.143630e+09,-1.302901e+09
weak,0.2,3.104,44,20,3.243448e-03,34.6640,0,1.343233e+10,2.982577e-06,4.951264e+04,-5.340732e+04
weak,0.2,3.104,46,5,3.243448e-03,27.5346,0,9.159020e+08,2.033711e-07,8.926981e+08,2.848196e+07
weak,0.2,3.104,46,10,3.243448e-03,27.5346,0,1.343233e+09,2.982577e-07,4.552872e+07,-5.097752e+07
weak,0.2,3.104,46,20,3.243448e-03,27.5346,0,1.343233e+09,2.982577e-07,1.971134e+02,-2.099480e+02
weak,0.2,3.104,48,5,3.243448e-03,21.8715,0,1.101156e+08,2.445058e-08,8.525201e+07,1.532350e+07
weak,0.2,3.104,48,10,3.243448e-03,21.8715,0,1.343233e+08,2.982577e-08,1.812531e+06,-1.998169e+06
weak,0.2,3.104,48,20,3.243448e-03,21.8715,0,1.343233e+08,2.982577e-08,7.847225e-01,-5.637236e-01
weak,0.2,3.104,50,5,3.243448e-03,17.3732,0,1.323881e+07,2.939607e-09,9.199723e+06,3.168828e+06
weak,0.2,3.104,50,10,3.243448e-03,17.3732,0,1.343233e+07,2.982577e-09,7.215816e+04,-7.845708e+04
weak,0.2,3.104,50,20,3.243448e-03,17.3732,0,1.343233e+07,2.982577e-09,3.124037e-03,2.241735e-01
weak,0.2,3.912,20,5,2.041985e-03,872.6359,0,3.204024e+23,7.114361e+07,3.204024e+23,-8.957963e+31
weak,0.2,3.912,20,10,2.041985e-03,872.6359,0,9.203255e+31,2.043533e+16,9.203255e+31,-8.904701e+31
weak,0.2,3.912,20,20,2.041985e-03,872.6359,0,4.413804e+39,9.800613e+23,4.413804e+39,-8.241978e+38
weak,0.2,3.912,22,5,2.041985e-03,693.1593,0,3.059819e+22,6.794162e+06,3.059819e+22,-2.641404e+30
weak,0.2,3.912,22,10,2.041985e-03,693.1593,0,2.779339e+30,6.171371e+14,2.779339e+30,-2.621094e+30
weak,0.2,3.912,22,20,2.041985e-03,693.1593,0,1.332947e+37,2.959738e+21,1.332947e+37,-3.166212e+36
weak,0.2,3.912,24,5,2.041985e-03,550.5960,0,2.922104e+21,6.488375e+05,2.922104e+21,-7.788619e+28
weak,0.2,3.912,24,10,2.041985e-03,550.5960,0,8.393468e+28,1.863724e+13,8.393468e+28,-7.711130e+28
weak,0.2,3.912,24,20,2.041985e-03,550.5960,0,4.025437e+34,8.938265e+18,4.025437e+34,-1.218109e+34
weak,0.2,3.912,26,5,2.041985e-03,437.3540,0,2.790588e+20,6.196350e+04,2.790588e+20,-2.296604e+27
weak,0.2,3.912,26,10,2.041985e-03,437.3540,0,2.534787e+27,5.628358e+11,2.534787e+27,-2.267020e+27
weak,0.2,3.912,26,20,2.041985e-03,437.3540,0,1.215662e+32,2.699313e+16,1.215662e+32,-4.693764e+31
weak,0.2,3.912,28,5,2.041985e-03,347.4026,0,2.664991e+19,5.917468e+03,2.664991e+19,-6.771918e+25
weak,0.2,3.912,28,10,2.041985e-03,347.4026,0,7.654934e+25,1.699737e+10,7.654934e+25,-6.658892e+25
weak,0.2,3.912,28,20,2.041985e-03,347.4026,0,3.671242e+29,8.151795e+13,3.671242e+29,-1.811723e+29
weak,0.2,3.912,30,5,2.041985e-03,275.9517,0,2.545046e+18,5.651138e+02,2.545046e+18,-1.996812e+24
weak,0.2,3.912,30,10,2.041985e-03,275.9517,0,2.311753e+24,5.133123e+08,2.311753e+24,-1.953594e+24
weak,0.2,3.912,30,20,2.041985e-03,275.9517,0,1.108697e+27,2.461803e+11,1.108697e+27,-7.005484e+26
weak,0.2,3.912,32,5,2.041985e-03,219.1962,0,2.430500e+17,5.396795e+01,2.430500e+17,-5.887931e+22
weak,0.2,3.912,32,10,2.041985e-03,219.1962,0,6.981383e+22,1.550178e+07,6.981383e+22,-5.722516e+22
weak,0.2,3.912,32,20,2.041985e-03,219.1962,0,3.348212e+24,7.434525e+08,3.348212e+24,-2.713895e+24
weak,0.2,3.912,34,5,2.041985e-03,174.1137,0,2.321110e+16,5.153899e+00,2.321110e+16,-1.736152e+21
weak,0.2,3.912,34,10,2.041985e-03,174.1137,0,2.108344e+21,4.681464e+05,2.108344e+21,-1.672775e+21
weak,0.2,3.912,34,20,2.041985e-03,174.1137,0,1.011144e+22,2.245191e+06,1.011144e+22,-1.053367e+22
weak,0.2,3.912,36,5,2.041985e-03,138.3035,0,2.216643e+15,4.921936e-01,2.216643e+15,-5.119311e+19
weak,0.2,3.912,36,10,2.041985e-03,138.3035,0,6.367097e+19,1.413780e+04,6.367097e+19,-4.876213e+19
weak,0.2,3.912,36,20,2.041985e-03,138.3035,0,6.367097e+19,1.413780e+04,3.439990e+19,-4.096489e+19
weak,0.2,3.912,38,5,2.041985e-03,109.8583,0,2.116877e+14,4.700412e-02,2.116877e+14,-1.509486e+18
weak,0.2,3.912,38,10,2.041985e-03,109.8583,0,1.922833e+18,4.269546e+02,1.922833e+18,-1.416136e+18
weak,0.2,3.912,38,20,2.041985e-03,109.8583,0,1.922833e+18,4.269546e+02,1.369485e+17,-1.596213e+17
weak,0.2,3.912,40,5,2.041985e-03,87.2636,0,2.021602e+13,4.488859e-03,2.021602e+13,-4.450632e+16
weak,0.2,3.912,40,10,2.041985e-03,87.2636,0,5.806861e+16,1.289382e+01,5.806861e+16,-4.091869e+16
weak,0.2,3.912,40,20,2.041985e-03,87.2636,0,5.806861e+16,1.289382e+01,5.452016e+14,-6.231726e+14
weak,0.2,3.912,42,5,2.041985e-03,69.3159,0,1.930615e+12,4.286827e-04,1.930615e+12,-1.311931e+15
weak,0.2,3.912,42,10,2.041985e-03,69.3159,0,1.753644e+15,3.893872e-01,1.753644e+15,-1.174094e+15
weak,0.2,3.912,42,20,2.041985e-03,69.3159,0,1.753644e+15,3.893872e-01,2.170487e+12,-2.437501e+12
weak,0.2,3.912,44,5,2.041985e-03,55.0596,0,1.843723e+11,4.093888e-05,1.843723e+11,-3.863439e+13
weak,0.2,3.912,44,10,2.041985e-03,55.0596,0,5.295920e+13,1.175931e-02,5.295920e+13,-3.336092e+13
weak,0.2,3.912,44,20,2.041985e-03,55.0596,0,5.295920e+13,1.175931e-02,8.640863e+09,-9.551490e+09
weak,0.2,3.912,46,5,2.041985e-03,43.7354,0,1.760742e+10,3.909632e-06,1.760742e+10,-1.133090e+12
weak,0.2,3.912,46,10,2.041985e-03,43.7354,0,1.599342e+12,3.551254e-04,1.599342e+12,-9.347621e+11
weak,0.2,3.912,46,20,2.041985e-03,43.7354,0,1.599342e+12,3.551254e-04,3.439990e+07,-3.749296e+07
weak,0.2,3.912,48,5,2.041985e-03,34.7403,0,1.681495e+09,3.733670e-07,1.681495e+09,-3.266469e+10
weak,0.2,3.912,48,10,2.041985e-03,34.7403,0,4.829937e+10,1.072461e-05,4.829937e+10,-2.565716e+10
weak,0.2,3.912,48,20,2.041985e-03,34.7403,0,4.829937e+10,1.072461e-05,1.369485e+05,-1.474128e+05
weak,0.2,3.912,50,5,2.041985e-03,27.5952,0,1.605816e+08,3.565627e-08,1.605816e+08,-8.718122e+08
weak,0.2,3.912,50,10,2.041985e-03,27.5952,0,1.458618e+09,3.238782e-07,1.458618e+09,-6.821796e+08
weak,0.2,3.912,50,20,2.041985e-03,27.5952,0,1.458618e+09,3.238782e-07,5.452016e+02,-5.801761e+02
weak,0.2,4.888,20,5,1.307940e-03,1362.3787,0,1.753501e+25,3.893554e+09,1.753501e+25,-1.715012e+45
weak,0.2,4.888,20,10,1.307940e-03,1362.3787,0,1.495847e+33,3.321447e+17,1.495847e+33,-1.715012e+45
weak,0.2,4.888,20,20,1.307940e-03,1362.3787,0,3.914121e+45,8.691095e+29,3.914121e+45,-3.364594e+45
weak,0.2,4.888,22,5,1.307940e-03,1082.1759,0,1.674580e+24,3.718315e+08,1.674580e+24,-6.998626e+42
weak,0.2,4.888,22,10,1.307940e-03,1082.1759,0,4.517385e+31,1.003061e+16,4.517385e+31,-6.998626e+42
weak,0.2,4.888,22,20,1.307940e-03,1082.1759,0,1.205809e+43,2.677433e+27,1.205809e+43,-1.323923e+43
weak,0.2,4.888,24,5,1.307940e-03,859.6029,0,1.599212e+23,3.550964e+07,1.599212e+23,-2.856001e+40
weak,0.2,4.888,24,10,1.307940e-03,859.6029,0,1.364228e+30,3.029195e+14,1.364228e+30,-2.856001e+40
weak,0.2,4.888,24,20,1.307940e-03,859.6029,0,4.800411e+40,1.065905e+25,4.800411e+40,-5.214510e+40
weak,0.2,4.888,26,5,1.307940e-03,682.8068,0,1.527235e+22,3.391144e+06,1.527235e+22,-1.165478e+38
weak,0.2,4.888,26,10,1.307940e-03,682.8068,0,4.119904e+28,9.148024e+12,4.119904e+28,-1.165478e+38
weak,0.2,4.888,26,20,1.307940e-03,682.8068,0,1.911078e+38,4.243446e+22,1.911078e+38,-2.055748e+38
weak,0.2,4.888,28,5,1.307940e-03,542.3727,0,1.458499e+21,3.238517e+05,1.458499e+21,-4.756085e+35
weak,0.2,4.888,28,10,1.307940e-03,542.3727,0,1.244191e+27,2.762659e+11,1.244191e+27,-4.756085e+35
weak,0.2,4.888,28,20,1.307940e-03,542.3727,0,7.608139e+35,1.689346e+20,7.608139e+35,-8.111754e+35
weak,0.2,4.888,30,5,1.307940e-03,430.8220,0,1.392855e+20,3.092760e+04,1.392855e+20,-1.940864e+33
weak,0.2,4.888,30,10,1.307940e-03,430.8220,0,3.757397e+25,8.343097e+09,3.757397e+25,-1.940864e+33
weak,0.2,4.888,30,20,1.307940e-03,430.8220,0,3.028855e+33,6.725408e+17,3.028855e+33,-3.203534e+33
weak,0.2,4.888,32,5,1.307940e-03,342.2141,0,1.330166e+19,2.953563e+03,1.330166e+19,-7.920285e+30
weak,0.2,4.888,32,10,1.307940e-03,342.2141,0,1.134716e+24,2.519575e+08,1.134716e+24,-7.920285e+30
weak,0.2,4.888,32,20,1.307940e-03,342.2141,0,1.205809e+31,2.677433e+15,1.205809e+31,-1.266175e+31
weak,0.2,4.888,34,5,1.307940e-03,271.8303,0,1.270299e+18,2.820631e+02,1.270299e+18,-3.232112e+28
weak,0.2,4.888,34,10,1.307940e-03,271.8303,0,3.426787e+22,7.608995e+06,3.426787e+22,-3.232111e+28
weak,0.2,4.888,34,20,1.307940e-03,271.8303,0,4.800411e+28,1.065905e+13,4.800411e+28,-5.008259e+28
weak,0.2,4.888,36,5,1.307940e-03,215.9225,0,1.213126e+17,2.693681e+01,1.213126e+17,-1.318961e+26
weak,0.2,4.888,36,10,1.307940e-03,215.9225,0,1.034873e+21,2.297880e+05,1.034873e+21,-1.318959e+26
weak,0.2,4.888,36,20,1.307940e-03,215.9225,0,1.911078e+26,4.243446e+10,1.911078e+26,-1.982379e+26
weak,0.2,4.888,38,5,1.307940e-03,171.5133,0,1.158527e+16,2.572446e+00,1.158527e+16,-5.382420e+23
weak,0.2,4.888,38,10,1.307940e-03,171.5133,0,3.125267e+19,6.939486e+03,3.125267e+19,-5.382327e+23
weak,0.2,4.888,38,20,1.307940e-03,171.5133,0,7.608139e+23,1.689346e+08,7.608139e+23,-7.851837e+23
weak,0.2,4.888,40,5,1.307940e-03,136.2379,0,1.106384e+15,2.456667e-01,1.106384e+15,-2.196459e+21
weak,0.2,4.888,40,10,1.307940e-03,136.2379,0,9.438154e+17,2.095691e+02,9.438154e+17,-2.196099e+21
weak,0.2,4.888,40,20,1.307940e-03,136.2379,0,3.028855e+21,6.725408e+05,3.028855e+21,-3.111845e+21
weak,0.2,4.888,42,5,1.307940e-03,108.2176,0,1.056589e+14,2.346098e-02,1.056589e+14,-8.963297e+18
weak,0.2,4.888,42,10,1.307940e-03,108.2176,0,2.850277e+16,6.328886e+00,2.850277e+16,-8.949415e+18
weak,0.2,4.888,42,20,1.307940e-03,108.2176,0,1.205809e+19,2.677433e+03,1.205809e+19,-1.233969e+19
weak,0.2,4.888,44,5,1.307940e-03,85.9603,0,1.009034e+13,2.240507e-03,1.009034e+13,-3.657500e+16
weak,0.2,4.888,44,10,1.307940e-03,85.9603,0,8.607699e+14,1.911293e-01,8.607699e+14,-3.604015e+16
weak,0.2,4.888,44,20,1.307940e-03,85.9603,0,4.800411e+16,1.065905e+01,4.800411e+16,-4.895627e+16
weak,0.2,4.888,46,5,1.307940e-03,68.2807,0,9.636204e+11,2.139667e-04,9.636204e+11,-1.489573e+14
weak,0.2,4.888,46,10,1.307940e-03,68.2807,0,2.599483e+13,5.772013e-03,2.599483e+13,-1.284565e+14
weak,0.2,4.888,46,20,1.307940e-03,68.2807,0,1.911078e+14,4.243446e-02,1.911078e+14,-1.943162e+14
weak,0.2,4.888,48,5,1.307940e-03,54.2373,0,9.202504e+10,2.043366e-05,9.202504e+10,-5.715663e+11
weak,0.2,4.888,48,10,1.307940e-03,54.2373,0,7.850315e+11,1.743120e-04,7.850315e+11,1.982314e+11
weak,0.2,4.888,48,20,1.307940e-03,54.2373,0,8.027765e+11,1.782522e-04,7.608139e+11,-7.715882e+11
weak,0.2,4.888,50,5,1.307940e-03,43.0822,0,8.788323e+09,1.951400e-06,8.788323e+09,2.096136e+09
weak,0.2,4.888,50,10,1.307940e-03,43.0822,0,2.625844e+10,5.830546e-06,2.625844e+10,2.889927e+10
weak,0.2,4.888,50,20,1.307940e-03,43.0822,0,2.625844e+10,5.830546e-06,3.028855e+09,-3.064919e+09
weak,0.3,0.5,20,5,5.557049e-02,32.0657,0,6.223402e+06,1.381873e-09,6.223402e+06,-5.391407e+06
weak,0.3,0.5,20,10,5.557049e-02,32.0657,0,6.673488e+06,1.481812e-09,3.164902e+06,-3.625133e+06
weak,0.3,0.5,20,20,5.557049e-02,32.0657,0,6.673488e+06,1.481812e-09,1.197749e+02,-1.283998e+02
weak,0.3,0.5,22,5,5.557049e-02,25.4707,0,5.943303e+05,1.319678e-10,5.943303e+05,-6.615145e+05
weak,0.3,0.5,22,10,5.557049e-02,25.4707,0,5.989389e+05,1.329911e-10,1.259970e+05,-1.417557e+05
weak,0.3,0.5,22,20,5.557049e-02,25.4707,0,5.989389e+05,1.329911e-10,4.768326e-01,-5.846144e-02
weak,0.3,0.5,24,5,5.557049e-02,20.2321,0,6.823006e+04,1.515012e-11,6.823006e+04,-8.132671e+04
weak,0.3,0.5,24,10,5.557049e-02,20.2321,0,6.823006e+04,1.515012e-11,5.016031e+03,-5.552968e+03
weak,0.3,0.5,24,20,5.557049e-02,20.2321,0,6.823006e+04,1.515012e-11,1.898305e-03,4.360858e-01
weak,0.3,0.5,26,5,5.557049e-02,16.0709,0,9.512073e+03,2.112104e-12,8.589656e+03,-1.001787e+04
weak,0.3,0.5,26,10,5.557049e-02,16.0709,0,9.512073e+03,2.112104e-12,1.996918e+02,-2.175157e+02
weak,0.3,0.5,26,20,5.557049e-02,16.0709,0,9.512073e+03,2.112104e-12,7.557288e-06,4.256720e-01
weak,0.3,0.5,28,5,5.557049e-02,12.7656,0,1.555885e+03,3.454758e-13,1.081374e+03,-1.236125e+03
weak,0.3,0.5,28,10,5.557049e-02,12.7656,0,1.555885e+03,3.454758e-13,7.949873e+00,-8.155326e+00
weak,0.3,0.5,28,20,5.557049e-02,12.7656,0,1.555885e+03,3.454758e-13,3.008610e-08,4.118593e-01
weak,0.3,0.5,30,5,5.557049e-02,10.1401,0,3.018756e+02,6.702985e-14,1.361369e+02,-1.525201e+02
weak,0.3,0.5,30,10,5.557049e-02,10.1401,0,3.018756e+02,6.702985e-14,3.164902e-01,5.952463e-02
weak,0.3,0.5,30,20,5.557049e-02,10.1401,0,3.018756e+02,6.702985e-14,1.197749e-10,3.968161e-01
weak,0.3,0.5,32,5,5.557049e-02,8.0546,0,6.540279e+01,1.452234e-14,1.713862e+01,-1.856488e+01
weak,0.3,0.5,32,10,5.557049e-02,8.0546,0,6.540279e+01,1.452234e-14,1.259970e-02,3.675135e-01
weak,0.3,0.5,32,20,5.557049e-02,8.0546,0,6.540279e+01,1.452234e-14,4.768326e-13,3.808115e-01
weak,0.3,0.5,34,5,5.557049e-02,6.3980,0,1.595925e+01,3.543665e-15,2.157624e+00,-1.987287e+00
weak,0.3,0.5,34,10,5.557049e-02,6.3980,0,1.595925e+01,3.543665e-15,5.016031e-04,3.636245e-01
weak,0.3,0.5,34,20,5.557049e-02,6.3980,1,1.595925e+01,3.543665e-15,1.898305e-15,3.641494e-01
weak,0.3,0.5,36,5,5.557049e-02,5.0821,0,4.015987e+00,8.917283e-16,2.716288e-01,5.480949e-02
weak,0.3,0.5,36,10,5.557049e-02,5.0821,0,4.015987e+00,8.917283e-16,1.996918e-05,3.471219e-01
weak,0.3,0.5,36,20,5.557049e-02,5.0821,1,4.015987e+00,8.917283e-16,7.557288e-18,3.471426e-01
weak,0.3,0.5,38,5,5.557049e-02,4.0368,0,1.212809e+00,2.692976e-16,3.419604e-02,2.936845e-01
weak,0.3,0.5,38,10,5.557049e-02,4.0368,0,1.212809e+00,2.692976e-16,7.949873e-07,3.300830e-01
weak,0.3,0.5,38,20,5.557049e-02,4.0368,1,1.212809e+00,2.692976e-16,3.008610e-20,3.300839e-01
weak,0.3,0.5,40,5,5.557049e-02,3.2066,0,3.723695e-01,8.268264e-17,4.305026e-03,3.086855e-01
weak,0.3,0.5,40,10,5.557049e-02,3.2066,0,3.723695e-01,8.268264e-17,3.164902e-08,3.132241e-01
weak,0.3,0.5,40,20,5.557049e-02,3.2066,1,3.723695e-01,8.268264e-17,1.197749e-22,3.132242e-01
weak,0.3,0.5,42,5,5.557049e-02,2.5471,0,1.177536e-01,2.614655e-17,5.419706e-04,2.961952e-01
weak,0.3,0.5,42,10,5.557049e-02,2.5471,0,1.177536e-01,2.614655e-17,1.259970e-09,2.967619e-01
weak,0.3,0.5,42,20,5.557049e-02,2.5471,1,1.177536e-01,2.614655e-17,4.768326e-25,2.967619e-01
weak,0.3,0.5,44,5,5.557049e-02,2.0232,0,3.723695e-02,8.268264e-18,6.823006e-05,2.807700e-01
weak,0.3,0.5,44,10,5.557049e-02,2.0232,0,3.723695e-02,8.268264e-18,5.016031e-11,2.808408e-01
weak,0.3,0.5,44,20,5.557049e-02,2.0232,1,3.723695e-02,8.268264e-18,1.898305e-27,2.808408e-01
weak,0.3,0.5,46,5,5.557049e-02,1.6071,0,1.393815e-02,3.094892e-18,8.589656e-06,2.655466e-01
weak,0.3,0.5,46,10,5.557049e-02,1.6071,1,1.393815e-02,3.094892e-18,1.996918e-12,2.655554e-01
weak,0.3,0.5,46,20,5.557049e-02,1.6071,1,1.393815e-02,3.094892e-18,7.557288e-30,2.655554e-01
weak,0.3,0.5,48,5,5.557049e-02,1.2766,0,5.299138e-03,1.176645e-18,1.081374e-06,2.509583e-01
weak,0.3,0.5,48,10,5.557049e-02,1.2766,1,5.299138e-03,1.176645e-18,7.949873e-14,2.509594e-01
weak,0.3,0.5,48,20,5.557049e-02,1.2766,1,5.299138e-03,1.176645e-18,3.008610e-32,2.509594e-01
weak,0.3,0.5,50,5,5.557049e-02,1.0140,0,2.014676e-03,4.473479e-19,1.361369e-07,2.370752e-01
weak,0.3,0.5,50,10,5.557049e-02,1.0140,1,2.014676e-03,4.473479e-19,3.164902e-15,2.370754e-01
weak,0.3,0.5,50,20,5.557049e-02,1.0140,1,2.014676e-03,4.473479e-19,1.197749e-34,2.370754e-01
weak,0.3,0.628,20,5,3.522039e-02,50.5931,0,1.043437e+09,2.316897e-07,1.043437e+09,-5.544000e+08
weak,0.3,0.628,20,10,3.522039e-02,50.5931,0,2.989685e+09,6.638434e-07,2.989685e+09,-3.568048e+09
weak,0.3,0.628,20,20,3.522039e-02,50.5931,0,2.989685e+09,6.638434e-07,1.076951e+07,-1.189283e+07
weak,0.3,0.628,22,5,3.522039e-02,40.1875,0,9.964750e+07,2.212619e-08,9.964750e+07,-6.776780e+07
weak,0.3,0.628,22,10,3.522039e-02,40.1875,0,1.481406e+08,3.289382e-08,1.190215e+08,-1.389934e+08
weak,0.3,0.628,22,20,3.522039e-02,40.1875,0,1.481406e+08,3.289382e-08,4.287420e+04,-4.668794e+04
weak,0.3,0.628,24,5,3.522039e-02,31.9221,0,9.516263e+06,2.113035e-09,9.516263e+06,-8.299291e+06
weak,0.3,0.628,24,10,3.522039e-02,31.9221,0,1.015678e+07,2.255257e-09,4.738331e+06,-5.425043e+06
weak,0.3,0.628,24,20,3.522039e-02,31.9221,0,1.015678e+07,2.255257e-09,1.706853e+02,-1.831443e+02
weak,0.3,0.628,26,5,3.522039e-02,25.3566,0,9.087960e+05,2.017933e-10,9.087960e+05,-1.018361e+06
weak,0.3,0.628,26,10,3.522039e-02,25.3566,0,9.169427e+05,2.036022e-10,1.886364e+05,-2.121479e+05
weak,0.3,0.628,26,20,3.522039e-02,25.3566,0,9.169427e+05,2.036022e-10,6.795102e-01,-2.949847e-01
weak,0.3,0.628,28,5,3.522039e-02,20.1415,0,1.051071e+05,2.333847e-11,1.051071e+05,-1.252046e+05
weak,0.3,0.628,28,10,3.522039e-02,20.1415,0,1.051071e+05,2.333847e-11,7.509749e+03,-8.311004e+03
weak,0.3,0.628,28,20,3.522039e-02,20.1415,0,1.051071e+05,2.333847e-11,2.705179e-03,4.099874e-01
weak,0.3,0.628,30,5,3.522039e-02,15.9989,0,1.473076e+04,3.270886e-12,1.323220e+04,-1.542385e+04
weak,0.3,0.628,30,10,3.522039e-02,15.9989,0,1.473076e+04,3.270886e-12,2.989685e+02,-3.257954e+02
weak,0.3,0.628,30,20,3.522039e-02,15.9989,0,1.473076e+04,3.270886e-12,1.076951e-05,3.956916e-01
weak,0.3,0.628,32,5,3.522039e-02,12.7084,0,2.426804e+03,5.388588e-13,1.665835e+03,-1.903506e+03
weak,0.3,0.628,32,10,3.522039e-02,12.7084,0,2.426804e+03,5.388588e-13,1.190215e+01,-1.244612e+01
weak,0.3,0.628,32,20,3.522039e-02,12.7084,0,2.426804e+03,5.388588e-13,4.287420e-08,3.767863e-01
weak,0.3,0.628,34,5,3.522039e-02,10.0947,0,4.715725e+02,1.047101e-13,2.097162e+02,-2.351006e+02
weak,0.3,0.628,34,10,3.522039e-02,10.0947,0,4.715725e+02,1.047101e-13,4.738331e-01,-1.484366e-01
weak,0.3,0.628,34,20,3.522039e-02,10.0947,0,4.715725e+02,1.047101e-13,1.706853e-10,3.564201e-01
weak,0.3,0.628,36,5,3.522039e-02,8.0185,0,1.028383e+02,2.283469e-14,2.640171e+01,-2.883845e+01
weak,0.3,0.628,36,10,3.522039e-02,8.0185,0,1.028383e+02,2.283469e-14,1.886364e-02,3.151271e-01
weak,0.3,0.628,36,20,3.522039e-02,8.0185,0,1.028383e+02,2.283469e-14,6.795102e-13,3.350321e-01
weak,0.3,0.628,38,5,3.522039e-02,6.3693,0,2.513835e+01,5.581835e-15,3.323778e+00,-3.307924e+00
weak,0.3,0.628,38,10,3.522039e-02,6.3693,0,2.513835e+01,5.581835e-15,7.509749e-04,3.123144e-01
weak,0.3,0.628,38,20,3.522039e-02,6.3693,1,2.513835e+01,5.581835e-15,2.705179e-15,3.131003e-01
weak,0.3,0.628,40,5,3.522039e-02,5.0593,0,6.375119e+00,1.415561e-15,4.184389e-01,-1.590888e-01
weak,0.3,0.628,40,10,3.522039e-02,5.0593,0,6.375119e+00,1.415561e-15,2.989685e-05,2.910696e-01
weak,0.3,0.628,40,20,3.522039e-02,5.0593,1,6.375119e+00,1.415561e-15,1.076951e-17,2.911006e-01
weak,0.3,0.628,42,5,3.522039e-02,4.0188,0,1.925255e+00,4.274925e-16,5.267834e-02,2.134060e-01
weak,0.3,0.628,42,10,3.522039e-02,4.0188,0,1.925255e+00,4.274925e-16,1.190215e-06,2.694616e-01
weak,0.3,0.628,42,20,3.522039e-02,4.0188,1,1.925255e+00,4.274925e-16,4.287420e-20,2.694629e-01
weak,0.3,0.628,44,5,3.522039e-02,3.1922,0,5.923928e-01,1.315376e-16,6.631810e-03,2.415495e-01
weak,0.3,0.628,44,10,3.522039e-02,3.1922,0,5.923928e-01,1.315376e-16,4.738331e-08,2.485394e-01
weak,0.3,0.628,44,20,3.522039e-02,3.1922,1,5.923928e-01,1.315376e-16,1.706853e-22,2.485395e-01
weak,0.3,0.628,46,5,3.522039e-02,2.5357,0,1.873311e-01,4.159585e-17,8.348954e-04,2.277193e-01
weak,0.3,0.628,46,10,3.522039e-02,2.5357,0,1.873311e-01,4.159585e-17,1.886364e-09,2.285920e-01
weak,0.3,0.628,46,20,3.522039e-02,2.5357,1,1.873311e-01,4.159585e-17,6.795102e-25,2.285920e-01
weak,0.3,0.628,48,5,3.522039e-02,2.0141,0,5.923928e-02,1.315376e-17,1.051071e-04,2.096829e-01
weak,0.3,0.628,48,10,3.522039e-02,2.0141,0,5.923928e-02,1.315376e-17,7.509749e-11,2.097920e-01
weak,0.3,0.628,48,20,3.522039e-02,2.0141,1,5.923928e-02,1.315376e-17,2.705179e-27,2.097920e-01
weak,0.3,0.628,50,5,3.522039e-02,1.5999,0,2.239582e-02,4.972872e-18,1.323220e-05,1.922184e-01
weak,0.3,0.628,50,10,3.522039e-02,1.5999,1,2.239582e-02,4.972872e-18,2.989685e-12,1.922321e-01
weak,0.3,0.628,50,20,3.522039e-02,1.5999,1,2.239582e-02,4.972872e-18,1.076951e-29,1.922321e-01
weak,0.3,0.789,20,5,2.231165e-02,79.8645,0,1.775014e+11,3.941323e-05,1.775014e+11,-5.828306e+10
weak,0.3,0.789,20,10,2.231165e-02,79.8645,0,4.372144e+12,9.708109e-04,4.372144e+12,-3.587991e+12
weak,0.3,0.789,20,20,2.231165e-02,79.8645,0,6.029459e+12,1.338809e-03,9.838915e+11,-1.122859e+12
weak,0.3,0.789,22,5,2.231165e-02,63.4386,0,1.695125e+10,3.763934e-06,1.695125e+10,-7.099774e+09
weak,0.3,0.789,22,10,2.231165e-02,63.4386,0,1.320366e+11,2.931802e-05,1.320366e+11,-1.392295e+11
weak,0.3,0.789,22,20,2.231165e-02,63.4386,0,1.320366e+11,2.931802e-05,3.916942e+09,-4.392638e+09
weak,0.3,0.789,24,5,2.231165e-02,50.3911,0,1.618832e+09,3.594529e-07,1.618832e+09,-8.663362e+08
weak,0.3,0.789,24,10,2.231165e-02,50.3911,0,4.538145e+09,1.007671e-06,4.538145e+09,-5.413283e+09
weak,0.3,0.789,24,20,2.231165e-02,50.3911,0,4.538145e+09,1.007671e-06,1.559363e+07,-1.721525e+07
weak,0.3,0.789,26,5,2.231165e-02,40.0271,0,1.545973e+08,3.432749e-08,1.545973e+08,-1.059038e+08
weak,0.3,0.789,26,10,2.231165e-02,40.0271,0,2.270834e+08,5.042265e-08,1.806668e+08,-2.108839e+08
weak,0.3,0.789,26,20,2.231165e-02,40.0271,0,2.270834e+08,5.042265e-08,6.207935e+04,-6.758466e+04
weak,0.3,0.789,28,5,2.231165e-02,31.7946,0,1.476392e+07,3.278250e-09,1.476392e+07,-1.297044e+07
weak,0.3,0.789,28,10,2.231165e-02,31.7946,0,1.567912e+07,3.481463e-09,7.192476e+06,-8.231359e+06
weak,0.3,0.789,28,20,2.231165e-02,31.7946,0,1.567912e+07,3.481463e-09,2.471424e+02,-2.653419e+02
weak,0.3,0.789,30,5,2.231165e-02,25.2554,0,1.409944e+06,3.130704e-10,1.409944e+06,-1.591630e+06
weak,0.3,0.789,30,10,2.231165e-02,25.2554,0,1.424428e+06,3.162866e-10,2.863376e+05,-3.219037e+05
weak,0.3,0.789,30,20,2.231165e-02,25.2554,0,1.424428e+06,3.162866e-10,9.838915e-01,-6.438293e-01
weak,0.3,0.789,32,5,2.231165e-02,20.0611,0,1.643983e+05,3.650377e-11,1.643983e+05,-1.956986e+05
weak,0.3,0.789,32,10,2.231165e-02,20.0611,0,1.643983e+05,3.650377e-11,1.139931e+04,-1.261149e+04
weak,0.3,0.789,32,20,2.231165e-02,20.0611,0,1.643983e+05,3.650377e-11,3.916942e-03,3.786133e-01
weak,0.3,0.789,34,5,2.231165e-02,15.9351,0,2.317899e+04,5.146769e-12,2.069653e+04,-2.410963e+04
weak,0.3,0.789,34,10,2.231165e-02,15.9351,0,2.317899e+04,5.146769e-12,4.538145e+02,-4.946263e+02
weak,0.3,0.789,34,20,2.231165e-02,15.9351,0,2.317899e+04,5.146769e-12,1.559363e-05,3.602728e-01
weak,0.3,0.789,36,5,2.231165e-02,12.6577,0,3.850943e+03,8.550811e-13,2.605538e+03,-2.975846e+03
weak,0.3,0.789,36,10,2.231165e-02,12.6577,0,3.850943e+03,8.550811e-13,1.806668e+01,-1.912332e+01
weak,0.3,0.789,36,20,2.231165e-02,12.6577,0,3.850943e+03,8.550811e-13,6.207935e-08,3.358111e-01
weak,0.3,0.789,38,5,2.231165e-02,10.0543,0,7.496950e+02,1.664657e-13,3.280178e+02,-3.677817e+02
weak,0.3,0.789,38,10,2.231165e-02,10.0543,0,7.496950e+02,1.664657e-13,7.192476e-01,-4.563062e-01
weak,0.3,0.789,38,20,2.231165e-02,10.0543,0,7.496950e+02,1.664657e-13,2.471424e-10,3.098541e-01
weak,0.3,0.789,40,5,2.231165e-02,7.9865,0,1.648265e+02,3.659884e-14,4.129500e+01,-4.532654e+01
weak,0.3,0.789,40,10,2.231165e-02,7.9865,0,1.648265e+02,3.659884e-14,2.863376e-02,2.528752e-01
weak,0.3,0.789,40,20,2.231165e-02,7.9865,1,1.648265e+02,3.659884e-14,9.838915e-13,2.830837e-01
weak,0.3,0.789,42,5,2.231165e-02,6.3439,0,4.038228e+01,8.966667e-15,5.198732e+00,-5.405171e+00
weak,0.3,0.789,42,10,2.231165e-02,6.3439,0,4.038228e+01,8.966667e-15,1.139931e-03,2.550167e-01
weak,0.3,0.789,42,20,2.231165e-02,6.3439,1,4.038228e+01,8.966667e-15,3.916942e-15,2.562093e-01
weak,0.3,0.789,44,5,2.231165e-02,5.0391,0,1.034690e+01,2.297474e-15,6.544816e-01,-4.739889e-01
weak,0.3,0.789,44,10,2.231165e-02,5.0391,0,1.034690e+01,2.297474e-15,4.538145e-05,2.298581e-01
weak,0.3,0.789,44,20,2.231165e-02,5.0391,1,1.034690e+01,2.297474e-15,1.559363e-17,2.299053e-01
weak,0.3,0.789,46,5,2.231165e-02,4.0027,0,3.124715e+00,6.938262e-16,8.239435e-02,1.170947e-01
weak,0.3,0.789,46,10,2.231165e-02,4.0027,0,3.124715e+00,6.938262e-16,1.806668e-06,2.047445e-01
weak,0.3,0.789,46,20,2.231165e-02,4.0027,1,3.124715e+00,6.938262e-16,6.207935e-20,2.047463e-01
weak,0.3,0.789,48,5,2.231165e-02,3.1795,0,9.643183e-01,2.141217e-16,1.037283e-02,1.702383e-01
weak,0.3,0.789,48,10,2.231165e-02,3.1795,0,9.643183e-01,2.141217e-16,7.192476e-08,1.811684e-01
weak,0.3,0.789,48,20,2.231165e-02,3.1795,1,9.643183e-01,2.141217e-16,2.471424e-22,1.811684e-01
weak,0.3,0.789,50,5,2.231165e-02,2.5255,0,3.049442e-01,6.771122e-17,1.305863e-03,1.580913e-01
weak,0.3,0.789,50,10,2.231165e-02,2.5255,0,3.049442e-01,6.771122e-17,2.863376e-09,1.594560e-01
weak,0.3,0.789,50,20,2.231165e-02,2.5255,1,3.049442e-01,6.771122e-17,9.838915e-25,1.594560e-01
weak,0.3,0.992,20,5,1.411404e-02,126.2508,0,3.114311e+13,6.915160e-03,3.114311e+13,-6.361657e+12
weak,0.3,0.992,20,10,1.411404e-02,126.2508,0,7.472250e+15,1.659173e+00,7.472250e+15,-3.753199e+15
weak,0.3,0.992,20,20,1.411404e-02,126.2508,0,9.819064e+16,2.180270e+01,9.369424e+16,-1.113342e+17
weak,0.3,0.992,22,5,1.411404e-02,100.2846,0,2.974144e+12,6.603927e-04,2.974144e+12,-7.726216e+11
weak,0.3,0.992,22,10,1.411404e-02,100.2846,0,2.256583e+14,5.010622e-02,2.256583e+14,-1.450950e+14
weak,0.3,0.992,22,20,1.411404e-02,100.2846,0,7.092658e+14,1.574886e-01,3.730035e+14,-4.338951e+14
weak,0.3,0.992,24,5,1.411404e-02,79.6589,0,2.840286e+11,6.306701e-05,2.840286e+11,-9.397272e+10
weak,0.3,0.992,24,10,1.411404e-02,79.6589,0,6.814773e+12,1.513184e-03,6.814773e+12,-5.619712e+12
weak,0.3,0.992,24,20,1.411404e-02,79.6589,0,9.292319e+12,2.063309e-03,1.484954e+12,-1.694255e+12
weak,0.3,0.992,26,5,1.411404e-02,63.2753,0,2.712452e+10,6.022853e-06,2.712452e+10,-1.144798e+10
weak,0.3,0.992,26,10,1.411404e-02,63.2753,0,2.058029e+11,4.569741e-05,2.058029e+11,-2.180775e+11
weak,0.3,0.992,26,20,1.411404e-02,63.2753,0,2.058029e+11,4.569741e-05,5.911707e+09,-6.628116e+09
weak,0.3,0.992,28,5,1.411404e-02,50.2614,0,2.590371e+09,5.751780e-07,2.590371e+09,-1.397002e+09
weak,0.3,0.992,28,10,1.411404e-02,50.2614,0,7.111658e+09,1.579105e-06,7.111658e+09,-8.479252e+09
weak,0.3,0.992,28,20,1.411404e-02,50.2614,0,7.111658e+09,1.579105e-06,2.353493e+07,-2.597699e+07
weak,0.3,0.992,30,5,1.411404e-02,39.9240,0,2.473785e+08,5.492907e-08,2.473785e+08,-1.707849e+08
weak,0.3,0.992,30,10,1.411404e-02,39.9240,0,3.590649e+08,7.972842e-08,2.831202e+08,-3.303370e+08
weak,0.3,0.992,30,20,1.411404e-02,39.9240,0,3.590649e+08,7.972842e-08,9.369424e+04,-1.019847e+05
weak,0.3,0.992,32,5,1.411404e-02,31.7128,0,2.362447e+07,5.245686e-09,2.362447e+07,-2.091806e+07
weak,0.3,0.992,32,10,1.411404e-02,31.7128,0,2.496172e+07,5.542616e-09,1.127122e+07,-1.289443e+07
weak,0.3,0.992,32,20,1.411404e-02,31.7128,0,2.496172e+07,5.542616e-09,3.730035e+02,-4.006432e+02
weak,0.3,0.992,34,5,1.411404e-02,25.1903,0,2.256119e+06,5.009591e-10,2.256119e+06,-2.567071e+06
weak,0.3,0.992,34,10,1.411404e-02,25.1903,0,2.282382e+06,5.067905e-10,4.487153e+05,-5.042816e+05
weak,0.3,0.992,34,20,1.411404e-02,25.1903,0,2.282382e+06,5.067905e-10,1.484954e+00,-1.203955e+00
weak,0.3,0.992,36,5,1.411404e-02,20.0094,0,2.653681e+05,5.892355e-11,2.653681e+05,-3.156554e+05
weak,0.3,0.992,36,10,1.411404e-02,20.0094,0,2.653681e+05,5.892355e-11,1.786368e+04,-1.975761e+04
weak,0.3,0.992,36,20,1.411404e-02,20.0094,0,2.653681e+05,5.892355e-11,5.911707e-03,3.441834e-01
weak,0.3,0.992,38,5,1.411404e-02,15.8940,0,3.771040e+04,8.373391e-12,3.340786e+04,-3.889087e+04
weak,0.3,0.992,38,10,1.411404e-02,15.8940,0,3.771040e+04,8.373391e-12,7.111658e+02,-7.751574e+02
weak,0.3,0.992,38,20,1.411404e-02,15.8940,0,3.771040e+04,8.373391e-12,2.353493e-05,3.227145e-01
weak,0.3,0.992,40,5,1.411404e-02,12.6251,0,6.323064e+03,1.404002e-12,4.205800e+03,-4.800822e+03
weak,0.3,0.992,40,10,1.411404e-02,12.6251,0,6.323064e+03,1.404002e-12,2.831202e+01,-3.019393e+01
weak,0.3,0.992,40,20,1.411404e-02,12.6251,0,6.323064e+03,1.404002e-12,9.369424e-08,2.930528e-01
weak,0.3,0.992,42,5,1.411404e-02,10.0285,0,1.233849e+03,2.739695e-13,5.294789e+02,-5.935734e+02
weak,0.3,0.992,42,10,1.411404e-02,10.0285,0,1.233849e+03,2.739695e-13,1.127122e+00,-9.382055e-01
weak,0.3,0.992,42,20,1.411404e-02,10.0285,0,1.233849e+03,2.739695e-13,3.730035e-10,2.621874e-01
weak,0.3,0.992,44,5,1.411404e-02,7.9659,0,2.741953e+02,6.088359e-14,6.665744e+01,-7.335457e+01
weak,0.3,0.992,44,10,1.411404e-02,7.9659,0,2.741953e+02,6.088359e-14,4.487153e-02,1.837665e-01
weak,0.3,0.992,44,20,1.411404e-02,7.9659,1,2.741953e+02,6.088359e-14,1.484954e-12,2.310973e-01
weak,0.3,0.992,46,5,1.411404e-02,6.3275,0,6.738586e+01,1.496267e-14,8.391675e+00,-8.933739e+00
weak,0.3,0.992,46,10,1.411404e-02,6.3275,0,6.738586e+01,1.496267e-14,1.786368e-03,1.988743e-01
weak,0.3,0.992,46,20,1.411404e-02,6.3275,1,6.738586e+01,1.496267e-14,5.911707e-15,2.007430e-01
weak,0.3,0.992,48,5,1.411404e-02,5.0261,0,1.752224e+01,3.890720e-15,1.056449e+00,-9.637960e-01
weak,0.3,0.992,48,10,1.411404e-02,5.0261,0,1.752224e+01,3.890720e-15,7.111658e-05,1.719045e-01
weak,0.3,0.992,48,20,1.411404e-02,5.0261,1,1.752224e+01,3.890720e-15,2.353493e-17,1.719783e-01
weak,0.3,0.992,50,5,1.411404e-02,3.9924,0,5.291633e+00,1.174979e-15,1.329991e-01,4.030538e-03
weak,0.3,0.992,50,10,1.411404e-02,3.9924,0,5.291633e+00,1.174979e-15,2.831202e-06,1.454656e-01
weak,0.3,0.992,50,20,1.411404e-02,3.9924,1,5.291633e+00,1.174979e-15,9.369424e-20,1.454685e-01
weak,0.3,1.266,20,5,8.665683e-03,205.6282,0,7.874841e+15,1.748566e+00,7.874841e+15,-9.797226e+14
weak,0.3,1.266,20,10,8.665683e-03,205.6282,0,2.112119e+19,4.689847e+03,2.112119e+19,-6.346862e+18
weak,0.3,1.266,20,20,8.665683e-03,205.6282,0,2.938897e+22,6.525662e+06,2.938897e+22,-2.382293e+22
weak,0.3,1.266,22,5,8.665683e-03,163.3363,0,7.520415e+14,1.669868e-01,7.520415e+14,-1.186742e+14
weak,0.3,1.266,22,10,8.665683e-03,163.3363,0,6.378498e+17,1.416311e+02,6.378498e+17,-2.444709e+17
weak,0.3,1.266,22,20,8.665683e-03,163.3363,0,8.875326e+19,1.970718e+04,8.875326e+19,-9.246170e+19
weak,0.3,1.266,24,5,8.665683e-03,129.7426,0,7.181940e+13,1.594711e-02,7.181940e+13,-1.439231e+13
weak,0.3,1.266,24,10,8.665683e-03,129.7426,0,1.926276e+16,4.277191e+00,1.926276e+16,-9.432462e+15
weak,0.3,1.266,24,20,8.665683e-03,129.7426,0,3.087074e+17,6.854682e+01,3.018262e+17,-3.595623e+17
weak,0.3,1.266,26,5,8.665683e-03,103.0582,0,6.858700e+12,1.522937e-03,6.858700e+12,-1.747764e+12
weak,0.3,1.266,26,10,8.665683e-03,103.0582,0,5.817259e+14,1.291691e-01,5.817259e+14,-3.645820e+14
weak,0.3,1.266,26,20,8.665683e-03,103.0582,0,2.068844e+15,4.593757e-01,1.201592e+15,-1.400988e+15
weak,0.3,1.266,28,5,8.665683e-03,81.8621,0,6.550007e+11,1.454394e-04,6.550007e+11,-2.125540e+11
weak,0.3,1.266,28,10,8.665683e-03,81.8621,0,1.756784e+13,3.900845e-03,1.756784e+13,-1.411799e+13
weak,0.3,1.266,28,20,8.665683e-03,81.8621,0,2.566419e+13,5.698595e-03,4.783623e+12,-5.469333e+12
weak,0.3,1.266,30,5,8.665683e-03,65.0254,0,6.255209e+10,1.388935e-05,6.255209e+10,-2.589071e+10
weak,0.3,1.266,30,10,8.665683e-03,65.0254,0,5.305404e+11,1.178036e-04,5.305404e+11,-5.477514e+11
weak,0.3,1.266,30,20,8.665683e-03,65.0254,0,5.378926e+11,1.194361e-04,1.904394e+10,-2.139215e+10
weak,0.3,1.266,32,5,8.665683e-03,51.6515,0,5.973678e+09,1.326423e-06,5.973678e+09,-3.159048e+09
weak,0.3,1.266,32,10,8.665683e-03,51.6515,0,1.781744e+10,3.956266e-06,1.781744e+10,-2.129330e+10
weak,0.3,1.266,32,20,8.665683e-03,51.6515,0,1.781744e+10,3.956266e-06,7.581531e+07,-8.382349e+07
weak,0.3,1.266,34,5,8.665683e-03,41.0282,0,5.704818e+08,1.266724e-07,5.704818e+08,-3.861444e+08
weak,0.3,1.266,34,10,8.665683e-03,41.0282,0,8.634004e+08,1.917134e-07,7.093251e+08,-8.293844e+08
weak,0.3,1.266,34,20,8.665683e-03,41.0282,0,8.634004e+08,1.917134e-07,3.018262e+05,-3.290260e+05
weak,0.3,1.266,36,5,8.665683e-03,32.5899,0,5.448059e+07,1.209712e-08,5.448059e+07,-4.728899e+07
weak,0.3,1.266,36,10,8.665683e-03,32.5899,0,5.849841e+07,1.298926e-08,2.823874e+07,-3.236794e+07
weak,0.3,1.266,36,20,8.665683e-03,32.5899,0,5.849841e+07,1.298926e-08,1.201592e+03,-1.293238e+03
weak,0.3,1.266,38,5,8.665683e-03,25.8871,0,5.202856e+06,1.155266e-09,5.202856e+06,-5.802476e+06
weak,0.3,1.266,38,10,8.665683e-03,25.8871,0,5.243148e+06,1.164213e-09,1.124204e+06,-1.265619e+06
weak,0.3,1.266,38,20,8.665683e-03,25.8871,0,5.243148e+06,1.164213e-09,4.783623e+00,-4.742865e+00
weak,0.3,1.266,40,5,8.665683e-03,20.5628,0,5.987068e+05,1.329396e-10,5.987068e+05,-7.133862e+05
weak,0.3,1.266,40,10,8.665683e-03,20.5628,0,5.987068e+05,1.329396e-10,4.475539e+04,-4.957799e+04
weak,0.3,1.266,40,20,8.665683e-03,20.5628,0,5.987068e+05,1.329396e-10,1.904394e-02,3.015199e-01
weak,0.3,1.266,42,5,8.665683e-03,16.3336,0,8.393574e+04,1.863748e-11,7.537273e+04,-8.788140e+04
weak,0.3,1.266,42,10,8.665683e-03,16.3336,0,8.393574e+04,1.863748e-11,1.781744e+03,-1.945270e+03
weak,0.3,1.266,42,20,8.665683e-03,16.3336,0,8.393574e+04,1.863748e-11,7.581531e-05,2.895496e-01
weak,0.3,1.266,44,5,8.665683e-03,12.9743,0,1.391918e+04,3.090679e-12,9.488864e+03,-1.084715e+04
weak,0.3,1.266,44,10,8.665683e-03,12.9743,0,1.391918e+04,3.090679e-12,7.093251e+01,-7.621873e+01
weak,0.3,1.266,44,20,8.665683e-03,12.9743,0,1.391918e+04,3.090679e-12,3.018262e-07,2.558769e-01
weak,0.3,1.266,46,5,8.665683e-03,10.3058,0,2.711298e+03,6.020290e-13,1.194577e+03,-1.341272e+03
weak,0.3,1.266,46,10,8.665683e-03,10.3058,0,2.711298e+03,6.020290e-13,2.823874e+00,-2.789159e+00
weak,0.3,1.266,46,20,8.665683e-03,10.3058,0,2.711298e+03,6.020290e-13,1.201592e-09,2.214929e-01
weak,0.3,1.266,48,5,8.665683e-03,8.1862,0,6.000673e+02,1.332417e-13,1.503884e+02,-1.660219e+02
weak,0.3,1.266,48,10,8.665683e-03,8.1862,0,6.000673e+02,1.332417e-13,1.124204e-01,6.902740e-02
weak,0.3,1.266,48,20,8.665683e-03,8.1862,0,6.000673e+02,1.332417e-13,4.783623e-12,1.877193e-01
weak,0.3,1.266,50,5,8.665683e-03,6.5025,0,1.474605e+02,3.274281e-14,1.893277e+01,-2.047387e+01
weak,0.3,1.266,50,10,8.665683e-03,6.5025,0,1.474605e+02,3.274281e-14,4.475539e-03,1.510503e-01
weak,0.3,1.266,50,20,8.665683e-03,6.5025,1,1.474605e+02,3.274281e-14,1.904394e-14,1.557357e-01
weak,0.3,1.548,20,5,5.795979e-03,307.4388,0,7.846399e+17,1.742251e+02,7.846399e+17,-6.550589e+16
weak,0.3,1.548,20,10,5.795979e-03,307.4388,0,1.515597e+22,3.365301e+06,1.515597e+22,-3.003966e+21
weak,0.3,1.548,20,20,5.795979e-03,307.4388,0,1.146965e+27,2.546773e+11,1.146965e+27,-6.035673e+26
weak,0.3,1.548,22,5,5.795979e-03,244.2074,0,7.493253e+16,1.663836e+01,7.493253e+16,-7.921081e+15
weak,0.3,1.548,22,10,5.795979e-03,244.2074,0,4.577029e+20,1.016305e+05,4.577029e+20,-1.154045e+20
weak,0.3,1.548,22,20,5.795979e-03,244.2074,0,3.463778e+24,7.691132e+08,3.463778e+24,-2.334851e+24
weak,0.3,1.548,24,5,5.795979e-03,193.9808,0,7.156001e+15,1.588951e+00,7.156001e+15,-9.587768e+14
weak,0.3,1.548,24,10,5.795979e-03,193.9808,0,1.382241e+19,3.069191e+03,1.382241e+19,-4.440106e+18
weak,0.3,1.548,24,20,5.795979e-03,193.9808,0,1.046044e+22,2.322685e+06,1.046044e+22,-9.049161e+21
weak,0.3,1.548,26,5,5.795979e-03,154.0844,0,6.833928e+14,1.517437e-01,6.833928e+14,-1.161807e+14
weak,0.3,1.548,26,10,5.795979e-03,154.0844,0,4.174300e+17,9.268808e+01,4.174300e+17,-1.711036e+17
weak,0.3,1.548,26,20,5.795979e-03,154.0844,0,3.159003e+19,7.014396e+03,3.159003e+19,-3.513939e+19
weak,0.3,1.548,28,5,5.795979e-03,122.3936,0,6.526351e+13,1.449141e-02,6.526351e+13,-1.409580e+13
weak,0.3,1.548,28,10,5.795979e-03,122.3936,0,1.260618e+16,2.799135e+00,1.260618e+16,-6.604911e+15
weak,0.3,1.548,28,20,5.795979e-03,122.3936,0,1.265574e+17,2.810139e+01,1.154309e+17,-1.367185e+17
weak,0.3,1.548,30,5,5.795979e-03,97.2207,0,6.232616e+12,1.383919e-03,6.232616e+12,-1.712544e+12
weak,0.3,1.548,30,10,5.795979e-03,97.2207,0,3.807007e+14,8.453253e-02,3.807007e+14,-2.554216e+14
weak,0.3,1.548,30,20,5.795979e-03,97.2207,0,1.003074e+15,2.227272e-01,4.595385e+14,-5.329759e+14
weak,0.3,1.548,32,5,5.795979e-03,77.2251,0,5.952103e+11,1.321632e-04,5.952103e+11,-2.083749e+11
weak,0.3,1.548,32,10,5.795979e-03,77.2251,0,1.149698e+13,2.552842e-03,1.149698e+13,-9.896093e+12
weak,0.3,1.548,32,20,5.795979e-03,77.2251,0,1.451709e+13,3.223442e-03,1.829456e+12,-2.081724e+12
weak,0.3,1.548,34,5,5.795979e-03,61.3421,0,5.684214e+10,1.262149e-05,5.684214e+10,-2.539532e+10
weak,0.3,1.548,34,10,5.795979e-03,61.3421,0,3.472032e+11,7.709459e-05,3.472032e+11,-3.841567e+11
weak,0.3,1.548,34,20,5.795979e-03,61.3421,0,3.472032e+11,7.709459e-05,7.283195e+09,-8.146149e+09
weak,0.3,1.548,36,5,5.795979e-03,48.7258,0,5.428382e+09,1.205343e-06,5.428382e+09,-3.100374e+09
weak,0.3,1.548,36,10,5.795979e-03,48.7258,0,1.275883e+10,2.833030e-06,1.258093e+10,-1.494184e+10
weak,0.3,1.548,36,20,5.795979e-03,48.7258,0,1.275883e+10,2.833030e-06,2.899492e+07,-3.193476e+07
weak,0.3,1.548,38,5,5.795979e-03,38.7043,0,5.184065e+08,1.151094e-07,5.184065e+08,-3.791995e+08
weak,0.3,1.548,38,10,5.795979e-03,38.7043,0,6.878408e+08,1.527313e-07,5.008557e+08,-5.823075e+08
weak,0.3,1.548,38,20,5.795979e-03,38.7043,0,6.878408e+08,1.527313e-07,1.154309e+05,-1.254055e+05
weak,0.3,1.548,40,5,5.795979e-03,30.7439,0,4.950743e+07,1.099286e-08,4.950743e+07,-4.646732e+07
weak,0.3,1.548,40,10,5.795979e-03,30.7439,0,5.030023e+07,1.116890e-08,1.993942e+07,-2.273752e+07
weak,0.3,1.548,40,20,5.795979e-03,30.7439,0,5.030023e+07,1.116890e-08,4.595385e+02,-4.928987e+02
weak,0.3,1.548,42,5,5.795979e-03,24.4207,0,4.826204e+06,1.071633e-09,4.727923e+06,-5.705269e+06
weak,0.3,1.548,42,10,5.795979e-03,24.4207,0,4.832131e+06,1.072949e-09,7.938028e+05,-8.895196e+05
weak,0.3,1.548,42,20,5.795979e-03,24.4207,0,4.832131e+06,1.072949e-09,1.829456e+00,-1.619502e+00
weak,0.3,1.548,44,5,5.795979e-03,19.3981,0,5.932744e+05,1.317334e-10,5.932744e+05,-7.018833e+05
weak,0.3,1.548,44,10,5.795979e-03,19.3981,0,5.932744e+05,1.317334e-10,3.160186e+04,-3.486230e+04
weak,0.3,1.548,44,20,5.795979e-03,19.3981,0,5.932744e+05,1.317334e-10,7.283195e-03,2.828879e-01
weak,0.3,1.548,46,5,5.795979e-03,15.4084,0,8.969895e+04,1.991717e-11,7.468882e+04,-8.651931e+04
weak,0.3,1.548,46,10,5.795979e-03,15.4084,0,8.969895e+04,1.991717e-11,1.258093e+03,-1.368469e+03
weak,0.3,1.548,46,20,5.795979e-03,15.4084,0,8.969895e+04,1.991717e-11,2.899492e-05,2.554170e-01
weak,0.3,1.548,48,5,5.795979e-03,12.2394,0,1.593508e+04,3.538297e-12,9.402765e+03,-1.068571e+04
weak,0.3,1.548,48,10,5.795979e-03,12.2394,0,1.593508e+04,3.538297e-12,5.008557e+01,-5.360503e+01
weak,0.3,1.548,48,20,5.795979e-03,12.2394,0,1.593508e+04,3.538297e-12,1.154309e-07,2.193804e-01
weak,0.3,1.548,50,5,5.795979e-03,9.7221,0,3.159724e+03,7.015996e-13,1.183738e+03,-1.322136e+03
weak,0.3,1.548,50,10,5.795979e-03,9.7221,0,3.159724e+03,7.015996e-13,1.993942e+00,-1.936060e+00
weak,0.3,1.548,50,20,5.795979e-03,9.7221,0,3.159724e+03,7.015996e-13,4.595385e-10,1.837577e-01
weak,0.3,1.967,20,5,3.589709e-03,496.3937,0,2.069476e+20,4.595160e+04,2.069476e+20,-1.098472e+19
weak,0.3,1.967,20,10,3.589709e-03,496.3937,0,4.021127e+25,8.928695e+09,4.021127e+25,-4.906577e+24
weak,0.3,1.967,20,20,3.589709e-03,496.3937,0,3.466690e+32,7.697598e+16,3.466690e+32,-1.099714e+32
weak,0.3,1.967,22,5,3.589709e-03,394.2996,0,1.976334e+19,4.388343e+03,1.976334e+19,-1.326242e+18
weak,0.3,1.967,22,10,3.589709e-03,394.2996,0,1.214361e+24,2.696423e+08,1.214361e+24,-1.880057e+23
weak,0.3,1.967,22,20,3.589709e-03,394.2996,0,1.046924e+30,2.324638e+14,1.046924e+30,-4.238717e+29
weak,0.3,1.967,24,5,3.589709e-03,313.2033,0,1.887384e+18,4.190835e+02,1.887384e+18,-1.602473e+17
weak,0.3,1.967,24,10,3.589709e-03,313.2033,0,3.667311e+22,8.143067e+06,3.667311e+22,-7.212654e+21
weak,0.3,1.967,24,20,3.589709e-03,313.2033,0,3.161659e+27,7.020293e+11,3.161659e+27,-1.636561e+27
weak,0.3,1.967,26,5,3.589709e-03,248.7862,0,1.802438e+17,4.002217e+01,1.802438e+17,-1.937945e+16
weak,0.3,1.967,26,10,3.589709e-03,248.7862,0,1.107510e+21,2.459167e+05,1.107510e+21,-2.770809e+20
weak,0.3,1.967,26,20,3.589709e-03,248.7862,0,9.548057e+24,2.120095e+09,9.548057e+24,-6.330134e+24
weak,0.3,1.967,28,5,3.589709e-03,197.6179,0,1.721315e+16,3.822087e+00,1.721315e+16,-2.345992e+15
weak,0.3,1.967,28,10,3.589709e-03,197.6179,0,3.344628e+19,7.426565e+03,3.344628e+19,-1.066007e+19
weak,0.3,1.967,28,20,3.589709e-03,197.6179,0,2.883467e+22,6.402583e+06,2.883467e+22,-2.453056e+22
weak,0.3,1.967,30,5,3.589709e-03,156.9735,0,1.643843e+15,3.650065e-01,1.643843e+15,-2.843156e+14
weak,0.3,1.967,30,10,3.589709e-03,156.9735,0,1.010061e+18,2.242787e+02,1.010061e+18,-4.107777e+17
weak,0.3,1.967,30,20,3.589709e-03,156.9735,0,8.707932e+19,1.933549e+04,8.707932e+19,-9.524398e+19
weak,0.3,1.967,32,5,3.589709e-03,124.6885,0,1.569858e+14,3.485785e-02,1.569858e+14,-3.450008e+13
weak,0.3,1.967,32,10,3.589709e-03,124.6885,0,3.050337e+16,6.773108e+00,3.050337e+16,-1.585603e+16
weak,0.3,1.967,32,20,3.589709e-03,124.6885,0,3.336384e+17,7.408260e+01,3.123738e+17,-3.705226e+17
weak,0.3,1.967,34,5,3.589709e-03,99.0436,0,1.499203e+13,3.328899e-03,1.499203e+13,-4.192191e+12
weak,0.3,1.967,34,10,3.589709e-03,99.0436,0,9.211870e+14,2.045446e-01,9.211870e+14,-6.131459e+14
weak,0.3,1.967,34,20,3.589709e-03,99.0436,0,2.562688e+15,5.690311e-01,1.243583e+15,-1.444239e+15
weak,0.3,1.967,36,5,3.589709e-03,78.6731,0,1.431728e+12,3.179074e-04,1.431728e+12,-5.101746e+11
weak,0.3,1.967,36,10,3.589709e-03,78.6731,0,2.781940e+13,6.177148e-03,2.781940e+13,-2.375460e+13
weak,0.3,1.967,36,20,3.589709e-03,78.6731,0,3.582768e+13,7.955343e-03,4.950791e+12,-5.640270e+12
weak,0.3,1.967,38,5,3.589709e-03,62.4923,0,1.367289e+11,3.035992e-05,1.367289e+11,-6.218786e+10
weak,0.3,1.967,38,10,3.589709e-03,62.4923,0,8.401325e+11,1.865469e-04,8.401325e+11,-9.220817e+11
weak,0.3,1.967,38,20,3.589709e-03,62.4923,0,8.401325e+11,1.865469e-04,1.970946e+10,-2.206867e+10
weak,0.3,1.967,40,5,3.589709e-03,49.6394,0,1.305751e+10,2.899350e-06,1.305751e+10,-7.593611e+09
weak,0.3,1.967,40,10,3.589709e-03,49.6394,0,3.048020e+10,6.767964e-06,3.017679e+10,-3.586261e+10
weak,0.3,1.967,40,20,3.589709e-03,49.6394,0,3.048020e+10,6.767964e-06,7.846476e+07,-8.650412e+07
weak,0.3,1.967,42,5,3.589709e-03,39.4300,0,1.246983e+09,2.768857e-07,1.246983e+09,-9.289391e+08
weak,0.3,1.967,42,10,3.589709e-03,39.4300,0,1.639323e+09,3.640029e-07,1.201360e+09,-1.397548e+09
weak,0.3,1.967,42,20,3.589709e-03,39.4300,0,1.639323e+09,3.640029e-07,3.123738e+05,-3.396586e+05
weak,0.3,1.967,44,5,3.589709e-03,31.3203,0,1.190859e+08,2.644238e-08,1.190859e+08,-1.138555e+08
weak,0.3,1.967,44,10,3.589709e-03,31.3203,0,1.202043e+08,2.669071e-08,4.782698e+07,-5.456753e+07
weak,0.3,1.967,44,20,3.589709e-03,31.3203,0,1.202043e+08,2.669071e-08,1.243583e+03,-1.335485e+03
weak,0.3,1.967,46,5,3.589709e-03,24.8786,0,1.179879e+07,2.619858e-09,1.157505e+07,-1.398202e+07
weak,0.3,1.967,46,10,3.589709e-03,24.8786,0,1.179879e+07,2.619858e-09,1.904027e+06,-2.134638e+06
weak,0.3,1.967,46,20,3.589709e-03,24.8786,0,1.179879e+07,2.619858e-09,4.950791e+00,-4.954284e+00
weak,0.3,1.967,48,5,3.589709e-03,19.7618,0,1.472206e+06,3.268955e-10,1.457213e+06,-1.720465e+06
weak,0.3,1.967,48,10,3.589709e-03,19.7618,0,1.472206e+06,3.268955e-10,7.580066e+04,-8.365756e+04
weak,0.3,1.967,48,20,3.589709e-03,19.7618,0,1.472206e+06,3.268955e-10,1.970946e-02,2.514404e-01
weak,0.3,1.967,50,5,3.589709e-03,15.6973,0,2.279415e+05,5.061317e-11,1.834522e+05,-2.121192e+05
weak,0.3,1.967,50,10,3.589709e-03,15.6973,0,2.279415e+05,5.061317e-11,3.017679e+03,-3.284061e+03
weak,0.3,1.967,50,20,3.589709e-03,15.6973,0,2.279415e+05,5.061317e-11,7.846476e-05,2.353120e-01
weak,0.3,2.511,20,5,2.202796e-03,808.9307,0,7.983333e+22,1.772656e+07,7.983333e+22,-2.933072e+21
weak,0.3,2.511,20,10,2.202796e-03,808.9307,0,1.397170e+29,3.102340e+13,1.397170e+29,-1.061457e+28
weak,0.3,2.511,20,20,2.202796e-03,808.9307,0,1.409960e+38,3.130741e+22,1.409960e+38,-2.697703e+37
weak,0.3,2.511,22,5,2.202796e-03,642.5565,0,7.624024e+21,1.692873e+06,7.624024e+21,-3.538265e+20
weak,0.3,2.511,22,10,2.202796e-03,642.5565,0,4.219385e+27,9.368917e+11,4.219385e+27,-4.058836e+26
weak,0.3,2.511,22,20,2.202796e-03,642.5565,0,4.258012e+35,9.454686e+19,4.258012e+35,-1.036449e+35
weak,0.3,2.511,24,5,2.202796e-03,510.4007,0,7.280886e+20,1.616682e+05,7.280886e+20,-4.271038e+19
weak,0.3,2.511,24,10,2.202796e-03,510.4007,0,1.274234e+26,2.829368e+10,1.274234e+26,-1.553548e+25
weak,0.3,2.511,24,20,2.202796e-03,510.4007,0,1.285899e+33,2.855269e+17,1.285899e+33,-3.987897e+32
weak,0.3,2.511,26,5,2.202796e-03,405.4257,0,6.953193e+19,1.543919e+04,6.953193e+19,-5.159345e+18
weak,0.3,2.511,26,10,2.202796e-03,405.4257,0,3.848125e+24,8.544554e+08,3.848125e+24,-5.952860e+23
weak,0.3,2.511,26,20,2.202796e-03,405.4257,0,3.883353e+30,8.622776e+14,3.883353e+30,-1.536855e+30
weak,0.3,2.511,28,5,2.202796e-03,322.0411,0,6.640247e+18,1.474431e+03,6.640247e+18,-6.237641e+17
weak,0.3,2.511,28,10,2.202796e-03,322.0411,0,1.162115e+23,2.580414e+07,1.162115e+23,-2.283805e+22
weak,0.3,2.511,28,20,2.202796e-03,322.0411,0,1.172754e+28,2.604037e+12,1.172754e+28,-5.932821e+27
weak,0.3,2.511,30,5,2.202796e-03,255.8063,0,6.341387e+17,1.408071e+02,6.341387e+17,-7.548501e+16
weak,0.3,2.511,30,10,2.202796e-03,255.8063,0,3.509532e+21,7.792726e+05,3.509532e+21,-8.773651e+20
weak,0.3,2.511,30,20,2.202796e-03,255.8063,0,3.541660e+25,7.864065e+09,3.541660e+25,-2.294399e+25
weak,0.3,2.511,32,5,2.202796e-03,203.1942,0,6.055978e+16,1.344697e+01,6.055978e+16,-9.144678e+15
weak,0.3,2.511,32,10,2.202796e-03,203.1942,0,1.059862e+20,2.353366e+04,1.059862e+20,-3.375545e+19
weak,0.3,2.511,32,20,2.202796e-03,203.1942,0,1.069564e+23,2.374910e+07,1.069564e+23,-8.889719e+22
weak,0.3,2.511,34,5,2.202796e-03,161.4029,0,5.783414e+15,1.284176e+00,5.783414e+15,-1.109170e+15
weak,0.3,2.511,34,10,2.202796e-03,161.4029,0,3.200731e+18,7.107051e+02,3.200731e+18,-1.300773e+18
weak,0.3,2.511,34,20,2.202796e-03,161.4029,0,3.230032e+20,7.172112e+04,3.230032e+20,-3.450970e+20
weak,0.3,2.511,36,5,2.202796e-03,128.2069,0,5.523117e+14,1.226378e-01,5.523117e+14,-1.347119e+14
weak,0.3,2.511,36,10,2.202796e-03,128.2069,0,9.666053e+16,2.146295e+01,9.666053e+16,-5.021110e+16
weak,0.3,2.511,36,20,2.202796e-03,128.2069,0,1.181593e+18,2.623664e+02,1.129315e+18,-1.342272e+18
weak,0.3,2.511,38,5,2.202796e-03,101.8383,0,5.274536e+13,1.171182e-02,5.274536e+13,-1.638498e+13
weak,0.3,2.511,38,10,2.202796e-03,101.8383,0,2.919101e+15,6.481707e-01,2.919101e+15,-1.941690e+15
weak,0.3,2.511,38,20,2.202796e-03,101.8383,0,8.581853e+15,1.905554e+00,4.495883e+15,-5.231036e+15
weak,0.3,2.511,40,5,2.202796e-03,80.8931,0,5.037143e+12,1.118470e-03,5.037143e+12,-1.996048e+12
weak,0.3,2.511,40,10,2.202796e-03,80.8931,0,8.815545e+13,1.957444e-02,8.815545e+13,-7.522710e+13
weak,0.3,2.511,40,20,2.202796e-03,80.8931,0,1.152929e+14,2.560017e-02,1.789843e+13,-2.042550e+13
weak,0.3,2.511,42,5,2.202796e-03,64.2556,0,4.810434e+11,1.068131e-04,4.810434e+11,-2.435732e+11
weak,0.3,2.511,42,10,2.202796e-03,64.2556,0,2.662252e+12,5.911387e-04,2.662252e+12,-2.920159e+12
weak,0.3,2.511,42,20,2.202796e-03,64.2556,0,2.662252e+12,5.911387e-04,7.125495e+10,-7.990525e+10
weak,0.3,2.511,44,5,2.202796e-03,51.0401,0,4.593929e+10,1.020057e-05,4.593929e+10,-2.977579e+10
weak,0.3,2.511,44,10,2.202796e-03,51.0401,0,9.705588e+10,2.155073e-05,9.558601e+10,-1.135766e+11
weak,0.3,2.511,44,20,2.202796e-03,51.0401,0,9.705588e+10,2.155073e-05,2.836711e+08,-3.131595e+08
weak,0.3,2.511,46,5,2.202796e-03,40.5426,0,4.387168e+09,9.741470e-07,4.387168e+09,-3.646761e+09
weak,0.3,2.511,46,10,2.202796e-03,40.5426,0,5.326279e+09,1.182671e-06,3.805347e+09,-4.426119e+09
weak,0.3,2.511,46,20,2.202796e-03,40.5426,0,5.326279e+09,1.182671e-06,1.129315e+06,-1.229434e+06
weak,0.3,2.511,48,5,2.202796e-03,32.2041,0,5.032352e+08,1.117407e-07,4.189713e+08,-4.474934e+08
weak,0.3,2.511,48,10,2.202796e-03,32.2041,0,5.032352e+08,1.117407e-07,1.514936e+08,-1.728222e+08
weak,0.3,2.511,48,20,2.202796e-03,32.2041,0,5.032352e+08,1.117407e-07,4.495883e+03,-4.834145e+03
weak,0.3,2.511,50,5,2.202796e-03,25.5806,0,1.207177e+08,2.680472e-08,4.613471e+07,-5.501944e+07
weak,0.3,2.511,50,10,2.202796e-03,25.5806,0,1.207177e+08,2.680472e-08,6.031069e+06,-6.760791e+06
weak,0.3,2.511,50,20,2.202796e-03,25.5806,0,1.207177e+08,2.680472e-08,1.789843e+01,-1.874135e+01
weak,0.3,3.104,20,5,1.441532e-03,1236.1222,0,6.352861e+25,1.410619e+10,6.352861e+25,-6.343405e+24
weak,0.3,3.104,20,10,1.441532e-03,1236.1222,0,2.148529e+32,4.770693e+16,2.148529e+32,-1.148215e+31
weak,0.3,3.104,20,20,1.441532e-03,1236.1222,0,1.143218e+43,2.538455e+27,1.143218e+43,-1.426567e+42
weak,0.3,3.104,22,5,1.441532e-03,981.8867,0,6.066936e+24,1.347130e+09,6.066936e+24,-6.732081e+23
weak,0.3,3.104,22,10,1.441532e-03,981.8867,0,6.488454e+30,1.440726e+15,6.488454e+30,-4.385458e+29
weak,0.3,3.104,22,20,1.441532e-03,981.8867,0,3.452464e+40,7.666011e+24,3.452464e+40,-5.468077e+39
weak,0.3,3.104,24,5,1.441532e-03,779.9404,0,5.793878e+23,1.286499e+08,5.793878e+23,-7.120520e+22
weak,0.3,3.104,24,10,1.441532e-03,779.9404,0,1.959482e+29,4.350923e+13,1.959482e+29,-1.676334e+28
weak,0.3,3.104,24,20,1.441532e-03,779.9404,0,1.042628e+38,2.315098e+22,1.042628e+38,-2.098565e+37
weak,0.3,3.104,26,5,1.441532e-03,619.5286,0,5.533111e+22,1.228597e+07,5.533111e+22,-7.501583e+21
weak,0.3,3.104,26,10,1.441532e-03,619.5286,0,5.917540e+27,1.313958e+12,5.917540e+27,-6.413705e+26
weak,0.3,3.104,26,20,1.441532e-03,619.5286,0,3.148685e+35,6.991485e+19,3.148685e+35,-8.065107e+34
weak,0.3,3.104,28,5,1.441532e-03,492.1091,0,5.284080e+21,1.173301e+06,5.284080e+21,-7.865981e+20
weak,0.3,3.104,28,10,1.441532e-03,492.1091,0,1.787069e+26,3.968089e+10,1.787069e+26,-2.456475e+25
weak,0.3,3.104,28,20,1.441532e-03,492.1091,0,9.508877e+32,2.111395e+17,9.508877e+32,-3.104211e+32
weak,0.3,3.104,30,5,1.441532e-03,390.8961,0,5.046257e+20,1.120494e+05,5.046257e+20,-8.201759e+19
weak,0.3,3.104,30,10,1.441532e-03,390.8961,0,5.396861e+24,1.198344e+09,5.396861e+24,-9.419430e+23
weak,0.3,3.104,30,20,1.441532e-03,390.8961,0,2.871635e+30,6.376310e+14,2.871635e+30,-1.196729e+30
weak,0.3,3.104,32,5,1.441532e-03,310.4998,0,4.819138e+19,1.070064e+04,4.819138e+19,-8.493632e+18
weak,0.3,3.104,32,10,1.441532e-03,310.4998,0,1.629826e+23,3.618940e+07,1.629826e+23,-3.616603e+22
weak,0.3,3.104,32,20,1.441532e-03,310.4998,0,8.672199e+27,1.925615e+12,8.672199e+27,-4.621561e+27
weak,0.3,3.104,34,5,1.441532e-03,246.6388,0,4.602241e+18,1.021903e+03,4.602241e+18,-8.722177e+17
weak,0.3,3.104,34,10,1.441532e-03,246.6388,0,4.921995e+21,1.092903e+06,4.921995e+21,-1.390579e+21
weak,0.3,3.104,34,20,1.441532e-03,246.6388,0,2.618962e+25,5.815264e+09,2.618962e+25,-1.788004e+25
weak,0.3,3.104,36,5,1.441532e-03,195.9122,0,4.395106e+17,9.759096e+01,4.395106e+17,-8.862813e+16
weak,0.3,3.104,36,10,1.441532e-03,195.9122,0,1.486419e+20,3.300513e+04,1.486419e+20,-5.355028e+19
weak,0.3,3.104,36,20,1.441532e-03,195.9122,0,7.909139e+22,1.756182e+07,7.909139e+22,-6.930511e+22
weak,0.3,3.104,38,5,1.441532e-03,155.6186,0,4.197294e+16,9.319865e+00,4.197294e+16,-8.884538e+15
weak,0.3,3.104,38,10,1.441532e-03,155.6186,0,4.488913e+18,9.967389e+02,4.488913e+18,-2.065608e+18
weak,0.3,3.104,38,20,1.441532e-03,155.6186,0,2.388522e+20,5.303584e+04,2.388522e+20,-2.691532e+20
weak,0.3,3.104,40,5,1.441532e-03,123.6122,0,4.008385e+15,8.900402e-01,4.008385e+15,-8.748339e+14
weak,0.3,3.104,40,10,1.441532e-03,123.6122,0,1.355630e+17,3.010104e+01,1.355630e+17,-7.981735e+16
weak,0.3,3.104,40,20,1.441532e-03,123.6122,0,9.992754e+17,2.218837e+02,8.853272e+17,-1.047324e+18
weak,0.3,3.104,42,5,1.441532e-03,98.1887,0,3.827978e+14,8.499818e-02,3.827978e+14,-8.405208e+13
weak,0.3,3.104,42,10,1.441532e-03,98.1887,0,4.093937e+15,9.090367e-01,4.093937e+15,-3.089912e+15
weak,0.3,3.104,42,20,1.441532e-03,98.1887,0,8.544309e+15,1.897218e+00,3.524551e+15,-4.083280e+15
weak,0.3,3.104,44,5,1.441532e-03,77.9940,0,3.655690e+13,8.117263e-03,3.655690e+13,-7.793650e+12
weak,0.3,3.104,44,10,1.441532e-03,77.9940,0,1.236349e+14,2.745247e-02,1.236349e+14,-1.198455e+14
weak,0.3,3.104,44,20,1.441532e-03,77.9940,0,1.365044e+14,3.031006e-02,1.403149e+13,-1.595040e+13
weak,0.3,3.104,46,5,1.441532e-03,61.9529,0,3.491157e+12,7.751926e-04,3.491157e+12,-6.836545e+11
weak,0.3,3.104,46,10,1.441532e-03,61.9529,0,4.466626e+12,9.917903e-04,3.880118e+12,-4.657371e+12
weak,0.3,3.104,46,20,1.441532e-03,61.9529,0,4.466626e+12,9.917903e-04,5.586037e+10,-6.242314e+10
weak,0.3,3.104,48,5,1.441532e-03,49.2109,0,3.334029e+11,7.403032e-05,3.334029e+11,-5.437216e+10
weak,0.3,3.104,48,10,1.441532e-03,49.2109,0,4.466626e+11,9.917903e-05,1.544703e+11,-1.813469e+11
weak,0.3,3.104,48,20,1.441532e-03,49.2109,0,4.466626e+11,9.917903e-05,2.223841e+08,-2.447371e+08
weak,0.3,3.104,50,5,1.441532e-03,39.0896,0,3.183973e+10,7.069840e-06,3.183973e+10,-3.474462e+09
weak,0.3,3.104,50,10,1.441532e-03,39.0896,0,4.466626e+10,9.917903e-06,6.149573e+09,-7.074970e+09
weak,0.3,3.104,50,20,1.441532e-03,39.0896,0,4.466626e+10,9.917903e-06,8.853272e+05,-9.611564e+05
weak,0.3,3.912,20,5,9.075485e-04,1963.4313,0,1.253022e+27,2.782267e+11,1.253022e+27,-2.197466e+37
weak,0.3,3.912,20,10,9.075485e-04,1963.4313,0,2.075475e+37,4.608481e+21,2.075475e+37,-2.192165e+37
weak,0.3,3.912,20,20,9.075485e-04,1963.4313,0,3.309905e+48,7.349465e+32,3.309905e+48,-2.674595e+47
weak,0.3,3.912,22,5,9.075485e-04,1559.6089,0,1.196626e+26,2.657045e+10,1.196626e+26,-6.479594e+35
weak,0.3,3.912,22,10,9.075485e-04,1559.6089,0,6.267835e+35,1.391739e+20,6.267835e+35,-6.459409e+35
weak,0.3,3.912,22,20,9.075485e-04,1559.6089,0,9.995752e+45,2.219503e+30,9.995752e+45,-1.023179e+45
weak,0.3,3.912,24,5,9.075485e-04,1238.8414,0,1.142769e+25,2.537458e+09,1.142769e+25,-1.910616e+34
weak,0.3,3.912,24,10,9.075485e-04,1238.8414,0,1.892856e+34,4.202984e+18,1.892856e+34,-1.902927e+34
weak,0.3,3.912,24,20,9.075485e-04,1238.8414,0,3.018669e+43,6.702791e+27,3.018669e+43,-3.918252e+42
weak,0.3,3.912,26,5,9.075485e-04,984.0467,0,1.091336e+24,2.423253e+08,1.091336e+24,-5.633769e+32
weak,0.3,3.912,26,10,9.075485e-04,984.0467,0,5.716333e+32,1.269281e+17,5.716333e+32,-5.604471e+32
weak,0.3,3.912,26,20,9.075485e-04,984.0467,0,9.116234e+40,2.024211e+25,9.116234e+40,-1.502221e+40
weak,0.3,3.912,28,5,9.075485e-04,781.6561,0,1.042218e+23,2.314189e+07,1.042218e+23,-1.661210e+31
weak,0.3,3.912,28,10,9.075485e-04,781.6561,0,1.726305e+31,3.833167e+15,1.726305e+31,-1.650042e+31
weak,0.3,3.912,28,20,9.075485e-04,781.6561,0,2.753059e+38,6.113018e+22,2.753059e+38,-5.766748e+37
weak,0.3,3.912,30,5,9.075485e-04,620.8915,0,9.953105e+21,2.210033e+06,9.953105e+21,-4.898354e+29
weak,0.3,3.912,30,10,9.075485e-04,620.8915,0,5.213358e+29,1.157598e+14,5.213358e+29,-4.855755e+29
weak,0.3,3.912,30,20,9.075485e-04,620.8915,0,8.314105e+35,1.846102e+20,8.314105e+35,-2.216858e+35
weak,0.3,3.912,32,5,9.075485e-04,493.1916,0,9.505142e+20,2.110565e+05,9.505142e+20,-1.444361e+28
weak,0.3,3.912,32,10,9.075485e-04,493.1916,0,1.574409e+28,3.495890e+12,1.574409e+28,-1.428103e+28
weak,0.3,3.912,32,20,9.075485e-04,493.1916,0,2.510819e+33,5.575139e+17,2.510819e+33,-8.535074e+32
weak,0.3,3.912,34,5,9.075485e-04,391.7560,0,9.077340e+19,2.015574e+04,9.077340e+19,-4.258939e+26
weak,0.3,3.912,34,10,9.075485e-04,391.7560,0,4.754639e+26,1.055742e+11,4.754639e+26,-4.196850e+26
weak,0.3,3.912,34,20,9.075485e-04,391.7560,0,7.582553e+30,1.683665e+15,7.582553e+30,-3.291460e+30
weak,0.3,3.912,36,5,9.075485e-04,311.1829,0,8.668792e+18,1.924859e+03,8.668792e+18,-1.255819e+25
weak,0.3,3.912,36,10,9.075485e-04,311.1829,0,1.435878e+25,3.188290e+09,1.435878e+25,-1.232088e+25
weak,0.3,3.912,36,20,9.075485e-04,311.1829,0,2.289895e+28,5.084587e+12,2.289895e+28,-1.271526e+28
weak,0.3,3.912,38,5,9.075485e-04,247.1814,0,8.278633e+17,1.838226e+02,8.278633e+17,-3.702990e+23
weak,0.3,3.912,38,10,9.075485e-04,247.1814,0,4.336282e+23,9.628481e+07,4.336282e+23,-3.612208e+23
weak,0.3,3.912,38,20,9.075485e-04,247.1814,0,6.915371e+25,1.535521e+10,6.915371e+25,-4.921017e+25
weak,0.3,3.912,40,5,9.075485e-04,196.3431,0,7.906033e+16,1.755492e+01,7.906033e+16,-1.091888e+22
weak,0.3,3.912,40,10,9.075485e-04,196.3431,0,1.309536e+22,2.907755e+06,1.309536e+22,-1.057125e+22
weak,0.3,3.912,40,20,9.075485e-04,196.3431,0,2.088409e+23,4.637199e+07,2.088409e+23,-1.908118e+23
weak,0.3,3.912,42,5,9.075485e-04,155.9609,0,7.550203e+15,1.676482e+00,7.550203e+15,-3.219605e+20
weak,0.3,3.912,42,10,9.075485e-04,155.9609,0,3.954736e+20,8.781279e+04,3.954736e+20,-3.086343e+20
weak,0.3,3.912,42,20,9.075485e-04,155.9609,0,6.306893e+20,1.400412e+05,6.306893e+20,-7.413021e+20
weak,0.3,3.912,44,5,9.075485e-04,123.8841,0,7.210388e+14,1.601028e-01,7.210388e+14,-9.493456e+18
weak,0.3,3.912,44,10,9.075485e-04,123.8841,0,1.194311e+19,2.651904e+03,1.194311e+19,-8.982023e+18
weak,0.3,3.912,44,20,9.075485e-04,123.8841,0,1.194311e+19,2.651904e+03,2.448727e+18,-2.885577e+18
weak,0.3,3.912,46,5,9.075485e-04,98.4047,0,6.885867e+13,1.528970e-02,6.885867e+13,-2.799201e+17
weak,0.3,3.912,46,10,9.075485e-04,98.4047,0,3.606763e+17,8.008622e+01,3.606763e+17,-2.602719e+17
weak,0.3,3.912,46,20,9.075485e-04,98.4047,0,3.606763e+17,8.008622e+01,9.748559e+15,-1.125419e+16
weak,0.3,3.912,48,5,9.075485e-04,78.1656,0,6.575952e+12,1.460155e-03,6.575952e+12,-8.252675e+15
weak,0.3,3.912,48,10,9.075485e-04,78.1656,0,1.089225e+16,2.418565e+00,1.089225e+16,-7.497483e+15
weak,0.3,3.912,48,20,9.075485e-04,78.1656,0,1.089225e+16,2.418565e+00,3.880971e+13,-4.397710e+13
weak,0.3,3.912,50,5,9.075485e-04,62.0891,0,6.279985e+11,1.394437e-04,6.279985e+11,-2.431936e+14
weak,0.3,3.912,50,10,9.075485e-04,62.0891,0,3.289407e+14,7.303950e-02,3.289407e+14,-2.142141e+14
weak,0.3,3.912,50,20,9.075485e-04,62.0891,0,3.289407e+14,7.303950e-02,1.545043e+11,-1.721650e+11
weak,0.3,4.888,20,5,5.813064e-04,3065.3525,0,6.857537e+28,1.522679e+13,6.857537e+28,-4.454559e+53
weak,0.3,4.888,20,10,5.813064e-04,3065.3525,0,3.373355e+38,7.490353e+22,3.373355e+38,-4.454559e+53
weak,0.3,4.888,20,20,5.813064e-04,3065.3525,0,2.935181e+54,6.517412e+38,2.935181e+54,-1.001609e+54
weak,0.3,4.888,22,5,5.813064e-04,2434.8960,0,6.548897e+27,1.454147e+12,6.548897e+27,-1.817818e+51
weak,0.3,4.888,22,10,5.813064e-04,2434.8960,0,1.018737e+37,2.262051e+21,1.018737e+37,-1.817818e+51
weak,0.3,4.888,22,20,5.813064e-04,2434.8960,0,8.864106e+51,1.968227e+36,8.864106e+51,-3.926930e+51
weak,0.3,4.888,24,5,5.813064e-04,1934.1067,0,6.254148e+26,1.388700e+11,6.254148e+26,-7.418155e+48
weak,0.3,4.888,24,10,5.813064e-04,1934.1067,0,3.076537e+35,6.831283e+19,3.076537e+35,-7.418155e+48
weak,0.3,4.888,24,20,5.813064e-04,1934.1067,0,2.676917e+49,5.943950e+33,2.676917e+49,-1.541228e+49
weak,0.3,4.888,26,5,5.813064e-04,1536.3155,0,5.972665e+25,1.326198e+10,5.972665e+25,-3.027203e+46
weak,0.3,4.888,26,10,5.813064e-04,1536.3155,0,9.290992e+33,2.063015e+18,9.290992e+33,-3.027203e+46
weak,0.3,4.888,26,20,5.813064e-04,1536.3155,0,8.084161e+46,1.795044e+31,8.084161e+46,-6.055242e+46
weak,0.3,4.888,28,5,5.813064e-04,1220.3388,0,5.703851e+24,1.266509e+09,5.703851e+24,-1.235342e+44
weak,0.3,4.888,28,10,5.813064e-04,1220.3388,0,2.805835e+32,6.230205e+16,2.805835e+32,-1.235342e+44
weak,0.3,4.888,28,20,5.813064e-04,1220.3388,0,2.441378e+44,5.420947e+28,2.441378e+44,-2.381423e+44
weak,0.3,4.888,30,5,5.813064e-04,969.3496,0,5.447136e+23,1.209507e+08,5.447136e+23,-5.041186e+41
weak,0.3,4.888,30,10,5.813064e-04,969.3496,0,8.473485e+30,1.881492e+15,8.473485e+30,-5.041186e+41
weak,0.3,4.888,30,20,5.813064e-04,969.3496,0,8.583414e+41,1.905901e+26,8.583414e+41,-9.374963e+41
weak,0.3,4.888,32,5,5.813064e-04,769.9817,0,5.201974e+22,1.155070e+07,5.201974e+22,-2.057208e+39
weak,0.3,4.888,32,10,5.813064e-04,769.9817,0,2.558952e+29,5.682014e+13,2.558952e+29,-2.057208e+39
weak,0.3,4.888,32,20,5.813064e-04,769.9817,0,3.417119e+39,7.587527e+23,3.417119e+39,-3.694166e+39
weak,0.3,4.888,34,5,5.813064e-04,611.6182,0,4.967847e+21,1.103084e+06,4.967847e+21,-8.395062e+36
weak,0.3,4.888,34,10,5.813064e-04,611.6182,0,7.727910e+27,1.715941e+12,7.727910e+27,-8.395062e+36
weak,0.3,4.888,34,20,5.813064e-04,611.6182,0,1.360379e+37,3.020649e+21,1.360379e+37,-1.457004e+37
weak,0.3,4.888,36,5,5.813064e-04,485.8256,0,4.744257e+20,1.053437e+05,4.744257e+20,-3.425859e+34
weak,0.3,4.888,36,10,5.813064e-04,485.8256,0,2.333792e+26,5.182058e+10,2.333792e+26,-3.425859e+34
weak,0.3,4.888,36,20,5.813064e-04,485.8256,0,5.415768e+34,1.202542e+19,5.415768e+34,-5.751549e+34
weak,0.3,4.888,38,5,5.813064e-04,385.9050,0,4.530730e+19,1.006024e+04,4.530730e+19,-1.398025e+32
weak,0.3,4.888,38,10,5.813064e-04,385.9050,0,7.047938e+24,1.564957e+09,7.047938e+24,-1.398025e+32
weak,0.3,4.888,38,20,5.813064e-04,385.9050,0,2.156056e+32,4.787406e+16,2.156056e+32,-2.272319e+32
weak,0.3,4.888,40,5,5.813064e-04,306.5352,0,4.326814e+18,9.607456e+02,4.326814e+18,-5.705066e+29
weak,0.3,4.888,40,10,5.813064e-04,306.5352,0,2.128443e+23,4.726093e+07,2.128443e+23,-5.705066e+29
weak,0.3,4.888,40,20,5.813064e-04,306.5352,0,8.583414e+29,1.905901e+14,8.583414e+29,-8.984490e+29
weak,0.3,4.888,42,5,5.813064e-04,243.4896,0,4.132075e+17,9.175049e+01,4.132075e+17,-2.328125e+27
weak,0.3,4.888,42,10,5.813064e-04,243.4896,0,6.427796e+21,1.427257e+06,6.427796e+21,-2.328124e+27
weak,0.3,4.888,42,20,5.813064e-04,243.4896,0,3.417119e+27,7.587527e+11,3.417119e+27,-3.554971e+27
weak,0.3,4.888,44,5,5.813064e-04,193.4107,0,3.946101e+16,8.762104e+00,3.946101e+16,-9.500619e+24
weak,0.3,4.888,44,10,5.813064e-04,193.4107,0,1.941163e+20,4.310248e+04,1.941163e+20,-9.500567e+24
weak,0.3,4.888,44,20,5.813064e-04,193.4107,0,1.360379e+25,3.020649e+09,1.360379e+25,-1.407586e+25
weak,0.3,4.888,46,5,5.813064e-04,153.6316,0,3.768497e+15,8.367744e-01,3.768497e+15,-3.877015e+22
weak,0.3,4.888,46,10,5.813064e-04,153.6316,0,5.862220e+18,1.301674e+03,5.862220e+18,-3.876818e+22
weak,0.3,4.888,46,20,5.813064e-04,153.6316,0,5.415768e+22,1.202542e+07,5.415768e+22,-5.576832e+22
weak,0.3,4.888,48,5,5.813064e-04,122.0339,0,3.598887e+14,7.991134e-02,3.598887e+14,-1.582133e+20
weak,0.3,4.888,48,10,5.813064e-04,122.0339,0,1.770362e+17,3.930993e+01,1.770362e+17,-1.581374e+20
weak,0.3,4.888,48,20,5.813064e-04,122.0339,0,2.156056e+20,4.787406e+04,2.156056e+20,-2.210811e+20
weak,0.3,4.888,50,5,5.813064e-04,96.9350,0,3.436910e+13,7.631474e-03,3.436910e+13,-6.456298e+17
weak,0.3,4.888,50,10,5.813064e-04,96.9350,0,5.346408e+15,1.187141e+00,5.346408e+15,-6.427036e+17
weak,0.3,4.888,50,20,5.813064e-04,96.9350,0,8.583414e+17,1.905901e+02,8.583414e+17,-8.768892e+17
moderate,0.05,0.992,20,5,5.327031e-01,0.8363,0,3.992412e-01,8.864935e-17,2.528395e-07,1.718614e-01
moderate,0.05,0.992,20,10,5.327031e-01,0.8363,1,3.992412e-01,8.864935e-17,8.902488e-16,1.718612e-01
moderate,0.05,0.992,20,20,5.327031e-01,0.8363,1,3.992412e-01,8.864935e-17,1.901349e-36,1.718612e-01
moderate,0.05,0.992,22,5,5.327031e-01,0.6643,0,2.826411e-01,6.275893e-17,4.496193e-08,1.498734e-01
moderate,0.05,0.992,22,10,5.327031e-01,0.6643,1,2.826411e-01,6.275893e-17,5.006237e-17,1.498734e-01
moderate,0.05,0.992,22,20,5.327031e-01,0.6643,1,2.826411e-01,6.275893e-17,1.069207e-38,1.498734e-01
moderate,0.05,0.992,24,5,5.327031e-01,0.5276,0,2.000946e-01,4.442992e-17,7.995487e-09,1.296513e-01
moderate,0.05,0.992,24,10,5.327031e-01,0.5276,1,2.000946e-01,4.442992e-17,2.815214e-18,1.296513e-01
moderate,0.05,0.992,24,20,5.327031e-01,0.5276,1,2.000946e-01,4.442992e-17,6.012595e-41,1.296513e-01
moderate,0.05,0.992,26,5,5.327031e-01,0.4191,1,1.416561e-01,3.145398e-17,1.421821e-09,1.113148e-01
moderate,0.05,0.992,26,10,5.327031e-01,0.4191,1,1.416561e-01,3.145398e-17,1.583111e-19,1.113148e-01
moderate,0.05,0.992,26,20,5.327031e-01,0.4191,1,1.416561e-01,3.145398e-17,3.381130e-43,1.113148e-01
moderate,0.05,0.992,28,5,5.327031e-01,0.3329,1,1.002848e-01,2.226771e-17,2.528395e-10,9.490272e-02
moderate,0.05,0.992,28,10,5.327031e-01,0.3329,1,1.002848e-01,2.226771e-17,8.902488e-21,9.490272e-02
moderate,0.05,0.992,28,20,5.327031e-01,0.3329,1,1.002848e-01,2.226771e-17,1.901349e-45,9.490272e-02
moderate,0.05,0.992,30,5,5.327031e-01,0.2644,1,7.099624e-02,1.576433e-17,4.496193e-11,8.038601e-02
moderate,0.05,0.992,30,10,5.327031e-01,0.2644,1,7.099624e-02,1.576433e-17,5.006237e-22,8.038601e-02
moderate,0.05,0.992,30,20,5.327031e-01,0.2644,1,7.099624e-02,1.576433e-17,1.069207e-47,8.038601e-02
moderate,0.05,0.992,32,5,5.327031e-01,0.2101,1,5.026149e-02,1.116029e-17,7.995487e-12,6.768341e-02
moderate,0.05,0.992,32,10,5.327031e-01,0.2101,1,5.026149e-02,1.116029e-17,2.815214e-23,6.768341e-02
moderate,0.05,0.992,32,20,5.327031e-01,0.2101,1,5.026149e-02,1.116029e-17,6.012595e-50,6.768341e-02
moderate,0.05,0.992,34,5,5.327031e-01,0.1669,1,3.558241e-02,7.900881e-18,1.421821e-12,5.667621e-02
moderate,0.05,0.992,34,10,5.327031e-01,0.1669,1,3.558241e-02,7.900881e-18,1.583111e-24,5.667621e-02
moderate,0.05,0.992,34,20,5.327031e-01,0.1669,1,3.558241e-02,7.900881e-18,3.381130e-52,5.667621e-02
moderate,0.05,0.992,36,5,5.327031e-01,0.1325,1,2.519041e-02,5.593396e-18,2.528395e-13,4.722195e-02
moderate,0.05,0.992,36,10,5.327031e-01,0.1325,1,2.519041e-02,5.593396e-18,8.902488e-26,4.722195e-02
moderate,0.05,0.992,36,20,5.327031e-01,0.1325,1,2.519041e-02,5.593396e-18,1.901349e-54,4.722195e-02
moderate,0.05,0.992,38,5,5.327031e-01,0.1053,1,1.783345e-02,3.959821e-18,4.496193e-14,3.916590e-02
moderate,0.05,0.992,38,10,5.327031e-01,0.1053,1,1.783345e-02,3.959821e-18,5.006237e-27,3.916590e-02
moderate,0.05,0.992,38,20,5.327031e-01,0.1053,1,1.783345e-02,3.959821e-18,1.069207e-56,3.916590e-02
moderate,0.05,0.992,40,5,5.327031e-01,0.0836,1,1.262511e-02,2.803339e-18,7.995487e-15,3.235026e-02
moderate,0.05,0.992,40,10,5.327031e-01,0.0836,1,1.262511e-02,2.803339e-18,2.815214e-28,3.235026e-02
moderate,0.05,0.992,40,20,5.327031e-01,0.0836,1,1.262511e-02,2.803339e-18,6.012595e-59,3.235026e-02
moderate,0.05,0.992,42,5,5.327031e-01,0.0664,1,8.937897e-03,1.984612e-18,1.421821e-15,2.662102e-02
moderate,0.05,0.992,42,10,5.327031e-01,0.0664,1,8.937897e-03,1.984612e-18,1.583111e-29,2.662102e-02
moderate,0.05,0.992,42,20,5.327031e-01,0.0664,1,8.937897e-03,1.984612e-18,3.381130e-61,2.662102e-02
moderate,0.05,0.992,44,5,5.327031e-01,0.0528,1,6.327546e-03,1.404997e-18,2.528395e-16,2.183270e-02
moderate,0.05,0.992,44,10,5.327031e-01,0.0528,1,6.327546e-03,1.404997e-18,8.902488e-31,2.183270e-02
moderate,0.05,0.992,44,20,5.327031e-01,0.0528,1,6.327546e-03,1.404997e-18,1.901349e-63,2.183270e-02
moderate,0.05,0.992,46,5,5.327031e-01,0.0419,1,4.479560e-03,9.946620e-19,4.496193e-17,1.785140e-02
moderate,0.05,0.992,46,10,5.327031e-01,0.0419,1,4.479560e-03,9.946620e-19,5.006237e-32,1.785140e-02
moderate,0.05,0.992,46,20,5.327031e-01,0.0419,1,4.479560e-03,9.946620e-19,1.069207e-65,1.785140e-02
moderate,0.05,0.992,48,5,5.327031e-01,0.0333,1,3.171285e-03,7.041668e-19,7.995487e-18,1.455636e-02
moderate,0.05,0.992,48,10,5.327031e-01,0.0333,1,3.171285e-03,7.041668e-19,2.815214e-33,1.455636e-02
moderate,0.05,0.992,48,20,5.327031e-01,0.0333,1,3.171285e-03,7.041668e-19,6.012595e-68,1.455636e-02
moderate,0.05,0.992,50,5,5.327031e-01,0.0264,1,2.245098e-03,4.985119e-19,1.421821e-18,1.184052e-02
moderate,0.05,0.992,50,10,5.327031e-01,0.0264,1,2.245098e-03,4.985119e-19,1.583111e-34,1.184052e-02
moderate,0.05,0.992,50,20,5.327031e-01,0.0264,1,2.245098e-03,4.985119e-19,3.381130e-70,1.184052e-02
moderate,0.05,1.266,20,5,3.156681e-01,1.4112,0,7.157309e+00,1.589242e-15,2.303697e-05,1.857511e-01
moderate,0.05,1.266,20,10,3.156681e-01,1.4112,1,7.157309e+00,1.589242e-15,1.061743e-12,1.857309e-01
moderate,0.05,1.266,20,20,3.156681e-01,1.4112,1,7.157309e+00,1.589242e-15,4.138123e-31,1.857309e-01
moderate,0.05,1.266,22,5,3.156681e-01,1.1210,0,5.066987e+00,1.125097e-15,4.096618e-06,1.602769e-01
moderate,0.05,1.266,22,10,3.156681e-01,1.1210,1,5.066987e+00,1.125097e-15,5.970618e-14,1.602732e-01
moderate,0.05,1.266,22,20,3.156681e-01,1.1210,1,5.066987e+00,1.125097e-15,2.327038e-33,1.602732e-01
moderate,0.05,1.266,24,5,3.156681e-01,0.8904,0,3.587152e+00,7.965077e-16,7.284931e-07,1.366971e-01
moderate,0.05,1.266,24,10,3.156681e-01,0.8904,1,3.587152e+00,7.965077e-16,3.357525e-15,1.366964e-01
moderate,0.05,1.266,24,20,3.156681e-01,0.8904,1,3.587152e+00,7.965077e-16,1.308590e-35,1.366964e-01
moderate,0.05,1.266,26,5,3.156681e-01,0.7073,0,2.539509e+00,5.638843e-16,1.295464e-07,1.152786e-01
moderate,0.05,1.266,26,10,3.156681e-01,0.7073,1,2.539509e+00,5.638843e-16,1.888075e-16,1.152784e-01
moderate,0.05,1.266,26,20,3.156681e-01,0.7073,1,2.539509e+00,5.638843e-16,7.358740e-38,1.152784e-01
moderate,0.05,1.266,28,5,3.156681e-01,0.5618,0,1.797835e+00,3.991995e-16,2.303697e-08,9.616969e-02
moderate,0.05,1.266,28,10,3.156681e-01,0.5618,1,1.797835e+00,3.991995e-16,1.061743e-17,9.616967e-02
moderate,0.05,1.266,28,20,3.156681e-01,0.5618,1,1.797835e+00,3.991995e-16,4.138123e-40,9.616967e-02
moderate,0.05,1.266,30,5,3.156681e-01,0.4463,1,1.272770e+00,2.826116e-16,4.096618e-09,7.940579e-02
moderate,0.05,1.266,30,10,3.156681e-01,0.4463,1,1.272770e+00,2.826116e-16,5.970618e-19,7.940579e-02
moderate,0.05,1.266,30,20,3.156681e-01,0.4463,1,1.272770e+00,2.826116e-16,2.327038e-42,7.940579e-02
moderate,0.05,1.266,32,5,3.156681e-01,0.3545,1,9.010518e-01,2.000737e-16,7.284931e-10,6.492728e-02
moderate,0.05,1.266,32,10,3.156681e-01,0.3545,1,9.010518e-01,2.000737e-16,3.357525e-20,6.492728e-02
moderate,0.05,1.266,32,20,3.156681e-01,0.3545,1,9.010518e-01,2.000737e-16,1.308590e-44,6.492728e-02
moderate,0.05,1.266,34,5,3.156681e-01,0.2816,1,6.378959e-01,1.416413e-16,1.295464e-10,5.260243e-02
moderate,0.05,1.266,34,10,3.156681e-01,0.2816,1,6.378959e-01,1.416413e-16,1.888075e-21,5.260243e-02
moderate,0.05,1.266,34,20,3.156681e-01,0.2816,1,6.378959e-01,1.416413e-16,7.358740e-47,5.260243e-02
moderate,0.05,1.266,36,5,3.156681e-01,0.2237,1,4.515957e-01,1.002744e-16,2.303697e-11,4.225041e-02
moderate,0.05,1.266,36,10,3.156681e-01,0.2237,1,4.515957e-01,1.002744e-16,1.061743e-22,4.225041e-02
moderate,0.05,1.266,36,20,3.156681e-01,0.2237,1,4.515957e-01,1.002744e-16,4.138123e-49,4.225041e-02
moderate,0.05,1.266,38,5,3.156681e-01,0.1777,1,3.197053e-01,7.098883e-17,4.096618e-12,3.366212e-02
moderate,0.05,1.266,38,10,3.156681e-01,0.1777,1,3.197053e-01,7.098883e-17,5.970618e-24,3.366212e-02
moderate,0.05,1.266,38,20,3.156681e-01,0.1777,1,3.197053e-01,7.098883e-17,2.327038e-51,3.366212e-02
moderate,0.05,1.266,40,5,3.156681e-01,0.1411,1,2.263340e-01,5.025624e-17,7.284931e-13,2.661764e-02
moderate,0.05,1.266,40,10,3.156681e-01,0.1411,1,2.263340e-01,5.025624e-17,3.357525e-25,2.661764e-02
moderate,0.05,1.266,40,20,3.156681e-01,0.1411,1,2.263340e-01,5.025624e-17,1.308590e-53,2.661764e-02
moderate,0.05,1.266,42,5,3.156681e-01,0.1121,1,1.602322e-01,3.557869e-17,1.295464e-13,2.089962e-02
moderate,0.05,1.266,42,10,3.156681e-01,0.1121,1,1.602322e-01,3.557869e-17,1.888075e-26,2.089962e-02
moderate,0.05,1.266,42,20,3.156681e-01,0.1121,1,1.602322e-01,3.557869e-17,7.358740e-56,2.089962e-02
moderate,0.05,1.266,44,5,3.156681e-01,0.0890,1,1.134357e-01,2.518779e-17,2.303697e-14,1.630272e-02
moderate,0.05,1.266,44,10,3.156681e-01,0.0890,1,1.134357e-01,2.518779e-17,1.061743e-27,1.630272e-02
moderate,0.05,1.266,44,20,3.156681e-01,0.0890,1,1.134357e-01,2.518779e-17,4.138123e-58,1.630272e-02
moderate,0.05,1.266,46,5,3.156681e-01,0.0707,1,8.030633e-02,1.783159e-17,4.096618e-15,1.263966e-02
moderate,0.05,1.266,46,10,3.156681e-01,0.0707,1,8.030633e-02,1.783159e-17,5.970618e-29,1.263966e-02
moderate,0.05,1.266,46,20,3.156681e-01,0.0707,1,8.030633e-02,1.783159e-17,2.327038e-60,1.263966e-02
moderate,0.05,1.266,48,5,3.156681e-01,0.0562,1,5.685253e-02,1.262380e-17,7.284931e-16,9.744370e-03
moderate,0.05,1.266,48,10,3.156681e-01,0.0562,1,5.685253e-02,1.262380e-17,3.357525e-30,9.744370e-03
moderate,0.05,1.266,48,20,3.156681e-01,0.0562,1,5.685253e-02,1.262380e-17,1.308590e-62,9.744370e-03
moderate,0.05,1.266,50,5,3.156681e-01,0.0446,1,4.024851e-02,8.936964e-18,1.295464e-16,7.472943e-03
moderate,0.05,1.266,50,10,3.156681e-01,0.0446,1,4.024851e-02,8.936964e-18,1.888075e-31,7.472943e-03
moderate,0.05,1.266,50,20,3.156681e-01,0.0446,1,4.024851e-02,8.936964e-18,7.358740e-65,7.472943e-03
moderate,0.05,1.548,20,5,2.096053e-01,2.1253,0,6.335058e+01,1.406665e-14,8.581781e-04,2.107918e-01
moderate,0.05,1.548,20,10,2.096053e-01,2.1253,0,6.335058e+01,1.406665e-14,2.860128e-10,2.100597e-01
moderate,0.05,1.548,20,20,2.096053e-01,2.1253,1,6.335058e+01,1.406665e-14,6.448084e-27,2.100597e-01
moderate,0.05,1.548,22,5,2.096053e-01,1.6882,0,3.562465e+01,7.910261e-15,1.526081e-04,1.822189e-01
moderate,0.05,1.548,22,10,2.096053e-01,1.6882,1,3.562465e+01,7.910261e-15,1.608368e-11,1.820864e-01
moderate,0.05,1.548,22,20,2.096053e-01,1.6882,1,3.562465e+01,7.910261e-15,3.626024e-29,1.820864e-01
moderate,0.05,1.548,24,5,2.096053e-01,1.3410,0,2.003321e+01,4.448266e-15,2.713798e-05,1.557387e-01
moderate,0.05,1.548,24,10,2.096053e-01,1.3410,1,2.003321e+01,4.448266e-15,9.044520e-13,1.557148e-01
moderate,0.05,1.548,24,20,2.096053e-01,1.3410,1,2.003321e+01,4.448266e-15,2.039063e-31,1.557148e-01
moderate,0.05,1.548,26,5,2.096053e-01,1.0652,0,1.126550e+01,2.501444e-15,4.825890e-06,1.314132e-01
moderate,0.05,1.548,26,10,2.096053e-01,1.0652,1,1.126550e+01,2.501444e-15,5.086107e-14,1.314089e-01
moderate,0.05,1.548,26,20,2.096053e-01,1.0652,1,1.126550e+01,2.501444e-15,1.146649e-33,1.314089e-01
moderate,0.05,1.548,28,5,2.096053e-01,0.8461,0,6.335058e+00,1.406665e-15,8.581781e-07,1.094818e-01
moderate,0.05,1.548,28,10,2.096053e-01,0.8461,1,6.335058e+00,1.406665e-15,2.860128e-15,1.094810e-01
moderate,0.05,1.548,28,20,2.096053e-01,0.8461,1,6.335058e+00,1.406665e-15,6.448084e-36,1.094810e-01
moderate,0.05,1.548,30,5,2.096053e-01,0.6721,0,3.562465e+00,7.910261e-16,1.526081e-07,9.009310e-02
moderate,0.05,1.548,30,10,2.096053e-01,0.6721,1,3.562465e+00,7.910261e-16,1.608368e-16,9.009296e-02
moderate,0.05,1.548,30,20,2.096053e-01,0.6721,1,3.562465e+00,7.910261e-16,3.626024e-38,9.009296e-02
moderate,0.05,1.548,32,5,2.096053e-01,0.5339,0,2.003321e+00,4.448266e-16,2.713798e-08,7.327033e-02
moderate,0.05,1.548,32,10,2.096053e-01,0.5339,1,2.003321e+00,4.448266e-16,9.044520e-18,7.327031e-02
moderate,0.05,1.548,32,20,2.096053e-01,0.5339,1,2.003321e+00,4.448266e-16,2.039063e-40,7.327031e-02
moderate,0.05,1.548,34,5,2.096053e-01,0.4241,1,1.126550e+00,2.501444e-16,4.825890e-09,5.892749e-02
moderate,0.05,1.548,34,10,2.096053e-01,0.4241,1,1.126550e+00,2.501444e-16,5.086107e-19,5.892748e-02
moderate,0.05,1.548,34,20,2.096053e-01,0.4241,1,1.126550e+00,2.501444e-16,1.146649e-42,5.892748e-02
moderate,0.05,1.548,36,5,2.096053e-01,0.3368,1,6.335058e-01,1.406665e-16,8.581781e-10,4.689639e-02
moderate,0.05,1.548,36,10,2.096053e-01,0.3368,1,6.335058e-01,1.406665e-16,2.860128e-20,4.689639e-02
moderate,0.05,1.548,36,20,2.096053e-01,0.3368,1,6.335058e-01,1.406665e-16,6.448084e-45,4.689639e-02
moderate,0.05,1.548,38,5,2.096053e-01,0.2676,1,3.562465e-01,7.910261e-17,1.526081e-10,3.695525e-02
moderate,0.05,1.548,38,10,2.096053e-01,0.2676,1,3.562465e-01,7.910261e-17,1.608368e-21,3.695525e-02
moderate,0.05,1.548,38,20,2.096053e-01,0.2676,1,3.562465e-01,7.910261e-17,3.626024e-47,3.695525e-02
moderate,0.05,1.548,40,5,2.096053e-01,0.2125,1,2.003321e-01,4.448266e-17,2.713798e-11,2.885432e-02
moderate,0.05,1.548,40,10,2.096053e-01,0.2125,1,2.003321e-01,4.448266e-17,9.044520e-23,2.885432e-02
moderate,0.05,1.548,40,20,2.096053e-01,0.2125,1,2.003321e-01,4.448266e-17,2.039063e-49,2.885432e-02
moderate,0.05,1.548,42,5,2.096053e-01,0.1688,1,1.126550e-01,2.501444e-17,4.825890e-12,2.233683e-02
moderate,0.05,1.548,42,10,2.096053e-01,0.1688,1,1.126550e-01,2.501444e-17,5.086107e-24,2.233683e-02
moderate,0.05,1.548,42,20,2.096053e-01,0.1688,1,1.126550e-01,2.501444e-17,1.146649e-51,2.233683e-02
moderate,0.05,1.548,44,5,2.096053e-01,0.1341,1,6.335058e-02,1.406665e-17,8.581781e-13,1.715448e-02
moderate,0.05,1.548,44,10,2.096053e-01,0.1341,1,6.335058e-02,1.406665e-17,2.860128e-25,1.715448e-02
moderate,0.05,1.548,44,20,2.096053e-01,0.1341,1,6.335058e-02,1.406665e-17,6.448084e-54,1.715448e-02
moderate,0.05,1.548,46,5,2.096053e-01,0.1065,1,3.562465e-02,7.910261e-18,1.526081e-13,1.307791e-02
moderate,0.05,1.548,46,10,2.096053e-01,0.1065,1,3.562465e-02,7.910261e-18,1.608368e-26,1.307791e-02
moderate,0.05,1.548,46,20,2.096053e-01,0.1065,1,3.562465e-02,7.910261e-18,3.626024e-56,1.307791e-02
moderate,0.05,1.548,48,5,2.096053e-01,0.0846,1,2.152631e-02,4.779801e-18,2.713798e-14,9.902642e-03
moderate,0.05,1.548,48,10,2.096053e-01,0.0846,1,2.152631e-02,4.779801e-18,9.044520e-28,9.902642e-03
moderate,0.05,1.548,48,20,2.096053e-01,0.0846,1,2.152631e-02,4.779801e-18,2.039063e-58,9.902642e-03
moderate,0.05,1.548,50,5,2.096053e-01,0.0672,1,1.327302e-02,2.947202e-18,4.825890e-15,7.451612e-03
moderate,0.05,1.548,50,10,2.096053e-01,0.0672,1,1.327302e-02,2.947202e-18,5.086107e-29,7.451612e-03
moderate,0.05,1.548,50,20,2.096053e-01,0.0672,1,1.327302e-02,2.947202e-18,1.146649e-60,7.451612e-03
moderate,0.05,1.967,20,5,1.294337e-01,3.4417,0,1.208302e+02,2.682970e-14,7.238971e-02,3.114569e-01
moderate,0.05,1.967,20,10,1.294337e-01,3.4417,0,1.208302e+02,2.682970e-14,2.237767e-07,2.518761e-01
moderate,0.05,1.967,20,20,1.294337e-01,3.4417,1,1.208302e+02,2.682970e-14,5.768057e-22,2.518759e-01
moderate,0.05,1.967,22,5,1.294337e-01,2.7339,0,4.700841e+01,1.043796e-14,1.287291e-02,2.328093e-01
moderate,0.05,1.967,22,10,1.294337e-01,2.7339,0,4.700841e+01,1.043796e-14,1.258389e-08,2.219900e-01
moderate,0.05,1.967,22,20,1.294337e-01,2.7339,1,4.700841e+01,1.043796e-14,3.243617e-24,2.219900e-01
moderate,0.05,1.967,24,5,1.294337e-01,2.1716,0,2.071164e+01,4.598907e-15,2.289164e-03,1.947861e-01
moderate,0.05,1.967,24,10,1.294337e-01,2.1716,0,2.071164e+01,4.598907e-15,7.076442e-10,1.928253e-01
moderate,0.05,1.967,24,20,1.294337e-01,2.1716,1,2.071164e+01,4.598907e-15,1.824020e-26,1.928253e-01
moderate,0.05,1.967,26,5,1.294337e-01,1.7250,0,9.251548e+00,2.054256e-15,4.070773e-04,1.654368e-01
moderate,0.05,1.967,26,10,1.294337e-01,1.7250,1,9.251548e+00,2.054256e-15,3.979376e-11,1.650821e-01
moderate,0.05,1.967,26,20,1.294337e-01,1.7250,1,9.251548e+00,2.054256e-15,1.025722e-28,1.650821e-01
moderate,0.05,1.967,28,5,1.294337e-01,1.3702,0,4.132515e+00,9.176026e-16,7.238971e-05,1.393943e-01
moderate,0.05,1.967,28,10,1.294337e-01,1.3702,1,4.132515e+00,9.176026e-16,2.237767e-12,1.393302e-01
moderate,0.05,1.967,28,20,1.294337e-01,1.3702,1,4.132515e+00,9.176026e-16,5.768057e-31,1.393302e-01
moderate,0.05,1.967,30,5,1.294337e-01,1.0884,0,1.845926e+00,4.098780e-16,1.287291e-05,1.159889e-01
moderate,0.05,1.967,30,10,1.294337e-01,1.0884,1,1.845926e+00,4.098780e-16,1.258389e-13,1.159773e-01
moderate,0.05,1.967,30,20,1.294337e-01,1.0884,1,1.845926e+00,4.098780e-16,3.243617e-33,1.159773e-01
moderate,0.05,1.967,32,5,1.294337e-01,0.8645,0,8.245451e-01,1.830858e-16,2.289164e-06,9.526240e-02
moderate,0.05,1.967,32,10,1.294337e-01,0.8645,1,8.245451e-01,1.830858e-16,7.076442e-15,9.526032e-02
moderate,0.05,1.967,32,20,1.294337e-01,0.8645,1,8.245451e-01,1.830858e-16,1.824020e-35,9.526032e-02
moderate,0.05,1.967,34,5,1.294337e-01,0.6867,0,4.727919e-01,1.049809e-16,4.070773e-07,7.725633e-02
moderate,0.05,1.967,34,10,1.294337e-01,0.6867,1,4.727919e-01,1.049809e-16,3.979376e-16,7.725596e-02
moderate,0.05,1.967,34,20,1.294337e-01,0.6867,1,4.727919e-01,1.049809e-16,1.025722e-37,7.725596e-02
moderate,0.05,1.967,36,5,1.294337e-01,0.5455,0,2.915211e-01,6.473069e-17,7.238971e-08,6.190598e-02
moderate,0.05,1.967,36,10,1.294337e-01,0.5455,1,2.915211e-01,6.473069e-17,2.237767e-17,6.190591e-02
moderate,0.05,1.967,36,20,1.294337e-01,0.5455,1,2.915211e-01,6.473069e-17,5.768057e-40,6.190591e-02
moderate,0.05,1.967,38,5,1.294337e-01,0.4333,1,1.797505e-01,3.991262e-17,1.287291e-08,4.904895e-02
moderate,0.05,1.967,38,10,1.294337e-01,0.4333,1,1.797505e-01,3.991262e-17,1.258389e-18,4.904894e-02
moderate,0.05,1.967,38,20,1.294337e-01,0.4333,1,1.797505e-01,3.991262e-17,3.243617e-42,4.904894e-02
moderate,0.05,1.967,40,5,1.294337e-01,0.3442,1,1.108332e-01,2.460992e-17,2.289164e-09,3.845483e-02
moderate,0.05,1.967,40,10,1.294337e-01,0.3442,1,1.108332e-01,2.460992e-17,7.076442e-20,3.845482e-02
moderate,0.05,1.967,40,20,1.294337e-01,0.3442,1,1.108332e-01,2.460992e-17,1.824020e-44,3.845482e-02
moderate,0.05,1.967,42,5,1.294337e-01,0.2734,1,6.833922e-02,1.517435e-17,4.070773e-10,2.985544e-02
moderate,0.05,1.967,42,10,1.294337e-01,0.2734,1,6.833922e-02,1.517435e-17,3.979376e-21,2.985544e-02
moderate,0.05,1.967,42,20,1.294337e-01,0.2734,1,6.833922e-02,1.517435e-17,1.025722e-46,2.985544e-02
moderate,0.05,1.967,44,5,1.294337e-01,0.2172,1,4.523684e-02,1.004460e-17,7.238971e-11,2.297052e-02
moderate,0.05,1.967,44,10,1.294337e-01,0.2172,1,4.523684e-02,1.004460e-17,2.237767e-22,2.297052e-02
moderate,0.05,1.967,44,20,1.294337e-01,0.2172,1,4.523684e-02,1.004460e-17,5.768057e-49,2.297052e-02
moderate,0.05,1.967,46,5,1.294337e-01,0.1725,1,3.202523e-02,7.111029e-18,1.287291e-11,1.752699e-02
moderate,0.05,1.967,46,10,1.294337e-01,0.1725,1,3.202523e-02,7.111029e-18,1.258389e-23,1.752699e-02
moderate,0.05,1.967,46,20,1.294337e-01,0.1725,1,3.202523e-02,7.111029e-18,3.243617e-51,1.752699e-02
moderate,0.05,1.967,48,5,1.294337e-01,0.1370,1,2.267212e-02,5.034223e-18,2.289164e-12,1.327196e-02
moderate,0.05,1.967,48,10,1.294337e-01,0.1370,1,2.267212e-02,5.034223e-18,7.076442e-25,1.327196e-02
moderate,0.05,1.967,48,20,1.294337e-01,0.1370,1,2.267212e-02,5.034223e-18,1.824020e-53,1.327196e-02
moderate,0.05,1.967,50,5,1.294337e-01,0.1088,1,1.605064e-02,3.563957e-18,4.070773e-13,9.980244e-03
moderate,0.05,1.967,50,10,1.294337e-01,0.1088,1,1.605064e-02,3.563957e-18,3.979376e-26,9.980244e-03
moderate,0.05,1.967,50,20,1.294337e-01,0.1088,1,1.605064e-02,3.563957e-18,1.025722e-55,9.980244e-03
moderate,0.05,2.511,20,5,7.934519e-02,5.6144,0,4.481426e+02,9.950764e-14,1.407351e+01,1.186434e+01
moderate,0.05,2.511,20,10,7.934519e-02,5.6144,0,4.481426e+02,9.950764e-14,2.304123e-04,3.028338e-01
moderate,0.05,2.511,20,20,7.934519e-02,5.6144,1,4.481426e+02,9.950764e-14,6.543627e-17,3.026396e-01
moderate,0.05,2.511,22,5,7.934519e-02,4.4597,0,1.100060e+02,2.442623e-14,2.502664e+00,2.372177e+00
moderate,0.05,2.511,22,10,7.934519e-02,4.4597,0,1.100060e+02,2.442623e-14,1.295704e-05,2.730699e-01
moderate,0.05,2.511,22,20,7.934519e-02,4.4597,1,1.100060e+02,2.442623e-14,3.679752e-19,2.730588e-01
moderate,0.05,2.511,24,5,7.934519e-02,3.5425,0,2.700326e+01,5.995928e-15,4.450436e-01,6.232240e-01
moderate,0.05,2.511,24,10,7.934519e-02,3.5425,0,2.700326e+01,5.995928e-15,7.286277e-07,2.428357e-01
moderate,0.05,2.511,24,20,7.934519e-02,3.5425,1,2.700326e+01,5.995928e-15,2.069277e-21,2.428350e-01
moderate,0.05,2.511,26,5,7.934519e-02,2.8139,0,1.126414e+01,2.501141e-15,7.914118e-02,2.815946e-01
moderate,0.05,2.511,26,10,7.934519e-02,2.8139,0,1.126414e+01,2.501141e-15,4.097374e-08,2.127853e-01
moderate,0.05,2.511,26,20,7.934519e-02,2.8139,1,1.126414e+01,2.501141e-15,1.163640e-23,2.127852e-01
moderate,0.05,2.511,28,5,7.934519e-02,2.2351,0,5.516937e+00,1.225006e-15,1.407351e-02,1.961240e-01
moderate,0.05,2.511,28,10,7.934519e-02,2.2351,0,5.516937e+00,1.225006e-15,2.304123e-09,1.836975e-01
moderate,0.05,2.511,28,20,7.934519e-02,2.2351,1,5.516937e+00,1.225006e-15,6.543627e-26,1.836975e-01
moderate,0.05,2.511,30,5,7.934519e-02,1.7754,0,2.897343e+00,6.433393e-16,2.502664e-03,1.585019e-01
moderate,0.05,2.511,30,10,7.934519e-02,1.7754,1,2.897343e+00,6.433393e-16,1.295704e-10,1.562611e-01
moderate,0.05,2.511,30,20,7.934519e-02,1.7754,1,2.897343e+00,6.433393e-16,3.679752e-28,1.562611e-01
moderate,0.05,2.511,32,5,7.934519e-02,1.4103,0,1.629295e+00,3.617763e-16,4.450436e-04,1.314192e-01
moderate,0.05,2.511,32,10,7.934519e-02,1.4103,1,1.629295e+00,3.617763e-16,7.286277e-12,1.310157e-01
moderate,0.05,2.511,32,20,7.934519e-02,1.4103,1,1.629295e+00,3.617763e-16,2.069277e-30,1.310157e-01
moderate,0.05,2.511,34,5,7.934519e-02,1.1202,0,9.162202e-01,2.034417e-16,7.914118e-05,1.083976e-01
moderate,0.05,2.511,34,10,7.934519e-02,1.1202,1,9.162202e-01,2.034417e-16,4.097374e-13,1.083251e-01
moderate,0.05,2.511,34,20,7.934519e-02,1.1202,1,9.162202e-01,2.034417e-16,1.163640e-32,1.083251e-01
moderate,0.05,2.511,36,5,7.934519e-02,0.8898,0,5.585110e-01,1.240143e-16,1.407351e-05,8.838810e-02
moderate,0.05,2.511,36,10,7.934519e-02,0.8898,1,5.585110e-01,1.240143e-16,2.304123e-14,8.837507e-02
moderate,0.05,2.511,36,20,7.934519e-02,0.8898,1,5.585110e-01,1.240143e-16,6.543627e-35,8.837507e-02
moderate,0.05,2.511,38,5,7.934519e-02,0.7068,0,3.443751e-01,7.646663e-17,2.502664e-06,7.119368e-02
moderate,0.05,2.511,38,10,7.934519e-02,0.7068,1,3.443751e-01,7.646663e-17,1.295704e-15,7.119135e-02
moderate,0.05,2.511,38,20,7.934519e-02,0.7068,1,3.443751e-01,7.646663e-17,3.679752e-37,7.119135e-02
moderate,0.05,2.511,40,5,7.934519e-02,0.5614,0,2.123399e-01,4.714894e-17,4.450436e-07,5.666983e-02
moderate,0.05,2.511,40,10,7.934519e-02,0.5614,1,2.123399e-01,4.714894e-17,7.286277e-17,5.666942e-02
moderate,0.05,2.511,40,20,7.934519e-02,0.5614,1,2.123399e-01,4.714894e-17,2.069277e-39,5.666942e-02
moderate,0.05,2.511,42,5,7.934519e-02,0.4460,1,1.309278e-01,2.907180e-17,7.914118e-08,4.461050e-02
moderate,0.05,2.511,42,10,7.934519e-02,0.4460,1,1.309278e-01,2.907180e-17,4.097374e-18,4.461043e-02
moderate,0.05,2.511,42,20,7.934519e-02,0.4460,1,1.309278e-01,2.907180e-17,1.163640e-41,4.461043e-02
moderate,0.05,2.511,44,5,7.934519e-02,0.3542,1,8.072940e-02,1.792553e-17,1.407351e-08,3.475663e-02
moderate,0.05,2.511,44,10,7.934519e-02,0.3542,1,8.072940e-02,1.792553e-17,2.304123e-19,3.475661e-02
moderate,0.05,2.511,44,20,7.934519e-02,0.3542,1,8.072940e-02,1.792553e-17,6.543627e-44,3.475661e-02
moderate,0.05,2.511,46,5,7.934519e-02,0.2814,1,5.360976e-02,1.190376e-17,2.502664e-09,2.682235e-02
moderate,0.05,2.511,46,10,7.934519e-02,0.2814,1,5.360976e-02,1.190376e-17,1.295704e-20,2.682235e-02
moderate,0.05,2.511,46,20,7.934519e-02,0.2814,1,5.360976e-02,1.190376e-17,3.679752e-46,2.682235e-02
moderate,0.05,2.511,48,5,7.934519e-02,0.2235,1,3.795280e-02,8.427215e-18,4.450436e-10,2.051876e-02
moderate,0.05,2.511,48,10,7.934519e-02,0.2235,1,3.795280e-02,8.427215e-18,7.286277e-22,2.051876e-02
moderate,0.05,2.511,48,20,7.934519e-02,0.2235,1,3.795280e-02,8.427215e-18,2.069277e-48,2.051876e-02
moderate,0.05,2.511,50,5,7.934519e-02,0.1775,1,2.686853e-02,5.966011e-18,7.914118e-11,1.557130e-02
moderate,0.05,2.511,50,10,7.934519e-02,0.1775,1,2.686853e-02,5.966011e-18,4.097374e-23,1.557130e-02
moderate,0.05,2.511,50,20,7.934519e-02,0.1775,1,2.686853e-02,5.966011e-18,1.163640e-50,1.557130e-02
moderate,0.05,3.104,20,5,5.190725e-02,8.5822,0,6.305987e+02,1.400210e-13,2.902087e+02,-5.408536e+02
moderate,0.05,3.104,20,10,5.190725e-02,8.5822,0,6.305987e+02,1.400210e-13,1.531769e-01,4.734402e-01
moderate,0.05,3.104,20,20,5.190725e-02,8.5822,0,6.305987e+02,1.400210e-13,1.764060e-12,3.472382e-01
moderate,0.05,3.104,22,5,5.190725e-02,6.8171,0,2.124198e+02,4.716666e-14,5.160721e+01,-7.310122e+01
moderate,0.05,3.104,22,10,5.190725e-02,6.8171,0,2.124198e+02,4.716666e-14,8.613769e-03,3.274297e-01
moderate,0.05,3.104,22,20,5.190725e-02,6.8171,1,2.124198e+02,4.716666e-14,9.920038e-15,3.201843e-01
moderate,0.05,3.104,24,5,5.190725e-02,5.4150,0,8.048413e+01,1.787107e-14,9.177204e+00,-1.036662e+01
moderate,0.05,3.104,24,10,5.190725e-02,5.4150,0,8.048413e+01,1.787107e-14,4.843878e-04,2.917029e-01
moderate,0.05,3.104,24,20,5.190725e-02,5.4150,1,8.048413e+01,1.787107e-14,5.578447e-17,2.912877e-01
moderate,0.05,3.104,26,5,5.190725e-02,4.3013,0,3.393483e+01,7.535046e-15,1.631963e+00,-1.387218e+00
moderate,0.05,3.104,26,10,5.190725e-02,4.3013,0,3.393483e+01,7.535046e-15,2.723913e-05,2.612789e-01
moderate,0.05,3.104,26,20,5.190725e-02,4.3013,1,3.393483e+01,7.535046e-15,3.136991e-19,2.612552e-01
moderate,0.05,3.104,28,5,5.190725e-02,3.4166,0,1.540870e+01,3.421420e-15,2.902087e-01,-3.776566e-02
moderate,0.05,3.104,28,10,5.190725e-02,3.4166,0,1.540870e+01,3.421420e-15,1.531769e-06,2.308936e-01
moderate,0.05,3.104,28,20,5.190725e-02,3.4166,1,1.540870e+01,3.421420e-15,1.764060e-21,2.308923e-01
moderate,0.05,3.104,30,5,5.190725e-02,2.7139,0,7.546857e+00,1.675739e-15,5.160721e-02,1.555204e-01
moderate,0.05,3.104,30,10,5.190725e-02,2.7139,0,7.546857e+00,1.675739e-15,8.613769e-08,2.010244e-01
moderate,0.05,3.104,30,20,5.190725e-02,2.7139,1,7.546857e+00,1.675739e-15,9.920038e-24,2.010244e-01
moderate,0.05,3.104,32,5,5.190725e-02,2.1557,0,3.835898e+00,8.517404e-16,9.177204e-03,1.645080e-01
moderate,0.05,3.104,32,10,5.190725e-02,2.1557,0,3.835898e+00,8.517404e-16,4.843878e-09,1.724179e-01
moderate,0.05,3.104,32,20,5.190725e-02,2.1557,1,3.835898e+00,8.517404e-16,5.578447e-26,1.724179e-01
moderate,0.05,3.104,34,5,5.190725e-02,1.7124,0,2.157084e+00,4.789688e-16,1.631963e-03,1.443176e-01
moderate,0.05,3.104,34,10,5.190725e-02,1.7124,1,2.157084e+00,4.789688e-16,2.723913e-10,1.457151e-01
moderate,0.05,3.104,34,20,5.190725e-02,1.7124,1,2.157084e+00,4.789688e-16,3.136991e-28,1.457151e-01
moderate,0.05,3.104,36,5,5.190725e-02,1.3602,0,1.213017e+00,2.693440e-16,2.902087e-04,1.211427e-01
moderate,0.05,3.104,36,10,5.190725e-02,1.3602,1,1.213017e+00,2.693440e-16,1.531769e-11,1.213920e-01
moderate,0.05,3.104,36,20,5.190725e-02,1.3602,1,1.213017e+00,2.693440e-16,1.764060e-30,1.213920e-01
moderate,0.05,3.104,38,5,5.190725e-02,1.0804,0,7.159818e-01,1.589799e-16,5.160721e-05,9.969731e-02
moderate,0.05,3.104,38,10,5.190725e-02,1.0804,1,7.159818e-01,1.589799e-16,8.613769e-13,9.974200e-02
moderate,0.05,3.104,38,20,5.190725e-02,1.0804,1,7.159818e-01,1.589799e-16,9.920038e-33,9.974200e-02
moderate,0.05,3.104,40,5,5.190725e-02,0.8582,0,4.414708e-01,9.802621e-17,9.177204e-06,8.087469e-02
moderate,0.05,3.104,40,10,5.190725e-02,0.8582,1,4.414708e-01,9.802621e-17,4.843878e-14,8.088272e-02
moderate,0.05,3.104,40,20,5.190725e-02,0.8582,1,4.414708e-01,9.802621e-17,5.578447e-35,8.088272e-02
moderate,0.05,3.104,42,5,5.190725e-02,0.6817,0,2.722087e-01,6.044247e-17,1.631963e-06,6.477903e-02
moderate,0.05,3.104,42,10,5.190725e-02,0.6817,1,2.722087e-01,6.044247e-17,2.723913e-15,6.478048e-02
moderate,0.05,3.104,42,20,5.190725e-02,0.6817,1,2.722087e-01,6.044247e-17,3.136991e-37,6.478048e-02
moderate,0.05,3.104,44,5,5.190725e-02,0.5415,0,1.678425e-01,3.726852e-17,2.902087e-07,5.128413e-02
moderate,0.05,3.104,44,10,5.190725e-02,0.5415,1,1.678425e-01,3.726852e-17,1.531769e-16,5.128439e-02
moderate,0.05,3.104,44,20,5.190725e-02,0.5415,1,1.678425e-01,3.726852e-17,1.764060e-39,5.128439e-02
moderate,0.05,3.104,46,5,5.190725e-02,0.4301,1,1.034909e-01,2.297959e-17,5.160721e-08,4.016336e-02
moderate,0.05,3.104,46,10,5.190725e-02,0.4301,1,1.034909e-01,2.297959e-17,8.613769e-18,4.016341e-02
moderate,0.05,3.104,46,20,5.190725e-02,0.4301,1,1.034909e-01,2.297959e-17,9.920038e-42,4.016341e-02
moderate,0.05,3.104,48,5,5.190725e-02,0.3417,1,6.474248e-02,1.437572e-17,9.177204e-09,3.114104e-02
moderate,0.05,3.104,48,10,5.190725e-02,0.3417,1,6.474248e-02,1.437572e-17,4.843878e-19,3.114104e-02
moderate,0.05,3.104,48,20,5.190725e-02,0.3417,1,6.474248e-02,1.437572e-17,5.578447e-44,3.114104e-02
moderate,0.05,3.104,50,5,5.190725e-02,0.2714,1,4.583416e-02,1.017723e-17,1.631963e-09,2.392435e-02
moderate,0.05,3.104,50,10,5.190725e-02,0.2714,1,4.583416e-02,1.017723e-17,2.723913e-20,2.392435e-02
moderate,0.05,3.104,50,20,5.190725e-02,0.2714,1,4.583416e-02,1.017723e-17,3.136991e-46,2.392435e-02
moderate,0.05,3.912,20,5,3.267471e-02,13.6337,0,5.431882e+03,1.206120e-12,4.058303e+03,-2.597726e+03
moderate,0.05,3.912,20,10,3.267471e-02,13.6337,0,5.431882e+03,1.206120e-12,8.095910e+01,-3.247208e+01
moderate,0.05,3.912,20,20,3.267471e-02,13.6337,0,5.431882e+03,1.206120e-12,1.669722e-07,3.907677e-01
moderate,0.05,3.912,22,5,3.267471e-02,10.8296,0,1.464909e+03,3.252752e-13,7.216797e+02,-4.846034e+02
moderate,0.05,3.912,22,10,3.267471e-02,10.8296,0,1.464909e+03,3.252752e-13,4.552665e+00,-2.260073e+00
moderate,0.05,3.912,22,20,3.267471e-02,10.8296,0,1.464909e+03,3.252752e-13,9.389537e-10,3.683824e-01
moderate,0.05,3.912,24,5,3.267471e-02,8.6023,0,4.567444e+02,1.014176e-13,1.283348e+02,-8.931237e+01
moderate,0.05,3.912,24,10,3.267471e-02,8.6023,0,4.567444e+02,1.014176e-13,2.560151e-01,1.698972e-01
moderate,0.05,3.912,24,20,3.267471e-02,8.6023,0,4.567444e+02,1.014176e-13,5.280125e-12,3.432946e-01
moderate,0.05,3.912,26,5,3.267471e-02,6.8330,0,1.638972e+02,3.639248e-14,2.282152e+01,-1.619482e+01
moderate,0.05,3.912,26,10,3.267471e-02,6.8330,0,1.638972e+02,3.639248e-14,1.439679e-02,3.052389e-01
moderate,0.05,3.912,26,20,3.267471e-02,6.8330,1,1.638972e+02,3.639248e-14,2.969232e-14,3.158801e-01
moderate,0.05,3.912,28,5,3.267471e-02,5.4277,0,6.376340e+01,1.415832e-14,4.058303e+00,-2.745152e+00
moderate,0.05,3.912,28,10,3.267471e-02,5.4277,0,6.376340e+01,1.415832e-14,8.095910e-04,2.860819e-01
moderate,0.05,3.912,28,20,3.267471e-02,5.4277,1,6.376340e+01,1.415832e-14,1.669722e-16,2.867137e-01
moderate,0.05,3.912,30,5,3.267471e-02,4.3114,0,2.824482e+01,6.271611e-15,7.216797e-01,-2.987610e-01
moderate,0.05,3.912,30,10,3.267471e-02,4.3114,0,2.824482e+01,6.271611e-15,4.552665e-05,2.564891e-01
moderate,0.05,3.912,30,20,3.267471e-02,4.3114,1,2.824482e+01,6.271611e-15,9.389537e-19,2.565259e-01
moderate,0.05,3.912,32,5,3.267471e-02,3.4246,0,1.320113e+01,2.931241e-15,1.283348e-01,1.246869e-01
moderate,0.05,3.912,32,10,3.267471e-02,3.4246,0,1.320113e+01,2.931241e-15,2.560151e-06,2.261336e-01
moderate,0.05,3.912,32,20,3.267471e-02,3.4246,1,1.320113e+01,2.931241e-15,5.280125e-21,2.261357e-01
moderate,0.05,3.912,34,5,3.267471e-02,2.7203,0,6.465636e+00,1.435660e-15,2.282152e-02,1.778784e-01
moderate,0.05,3.912,34,10,3.267471e-02,2.7203,0,6.465636e+00,1.435660e-15,1.439679e-07,1.963690e-01
moderate,0.05,3.912,34,20,3.267471e-02,2.7203,1,6.465636e+00,1.435660e-15,2.969232e-23,1.963691e-01
moderate,0.05,3.912,36,5,3.267471e-02,2.1608,0,3.415135e+00,7.583123e-16,4.058303e-03,1.646183e-01
moderate,0.05,3.912,36,10,3.267471e-02,2.1608,0,3.415135e+00,7.583123e-16,8.095910e-09,1.679811e-01
moderate,0.05,3.912,36,20,3.267471e-02,2.1608,1,3.415135e+00,7.583123e-16,1.669722e-25,1.679811e-01
moderate,0.05,3.912,38,5,3.267471e-02,1.7164,0,1.920471e+00,4.264303e-16,7.216797e-04,1.409827e-01
moderate,0.05,3.912,38,10,3.267471e-02,1.7164,1,1.920471e+00,4.264303e-16,4.552665e-10,1.415930e-01
moderate,0.05,3.912,38,20,3.267471e-02,1.7164,1,1.920471e+00,4.264303e-16,9.389537e-28,1.415930e-01
moderate,0.05,3.912,40,5,3.267471e-02,1.3634,0,1.079960e+00,2.397994e-16,1.283348e-04,1.175434e-01
moderate,0.05,3.912,40,10,3.267471e-02,1.3634,1,1.079960e+00,2.397994e-16,2.560151e-11,1.176540e-01
moderate,0.05,3.912,40,20,3.267471e-02,1.3634,1,1.079960e+00,2.397994e-16,5.280125e-30,1.176540e-01
moderate,0.05,3.912,42,5,3.267471e-02,1.0830,0,6.521779e-01,1.448126e-16,2.282152e-05,9.640863e-02
moderate,0.05,3.912,42,10,3.267471e-02,1.0830,1,6.521779e-01,1.448126e-16,1.439679e-12,9.642862e-02
moderate,0.05,3.912,42,20,3.267471e-02,1.0830,1,6.521779e-01,1.448126e-16,2.969232e-32,9.642862e-02
moderate,0.05,3.912,44,5,3.267471e-02,0.8602,0,4.021296e-01,8.929071e-17,4.058303e-06,7.800401e-02
moderate,0.05,3.912,44,10,3.267471e-02,0.8602,1,4.021296e-01,8.929071e-17,8.095910e-14,7.800762e-02
moderate,0.05,3.912,44,20,3.267471e-02,0.8602,1,4.021296e-01,8.929071e-17,1.669722e-34,7.800762e-02
moderate,0.05,3.912,46,5,3.267471e-02,0.6833,0,2.479511e-01,5.505621e-17,7.216797e-07,6.233383e-02
moderate,0.05,3.912,46,10,3.267471e-02,0.6833,1,2.479511e-01,5.505621e-17,4.552665e-15,6.233448e-02
moderate,0.05,3.912,46,20,3.267471e-02,0.6833,1,2.479511e-01,5.505621e-17,9.389537e-37,6.233448e-02
moderate,0.05,3.912,48,5,3.267471e-02,0.5428,0,1.528854e-01,3.394738e-17,1.283348e-07,4.924091e-02
moderate,0.05,3.912,48,10,3.267471e-02,0.5428,1,1.528854e-01,3.394738e-17,2.560151e-16,4.924103e-02
moderate,0.05,3.912,48,20,3.267471e-02,0.5428,1,1.528854e-01,3.394738e-17,5.280125e-39,4.924103e-02
moderate,0.05,3.912,50,5,3.267471e-02,0.4311,1,9.426839e-02,2.093179e-17,2.282152e-08,3.848471e-02
moderate,0.05,3.912,50,10,3.267471e-02,0.4311,1,9.426839e-02,2.093179e-17,1.439679e-17,3.848473e-02
moderate,0.05,3.912,50,20,3.267471e-02,0.4311,1,9.426839e-02,2.093179e-17,2.969232e-41,3.848473e-02
moderate,0.05,4.888,20,5,2.092780e-02,21.2864,0,8.523675e+04,1.892636e-11,8.523675e+04,-5.124049e+04
moderate,0.05,4.888,20,10,2.092780e-02,21.2864,0,8.523675e+04,1.892636e-11,8.155485e+03,-5.698783e+03
moderate,0.05,4.888,20,20,2.092780e-02,21.2864,0,8.523675e+04,1.892636e-11,3.040113e-02,3.872969e-01
moderate,0.05,4.888,22,5,2.092780e-02,16.9084,0,1.686242e+04,3.744210e-12,1.515748e+04,-9.532603e+03
moderate,0.05,4.888,22,10,2.092780e-02,16.9084,0,1.686242e+04,3.744210e-12,4.586166e+02,-3.313562e+02
moderate,0.05,4.888,22,20,2.092780e-02,16.9084,0,1.686242e+04,3.744210e-12,1.709581e-04,4.070998e-01
moderate,0.05,4.888,24,5,2.092780e-02,13.4308,0,4.003310e+03,8.889134e-13,2.695423e+03,-1.768018e+03
moderate,0.05,4.888,24,10,2.092780e-02,13.4308,0,4.003310e+03,8.889134e-13,2.578991e+01,-1.887425e+01
moderate,0.05,4.888,24,20,2.092780e-02,13.4308,0,4.003310e+03,8.889134e-13,9.613682e-07,3.872916e-01
moderate,0.05,4.888,26,5,2.092780e-02,10.6685,0,1.144772e+03,2.541904e-13,4.793215e+02,-3.267392e+02
moderate,0.05,4.888,26,10,2.092780e-02,10.6685,0,1.144772e+03,2.541904e-13,1.450273e+00,-7.509970e-01
moderate,0.05,4.888,26,20,2.092780e-02,10.6685,0,1.144772e+03,2.541904e-13,5.406171e-09,3.644349e-01
moderate,0.05,4.888,28,5,2.092780e-02,8.4743,0,3.713420e+02,8.245449e-14,8.523675e+01,-5.999522e+01
moderate,0.05,4.888,28,10,2.092780e-02,8.4743,0,3.713420e+02,8.245449e-14,8.155485e-02,2.744812e-01
moderate,0.05,4.888,28,20,2.092780e-02,8.4743,0,3.713420e+02,8.245449e-14,3.040113e-11,3.389178e-01
moderate,0.05,4.888,30,5,2.092780e-02,6.7313,0,1.362069e+02,3.024401e-14,1.515748e+01,-1.078688e+01
moderate,0.05,4.888,30,10,2.092780e-02,6.7313,0,1.362069e+02,3.024401e-14,4.586166e-03,3.074385e-01
moderate,0.05,4.888,30,20,2.092780e-02,6.7313,1,1.362069e+02,3.024401e-14,1.709581e-13,3.111522e-01
moderate,0.05,4.888,32,5,2.092780e-02,5.3469,0,5.422011e+01,1.203928e-14,2.695423e+00,-1.754237e+00
moderate,0.05,4.888,32,10,2.092780e-02,5.3469,0,5.422011e+01,1.203928e-14,2.578991e-04,2.815301e-01
moderate,0.05,4.888,32,20,2.092780e-02,5.3469,1,5.422011e+01,1.203928e-14,9.613682e-16,2.817436e-01
moderate,0.05,4.888,34,5,2.092780e-02,4.2472,0,2.421924e+01,5.377751e-15,4.793215e-01,-1.211114e-01
moderate,0.05,4.888,34,10,2.092780e-02,4.2472,0,2.421924e+01,5.377751e-15,1.450273e-05,2.514321e-01
moderate,0.05,4.888,34,20,2.092780e-02,4.2472,1,2.421924e+01,5.377751e-15,5.406171e-18,2.514443e-01
moderate,0.05,4.888,36,5,2.092780e-02,3.3737,0,1.154715e+01,2.563981e-15,8.523675e-02,1.530756e-01
moderate,0.05,4.888,36,10,2.092780e-02,3.3737,0,1.154715e+01,2.563981e-15,8.155485e-07,2.210813e-01
moderate,0.05,4.888,36,20,2.092780e-02,3.3737,1,1.154715e+01,2.563981e-15,3.040113e-20,2.210820e-01
moderate,0.05,4.888,38,5,2.092780e-02,2.6798,0,5.655547e+00,1.255784e-15,1.515748e-02,1.790928e-01
moderate,0.05,4.888,38,10,2.092780e-02,2.6798,0,5.655547e+00,1.255784e-15,4.586166e-08,1.914780e-01
moderate,0.05,4.888,38,20,2.092780e-02,2.6798,1,5.655547e+00,1.255784e-15,1.709581e-22,1.914781e-01
moderate,0.05,4.888,40,5,2.092780e-02,2.1286,0,3.073742e+00,6.825079e-16,2.695423e-03,1.611196e-01
moderate,0.05,4.888,40,10,2.092780e-02,2.1286,0,3.073742e+00,6.825079e-16,2.578991e-09,1.633703e-01
moderate,0.05,4.888,40,20,2.092780e-02,2.1286,1,3.073742e+00,6.825079e-16,9.613682e-25,1.633703e-01
moderate,0.05,4.888,42,5,2.092780e-02,1.6908,0,1.728492e+00,3.838024e-16,4.793215e-04,1.369461e-01
moderate,0.05,4.888,42,10,2.092780e-02,1.6908,1,1.728492e+00,3.838024e-16,1.450273e-10,1.373543e-01
moderate,0.05,4.888,42,20,2.092780e-02,1.6908,1,1.728492e+00,3.838024e-16,5.406171e-27,1.373543e-01
moderate,0.05,4.888,44,5,2.092780e-02,1.3431,0,9.720027e-01,2.158280e-16,8.523675e-05,1.137749e-01
moderate,0.05,4.888,44,10,2.092780e-02,1.3431,1,9.720027e-01,2.158280e-16,8.155485e-12,1.138487e-01
moderate,0.05,4.888,44,20,2.092780e-02,1.3431,1,9.720027e-01,2.158280e-16,3.040113e-29,1.138488e-01
moderate,0.05,4.888,46,5,2.092780e-02,1.0668,0,5.977850e-01,1.327349e-16,1.515748e-05,9.307443e-02
moderate,0.05,4.888,46,10,2.092780e-02,1.0668,1,5.977850e-01,1.327349e-16,4.586166e-13,9.308778e-02
moderate,0.05,4.888,46,20,2.092780e-02,1.0668,1,5.977850e-01,1.327349e-16,1.709581e-31,9.308778e-02
moderate,0.05,4.888,48,5,2.092780e-02,0.8474,0,3.685913e-01,8.184370e-17,2.695423e-06,7.513223e-02
moderate,0.05,4.888,48,10,2.092780e-02,0.8474,1,3.685913e-01,8.184370e-17,2.578991e-14,7.513464e-02
moderate,0.05,4.888,48,20,2.092780e-02,0.8474,1,3.685913e-01,8.184370e-17,9.613682e-34,7.513464e-02
moderate,0.05,4.888,50,5,2.092780e-02,0.6731,0,2.272715e-01,5.046442e-17,4.793215e-07,5.991029e-02
moderate,0.05,4.888,50,10,2.092780e-02,0.6731,1,2.272715e-01,5.046442e-17,1.450273e-15,5.991073e-02
moderate,0.05,4.888,50,20,2.092780e-02,0.6731,1,2.272715e-01,5.046442e-17,5.406171e-36,5.991073e-02
moderate,0.1,0.5,20,5,5.228863e-01,0.8520,0,4.594341e-02,1.020149e-17,6.637209e-08,3.388703e-01
moderate,0.1,0.5,20,10,5.228863e-01,0.8520,1,4.594341e-02,1.020149e-17,2.682665e-16,3.388703e-01
moderate,0.1,0.5,20,20,5.228863e-01,0.8520,1,4.594341e-02,1.020149e-17,7.098461e-37,3.388703e-01
moderate,0.1,0.5,22,5,5.228863e-01,0.6767,0,3.047578e-02,6.766983e-18,1.180281e-08,3.235393e-01
moderate,0.1,0.5,22,10,5.228863e-01,0.6767,1,3.047578e-02,6.766983e-18,1.508573e-17,3.235393e-01
moderate,0.1,0.5,22,20,5.228863e-01,0.6767,1,3.047578e-02,6.766983e-18,3.991758e-39,3.235393e-01
moderate,0.1,0.5,24,5,5.228863e-01,0.5375,0,2.157520e-02,4.790657e-18,2.098870e-09,3.083099e-01
moderate,0.1,0.5,24,10,5.228863e-01,0.5375,1,2.157520e-02,4.790657e-18,8.483331e-19,3.083099e-01
moderate,0.1,0.5,24,20,5.228863e-01,0.5375,1,2.157520e-02,4.790657e-18,2.244730e-41,3.083099e-01
moderate,0.1,0.5,26,5,5.228863e-01,0.4270,1,1.527407e-02,3.391525e-18,3.732377e-10,2.933096e-01
moderate,0.1,0.5,26,10,5.228863e-01,0.4270,1,1.527407e-02,3.391525e-18,4.770527e-20,2.933096e-01
moderate,0.1,0.5,26,20,5.228863e-01,0.4270,1,1.527407e-02,3.391525e-18,1.262305e-43,2.933096e-01
moderate,0.1,0.5,28,5,5.228863e-01,0.3392,1,1.081321e-02,2.401016e-18,6.637209e-11,2.786433e-01
moderate,0.1,0.5,28,10,5.228863e-01,0.3392,1,1.081321e-02,2.401016e-18,2.682665e-21,2.786433e-01
moderate,0.1,0.5,28,20,5.228863e-01,0.3392,1,1.081321e-02,2.401016e-18,7.098461e-46,2.786433e-01
moderate,0.1,0.5,30,5,5.228863e-01,0.2694,1,7.655170e-03,1.699789e-18,1.180281e-11,2.643935e-01
moderate,0.1,0.5,30,10,5.228863e-01,0.2694,1,7.655170e-03,1.699789e-18,1.508573e-22,2.643935e-01
moderate,0.1,0.5,30,20,5.228863e-01,0.2694,1,7.655170e-03,1.699789e-18,3.991758e-48,2.643935e-01
moderate,0.1,0.5,32,5,5.228863e-01,0.2140,1,5.419445e-03,1.203359e-18,2.098870e-12,2.506220e-01
moderate,0.1,0.5,32,10,5.228863e-01,0.2140,1,5.419445e-03,1.203359e-18,8.483331e-24,2.506220e-01
moderate,0.1,0.5,32,20,5.228863e-01,0.2140,1,5.419445e-03,1.203359e-18,2.244730e-50,2.506220e-01
moderate,0.1,0.5,34,5,5.228863e-01,0.1700,1,3.836673e-03,8.519126e-19,3.732377e-13,2.373722e-01
moderate,0.1,0.5,34,10,5.228863e-01,0.1700,1,3.836673e-03,8.519126e-19,4.770527e-25,2.373722e-01
moderate,0.1,0.5,34,20,5.228863e-01,0.1700,1,3.836673e-03,8.519126e-19,1.262305e-52,2.373722e-01
moderate,0.1,0.5,36,5,5.228863e-01,0.1350,1,2.716157e-03,6.031080e-19,6.637209e-14,2.246715e-01
moderate,0.1,0.5,36,10,5.228863e-01,0.1350,1,2.716157e-03,6.031080e-19,2.682665e-26,2.246715e-01
moderate,0.1,0.5,36,20,5.228863e-01,0.1350,1,2.716157e-03,6.031080e-19,7.098461e-55,2.246715e-01
moderate,0.1,0.5,38,5,5.228863e-01,0.1073,1,1.922892e-03,4.269677e-19,1.180281e-14,2.125344e-01
moderate,0.1,0.5,38,10,5.228863e-01,0.1073,1,1.922892e-03,4.269677e-19,1.508573e-27,2.125344e-01
moderate,0.1,0.5,38,20,5.228863e-01,0.1073,1,1.922892e-03,4.269677e-19,3.991758e-57,2.125344e-01
moderate,0.1,0.5,40,5,5.228863e-01,0.0852,1,1.361303e-03,3.022700e-19,2.098870e-15,2.009649e-01
moderate,0.1,0.5,40,10,5.228863e-01,0.0852,1,1.361303e-03,3.022700e-19,8.483331e-29,2.009649e-01
moderate,0.1,0.5,40,20,5.228863e-01,0.0852,1,1.361303e-03,3.022700e-19,2.244730e-59,2.009649e-01
moderate,0.1,0.5,42,5,5.228863e-01,0.0677,1,9.637288e-04,2.139908e-19,3.732377e-16,1.899588e-01
moderate,0.1,0.5,42,10,5.228863e-01,0.0677,1,9.637288e-04,2.139908e-19,4.770527e-30,1.899588e-01
moderate,0.1,0.5,42,20,5.228863e-01,0.0677,1,9.637288e-04,2.139908e-19,1.262305e-61,1.899588e-01
moderate,0.1,0.5,44,5,5.228863e-01,0.0538,1,6.822677e-04,1.514939e-19,6.637209e-17,1.795058e-01
moderate,0.1,0.5,44,10,5.228863e-01,0.0538,1,6.822677e-04,1.514939e-19,2.682665e-31,1.795058e-01
moderate,0.1,0.5,44,20,5.228863e-01,0.0538,1,6.822677e-04,1.514939e-19,7.098461e-64,1.795058e-01
moderate,0.1,0.5,46,5,5.228863e-01,0.0427,1,4.830086e-04,1.072494e-19,1.180281e-17,1.695910e-01
moderate,0.1,0.5,46,10,5.228863e-01,0.0427,1,4.830086e-04,1.072494e-19,1.508573e-32,1.695910e-01
moderate,0.1,0.5,46,20,5.228863e-01,0.0427,1,4.830086e-04,1.072494e-19,3.991758e-66,1.695910e-01
moderate,0.1,0.5,48,5,5.228863e-01,0.0339,1,3.419439e-04,7.592679e-20,2.098870e-18,1.601964e-01
moderate,0.1,0.5,48,10,5.228863e-01,0.0339,1,3.419439e-04,7.592679e-20,8.483331e-34,1.601964e-01
moderate,0.1,0.5,48,20,5.228863e-01,0.0339,1,3.419439e-04,7.592679e-20,2.244730e-68,1.601964e-01
moderate,0.1,0.5,50,5,5.228863e-01,0.0269,1,2.420777e-04,5.375205e-20,3.732377e-19,1.513022e-01
moderate,0.1,0.5,50,10,5.228863e-01,0.0269,1,2.420777e-04,5.375205e-20,4.770527e-35,1.513022e-01
moderate,0.1,0.5,50,20,5.228863e-01,0.0269,1,2.420777e-04,5.375205e-20,1.262305e-70,1.513022e-01
moderate,0.1,0.628,20,5,3.208683e-01,1.3883,0,2.192107e-01,4.867455e-17,4.162017e-06,3.243792e-01
moderate,0.1,0.628,20,10,3.208683e-01,1.3883,1,2.192107e-01,4.867455e-17,1.917342e-13,3.243755e-01
moderate,0.1,0.628,20,20,3.208683e-01,1.3883,1,2.192107e-01,4.867455e-17,6.664681e-32,3.243755e-01
moderate,0.1,0.628,22,5,3.208683e-01,1.1028,0,1.351642e-01,3.001248e-17,7.401230e-07,3.050936e-01
moderate,0.1,0.628,22,10,3.208683e-01,1.1028,1,1.351642e-01,3.001248e-17,1.078201e-14,3.050930e-01
moderate,0.1,0.628,22,20,3.208683e-01,1.1028,1,1.351642e-01,3.001248e-17,3.747825e-34,3.050930e-01
moderate,0.1,0.628,24,5,3.208683e-01,0.8760,0,8.334158e-02,1.850555e-17,1.316145e-07,2.858152e-01
moderate,0.1,0.628,24,10,3.208683e-01,0.8760,1,8.334158e-02,1.850555e-17,6.063168e-16,2.858151e-01
moderate,0.1,0.628,24,20,3.208683e-01,0.8760,1,8.334158e-02,1.850555e-17,2.107557e-36,2.858151e-01
moderate,0.1,0.628,26,5,3.208683e-01,0.6958,0,5.667093e-02,1.258348e-17,2.340474e-08,2.667826e-01
moderate,0.1,0.628,26,10,3.208683e-01,0.6958,1,5.667093e-02,1.258348e-17,3.409570e-17,2.667826e-01
moderate,0.1,0.628,26,20,3.208683e-01,0.6958,1,5.667093e-02,1.258348e-17,1.185166e-38,2.667826e-01
moderate,0.1,0.628,28,5,3.208683e-01,0.5527,0,4.011995e-02,8.908418e-18,4.162017e-09,2.482031e-01
moderate,0.1,0.628,28,10,3.208683e-01,0.5527,1,4.011995e-02,8.908418e-18,1.917342e-18,2.482031e-01
moderate,0.1,0.628,28,20,3.208683e-01,0.5527,1,4.011995e-02,8.908418e-18,6.664681e-41,2.482031e-01
moderate,0.1,0.628,30,5,3.208683e-01,0.4390,1,2.840275e-02,6.306677e-18,7.401230e-10,2.302468e-01
moderate,0.1,0.628,30,10,3.208683e-01,0.4390,1,2.840275e-02,6.306677e-18,1.078201e-19,2.302468e-01
moderate,0.1,0.628,30,20,3.208683e-01,0.4390,1,2.840275e-02,6.306677e-18,3.747825e-43,2.302468e-01
moderate,0.1,0.628,32,5,3.208683e-01,0.3487,1,2.010761e-02,4.464785e-18,1.316145e-10,2.130452e-01
moderate,0.1,0.628,32,10,3.208683e-01,0.3487,1,2.010761e-02,4.464785e-18,6.063168e-21,2.130452e-01
moderate,0.1,0.628,32,20,3.208683e-01,0.3487,1,2.010761e-02,4.464785e-18,2.107557e-45,2.130452e-01
moderate,0.1,0.628,34,5,3.208683e-01,0.2770,1,1.423510e-02,3.160826e-18,2.340474e-11,1.966928e-01
moderate,0.1,0.628,34,10,3.208683e-01,0.2770,1,1.423510e-02,3.160826e-18,3.409570e-22,1.966928e-01
moderate,0.1,0.628,34,20,3.208683e-01,0.2770,1,1.423510e-02,3.160826e-18,1.185166e-47,1.966928e-01
moderate,0.1,0.628,36,5,3.208683e-01,0.2200,1,1.007768e-02,2.237693e-18,4.162017e-12,1.812509e-01
moderate,0.1,0.628,36,10,3.208683e-01,0.2200,1,1.007768e-02,2.237693e-18,1.917342e-23,1.812509e-01
moderate,0.1,0.628,36,20,3.208683e-01,0.2200,1,1.007768e-02,2.237693e-18,6.664681e-50,1.812509e-01
moderate,0.1,0.628,38,5,3.208683e-01,0.1748,1,7.134448e-03,1.584166e-18,7.401230e-13,1.667518e-01
moderate,0.1,0.628,38,10,3.208683e-01,0.1748,1,7.134448e-03,1.584166e-18,1.078201e-24,1.667518e-01
moderate,0.1,0.628,38,20,3.208683e-01,0.1748,1,7.134448e-03,1.584166e-18,3.747825e-52,1.667518e-01
moderate,0.1,0.628,40,5,3.208683e-01,0.1388,1,5.050802e-03,1.121503e-18,1.316145e-13,1.532039e-01
moderate,0.1,0.628,40,10,3.208683e-01,0.1388,1,5.050802e-03,1.121503e-18,6.063168e-26,1.532039e-01
moderate,0.1,0.628,40,20,3.208683e-01,0.1388,1,5.050802e-03,1.121503e-18,2.107557e-54,1.532039e-01
moderate,0.1,0.628,42,5,3.208683e-01,0.1103,1,3.575694e-03,7.939636e-19,2.340474e-14,1.405968e-01
moderate,0.1,0.628,42,10,3.208683e-01,0.1103,1,3.575694e-03,7.939636e-19,3.409570e-27,1.405968e-01
moderate,0.1,0.628,42,20,3.208683e-01,0.1103,1,3.575694e-03,7.939636e-19,1.185166e-56,1.405968e-01
moderate,0.1,0.628,44,5,3.208683e-01,0.0876,1,2.531398e-03,5.620832e-19,4.162017e-15,1.289055e-01
moderate,0.1,0.628,44,10,3.208683e-01,0.0876,1,2.531398e-03,5.620832e-19,1.917342e-28,1.289055e-01
moderate,0.1,0.628,44,20,3.208683e-01,0.0876,1,2.531398e-03,5.620832e-19,6.664681e-59,1.289055e-01
moderate,0.1,0.628,46,5,3.208683e-01,0.0696,1,1.792092e-03,3.979244e-19,7.401230e-16,1.180946e-01
moderate,0.1,0.628,46,10,3.208683e-01,0.0696,1,1.792092e-03,3.979244e-19,1.078201e-29,1.180946e-01
moderate,0.1,0.628,46,20,3.208683e-01,0.0696,1,1.792092e-03,3.979244e-19,3.747825e-61,1.180946e-01
moderate,0.1,0.628,48,5,3.208683e-01,0.0553,1,1.268704e-03,2.817089e-19,1.316145e-16,1.081215e-01
moderate,0.1,0.628,48,10,3.208683e-01,0.0553,1,1.268704e-03,2.817089e-19,6.063168e-31,1.081215e-01
moderate,0.1,0.628,48,20,3.208683e-01,0.0553,1,1.268704e-03,2.817089e-19,2.107557e-63,1.081215e-01
moderate,0.1,0.628,50,5,3.208683e-01,0.0439,1,8.981738e-04,1.994346e-19,2.340474e-17,9.893949e-02
moderate,0.1,0.628,50,10,3.208683e-01,0.0439,1,8.981738e-04,1.994346e-19,3.409570e-32,9.893949e-02
moderate,0.1,0.628,50,20,3.208683e-01,0.0439,1,8.981738e-04,1.994346e-19,1.185166e-65,9.893949e-02
moderate,0.1,0.789,20,5,2.016348e-01,2.2093,0,1.059632e+00,2.352856e-16,2.212693e-04,3.199753e-01
moderate,0.1,0.789,20,10,2.016348e-01,2.2093,0,1.059632e+00,2.352856e-16,1.026157e-10,3.197879e-01
moderate,0.1,0.789,20,20,2.016348e-01,2.2093,1,1.059632e+00,2.352856e-16,3.682557e-27,3.197879e-01
moderate,0.1,0.789,22,5,2.016348e-01,1.7549,0,6.533640e-01,1.450760e-16,3.934786e-05,2.970540e-01
moderate,0.1,0.789,22,10,2.016348e-01,1.7549,1,6.533640e-01,1.450760e-16,5.770503e-12,2.970201e-01
moderate,0.1,0.789,22,20,2.016348e-01,1.7549,1,6.533640e-01,1.450760e-16,2.070854e-29,2.970201e-01
moderate,0.1,0.789,24,5,2.016348e-01,1.3940,0,4.028610e-01,8.945311e-17,6.997149e-06,2.739986e-01
moderate,0.1,0.789,24,10,2.016348e-01,1.3940,1,4.028610e-01,8.945311e-17,3.244992e-13,2.739925e-01
moderate,0.1,0.789,24,20,2.016348e-01,1.3940,1,4.028610e-01,8.945311e-17,1.164527e-31,2.739925e-01
moderate,0.1,0.789,26,5,2.016348e-01,1.1073,0,2.484021e-01,5.515634e-17,1.244289e-06,2.510953e-01
moderate,0.1,0.789,26,10,2.016348e-01,1.1073,1,2.484021e-01,5.515634e-17,1.824793e-14,2.510942e-01
moderate,0.1,0.789,26,20,2.016348e-01,1.1073,1,2.484021e-01,5.515634e-17,6.548616e-34,2.510942e-01
moderate,0.1,0.789,28,5,2.016348e-01,0.8795,0,1.601787e-01,3.556681e-17,2.212693e-07,2.286812e-01
moderate,0.1,0.789,28,10,2.016348e-01,0.8795,1,1.601787e-01,3.556681e-17,1.026157e-15,2.286810e-01
moderate,0.1,0.789,28,20,2.016348e-01,0.8795,1,1.601787e-01,3.556681e-17,3.682557e-36,2.286810e-01
moderate,0.1,0.789,30,5,2.016348e-01,0.6987,0,1.133978e-01,2.517937e-17,3.934786e-08,2.070592e-01
moderate,0.1,0.789,30,10,2.016348e-01,0.6987,1,1.133978e-01,2.517937e-17,5.770503e-17,2.070592e-01
moderate,0.1,0.789,30,20,2.016348e-01,0.6987,1,1.133978e-01,2.517937e-17,2.070854e-38,2.070592e-01
moderate,0.1,0.789,32,5,2.016348e-01,0.5550,0,8.027950e-02,1.782563e-17,6.997149e-09,1.864755e-01
moderate,0.1,0.789,32,10,2.016348e-01,0.5550,1,8.027950e-02,1.782563e-17,3.244992e-18,1.864755e-01
moderate,0.1,0.789,32,20,2.016348e-01,0.5550,1,8.027950e-02,1.782563e-17,1.164527e-40,1.864755e-01
moderate,0.1,0.789,34,5,2.016348e-01,0.4408,1,5.683354e-02,1.261958e-17,1.244289e-09,1.671141e-01
moderate,0.1,0.789,34,10,2.016348e-01,0.4408,1,5.683354e-02,1.261958e-17,1.824793e-19,1.671141e-01
moderate,0.1,0.789,34,20,2.016348e-01,0.4408,1,5.683354e-02,1.261958e-17,6.548616e-43,1.671141e-01
moderate,0.1,0.789,36,5,2.016348e-01,0.3502,1,4.023506e-02,8.933979e-18,2.212693e-10,1.490978e-01
moderate,0.1,0.789,36,10,2.016348e-01,0.3502,1,4.023506e-02,8.933979e-18,1.026157e-20,1.490978e-01
moderate,0.1,0.789,36,20,2.016348e-01,0.3502,1,4.023506e-02,8.933979e-18,3.682557e-45,1.490978e-01
moderate,0.1,0.789,38,5,2.016348e-01,0.2781,1,2.848424e-02,6.324772e-18,3.934786e-11,1.324936e-01
moderate,0.1,0.789,38,10,2.016348e-01,0.2781,1,2.848424e-02,6.324772e-18,5.770503e-22,1.324936e-01
moderate,0.1,0.789,38,20,2.016348e-01,0.2781,1,2.848424e-02,6.324772e-18,2.070854e-47,1.324936e-01
moderate,0.1,0.789,40,5,2.016348e-01,0.2209,1,2.016530e-02,4.477596e-18,6.997149e-12,1.173212e-01
moderate,0.1,0.789,40,10,2.016348e-01,0.2209,1,2.016530e-02,4.477596e-18,3.244992e-23,1.173212e-01
moderate,0.1,0.789,40,20,2.016348e-01,0.2209,1,2.016530e-02,4.477596e-18,1.164527e-49,1.173212e-01
moderate,0.1,0.789,42,5,2.016348e-01,0.1755,1,1.427594e-02,3.169895e-18,1.244289e-12,1.035611e-01
moderate,0.1,0.789,42,10,2.016348e-01,0.1755,1,1.427594e-02,3.169895e-18,1.824793e-24,1.035611e-01
moderate,0.1,0.789,42,20,2.016348e-01,0.1755,1,1.427594e-02,3.169895e-18,6.548616e-52,1.035611e-01
moderate,0.1,0.789,44,5,2.016348e-01,0.1394,1,1.010659e-02,2.244114e-18,2.212693e-13,9.116405e-02
moderate,0.1,0.789,44,10,2.016348e-01,0.1394,1,1.010659e-02,2.244114e-18,1.026157e-25,9.116405e-02
moderate,0.1,0.789,44,20,2.016348e-01,0.1394,1,1.010659e-02,2.244114e-18,3.682557e-54,9.116405e-02
moderate,0.1,0.789,46,5,2.016348e-01,0.1107,1,7.154918e-03,1.588711e-18,3.934786e-14,8.005916e-02
moderate,0.1,0.789,46,10,2.016348e-01,0.1107,1,7.154918e-03,1.588711e-18,5.770503e-27,8.005916e-02
moderate,0.1,0.789,46,20,2.016348e-01,0.1107,1,7.154918e-03,1.588711e-18,2.070854e-56,8.005916e-02
moderate,0.1,0.789,48,5,2.016348e-01,0.0880,1,5.065294e-03,1.124721e-18,6.997149e-15,7.016145e-02
moderate,0.1,0.789,48,10,2.016348e-01,0.0880,1,5.065294e-03,1.124721e-18,3.244992e-28,7.016145e-02
moderate,0.1,0.789,48,20,2.016348e-01,0.0880,1,5.065294e-03,1.124721e-18,1.164527e-58,7.016145e-02
moderate,0.1,0.789,50,5,2.016348e-01,0.0699,1,3.585954e-03,7.962417e-19,1.244289e-15,6.137778e-02
moderate,0.1,0.789,50,10,2.016348e-01,0.0699,1,3.585954e-03,7.962417e-19,1.824793e-29,6.137778e-02
moderate,0.1,0.789,50,20,2.016348e-01,0.0699,1,3.585954e-03,7.962417e-19,6.548616e-61,6.137778e-02
moderate,0.1,0.992,20,5,1.272177e-01,3.5017,0,6.200829e+00,1.376861e-15,1.167822e-02,3.378799e-01
moderate,0.1,0.992,20,10,1.272177e-01,3.5017,0,6.200829e+00,1.376861e-15,5.293357e-08,3.283909e-01
moderate,0.1,0.992,20,20,1.272177e-01,3.5017,1,6.200829e+00,1.376861e-15,1.873517e-22,3.283909e-01
moderate,0.1,0.992,22,5,1.272177e-01,2.7815,0,3.597030e+00,7.987011e-16,2.076714e-03,3.051016e-01
moderate,0.1,0.992,22,10,1.272177e-01,2.7815,0,3.597030e+00,7.987011e-16,2.976673e-09,3.033764e-01
moderate,0.1,0.992,22,20,1.272177e-01,2.7815,1,3.597030e+00,7.987011e-16,1.053556e-24,3.033764e-01
moderate,0.1,0.992,24,5,1.272177e-01,2.2094,0,2.217911e+00,4.924751e-16,3.692979e-04,2.778943e-01
moderate,0.1,0.992,24,10,1.272177e-01,2.2094,0,2.217911e+00,4.924751e-16,1.673906e-10,2.775813e-01
moderate,0.1,0.992,24,20,1.272177e-01,2.2094,1,2.217911e+00,4.924751e-16,5.924580e-27,2.775813e-01
moderate,0.1,0.992,26,5,1.272177e-01,1.7550,0,1.367553e+00,3.036577e-16,6.567148e-05,2.515922e-01
moderate,0.1,0.992,26,10,1.272177e-01,1.7550,1,1.367553e+00,3.036577e-16,9.413068e-12,2.515355e-01
moderate,0.1,0.992,26,20,1.272177e-01,1.7550,1,1.367553e+00,3.036577e-16,3.331636e-29,2.515355e-01
moderate,0.1,0.992,28,5,1.272177e-01,1.3940,0,8.592938e-01,1.908016e-16,1.167822e-05,2.257737e-01
moderate,0.1,0.992,28,10,1.272177e-01,1.3940,1,8.592938e-01,1.908016e-16,5.293357e-13,2.257634e-01
moderate,0.1,0.992,28,20,1.272177e-01,1.3940,1,8.592938e-01,1.908016e-16,1.873517e-31,2.257634e-01
moderate,0.1,0.992,30,5,1.272177e-01,1.1073,0,6.083335e-01,1.350772e-16,2.076714e-06,2.007497e-01
moderate,0.1,0.992,30,10,1.272177e-01,1.1073,1,6.083335e-01,1.350772e-16,2.976673e-14,2.007478e-01
moderate,0.1,0.992,30,20,1.272177e-01,1.1073,1,6.083335e-01,1.350772e-16,1.053556e-33,2.007478e-01
moderate,0.1,0.992,32,5,1.272177e-01,0.8796,0,4.306671e-01,9.562731e-17,3.692979e-07,1.769022e-01
moderate,0.1,0.992,32,10,1.272177e-01,0.8796,1,4.306671e-01,9.562731e-17,1.673906e-15,1.769019e-01
moderate,0.1,0.992,32,20,1.272177e-01,0.8796,1,4.306671e-01,9.562731e-17,5.924580e-36,1.769019e-01
moderate,0.1,0.992,34,5,1.272177e-01,0.6987,0,3.048890e-01,6.769895e-17,6.567148e-08,1.545517e-01
moderate,0.1,0.992,34,10,1.272177e-01,0.6987,1,3.048890e-01,6.769895e-17,9.413068e-17,1.545517e-01
moderate,0.1,0.992,34,20,1.272177e-01,0.6987,1,3.048890e-01,6.769895e-17,3.331636e-38,1.545517e-01
moderate,0.1,0.992,36,5,1.272177e-01,0.5550,0,2.158449e-01,4.792719e-17,1.167822e-08,1.339289e-01
moderate,0.1,0.992,36,10,1.272177e-01,0.5550,1,2.158449e-01,4.792719e-17,5.293357e-18,1.339289e-01
moderate,0.1,0.992,36,20,1.272177e-01,0.5550,1,2.158449e-01,4.792719e-17,1.873517e-40,1.339289e-01
moderate,0.1,0.992,38,5,1.272177e-01,0.4408,1,1.528065e-01,3.392985e-17,2.076714e-09,1.151728e-01
moderate,0.1,0.992,38,10,1.272177e-01,0.4408,1,1.528065e-01,3.392985e-17,2.976673e-19,1.151728e-01
moderate,0.1,0.992,38,20,1.272177e-01,0.4408,1,1.528065e-01,3.392985e-17,1.053556e-42,1.151728e-01
moderate,0.1,0.992,40,5,1.272177e-01,0.3502,1,1.081787e-01,2.402049e-17,3.692979e-10,9.833892e-02
moderate,0.1,0.992,40,10,1.272177e-01,0.3502,1,1.081787e-01,2.402049e-17,1.673906e-20,9.833892e-02
moderate,0.1,0.992,40,20,1.272177e-01,0.3502,1,1.081787e-01,2.402049e-17,5.924580e-45,9.833892e-02
moderate,0.1,0.992,42,5,1.272177e-01,0.2781,1,7.658464e-02,1.700521e-17,6.567148e-11,8.341178e-02
moderate,0.1,0.992,42,10,1.272177e-01,0.2781,1,7.658464e-02,1.700521e-17,9.413068e-22,8.341178e-02
moderate,0.1,0.992,42,20,1.272177e-01,0.2781,1,7.658464e-02,1.700521e-17,3.331636e-47,8.341178e-02
moderate,0.1,0.992,44,5,1.272177e-01,0.2209,1,5.421778e-02,1.203876e-17,1.167822e-11,7.032029e-02
moderate,0.1,0.992,44,10,1.272177e-01,0.2209,1,5.421778e-02,1.203876e-17,5.293357e-23,7.032029e-02
moderate,0.1,0.992,44,20,1.272177e-01,0.2209,1,5.421778e-02,1.203876e-17,1.873517e-49,7.032029e-02
moderate,0.1,0.992,46,5,1.272177e-01,0.1755,1,3.838325e-02,8.522793e-18,2.076714e-12,5.895273e-02
moderate,0.1,0.992,46,10,1.272177e-01,0.1755,1,3.838325e-02,8.522793e-18,2.976673e-24,5.895273e-02
moderate,0.1,0.992,46,20,1.272177e-01,0.1755,1,3.838325e-02,8.522793e-18,1.053556e-51,5.895273e-02
moderate,0.1,0.992,48,5,1.272177e-01,0.1394,1,2.717326e-02,6.033675e-18,3.692979e-13,4.917078e-02
moderate,0.1,0.992,48,10,1.272177e-01,0.1394,1,2.717326e-02,6.033675e-18,1.673906e-25,4.917078e-02
moderate,0.1,0.992,48,20,1.272177e-01,0.1394,1,2.717326e-02,6.033675e-18,5.924580e-54,4.917078e-02
moderate,0.1,0.992,50,5,1.272177e-01,0.1107,1,1.923719e-02,4.271515e-18,6.567148e-14,4.082152e-02
moderate,0.1,0.992,50,10,1.272177e-01,0.1107,1,1.923719e-02,4.271515e-18,9.413068e-27,4.082152e-02
moderate,0.1,0.992,50,20,1.272177e-01,0.1107,1,1.923719e-02,4.271515e-18,3.331636e-56,4.082152e-02
moderate,0.1,1.266,20,5,7.803300e-02,5.7088,0,5.951460e+01,1.321490e-14,8.214265e-01,9.839507e-01
moderate,0.1,1.266,20,10,7.803300e-02,5.7088,0,5.951460e+01,1.321490e-14,4.101330e-05,3.507689e-01
moderate,0.1,1.266,20,20,7.803300e-02,5.7088,1,5.951460e+01,1.321490e-14,1.876002e-17,3.507346e-01
moderate,0.1,1.266,22,5,7.803300e-02,4.5347,0,4.122669e+01,9.154163e-15,1.460726e-01,4.411228e-01
moderate,0.1,1.266,22,10,7.803300e-02,4.5347,0,4.122669e+01,9.154163e-15,2.306347e-06,3.254586e-01
moderate,0.1,1.266,22,20,7.803300e-02,4.5347,1,4.122669e+01,9.154163e-15,1.054953e-19,3.254566e-01
moderate,0.1,1.266,24,5,7.803300e-02,3.6020,0,2.918626e+01,6.480651e-15,2.597579e-02,3.196741e-01
moderate,0.1,1.266,24,10,7.803300e-02,3.6020,0,2.918626e+01,6.480651e-15,1.296954e-07,2.985955e-01
moderate,0.1,1.266,24,20,7.803300e-02,3.6020,1,2.918626e+01,6.480651e-15,5.932439e-22,2.985954e-01
moderate,0.1,1.266,26,5,7.803300e-02,2.8612,0,2.066229e+01,4.587950e-15,4.619221e-03,2.745628e-01
moderate,0.1,1.266,26,10,7.803300e-02,2.8612,0,2.066229e+01,4.587950e-15,7.293310e-09,2.707300e-01
moderate,0.1,1.266,26,20,7.803300e-02,2.8612,1,2.066229e+01,4.587950e-15,3.336055e-24,2.707300e-01
moderate,0.1,1.266,28,5,7.803300e-02,2.2727,0,1.462778e+01,3.248020e-15,8.214265e-04,2.432007e-01
moderate,0.1,1.266,28,10,7.803300e-02,2.2727,0,1.462778e+01,3.248020e-15,4.101330e-10,2.425052e-01
moderate,0.1,1.266,28,20,7.803300e-02,2.2727,1,1.462778e+01,3.248020e-15,1.876002e-26,2.425052e-01
moderate,0.1,1.266,30,5,7.803300e-02,1.8053,0,1.035568e+01,2.299422e-15,1.460726e-04,2.147033e-01
moderate,0.1,1.266,30,10,7.803300e-02,1.8053,1,1.035568e+01,2.299422e-15,2.306347e-11,2.145773e-01
moderate,0.1,1.266,30,20,7.803300e-02,1.8053,1,1.035568e+01,2.299422e-15,1.054953e-28,2.145773e-01
moderate,0.1,1.266,32,5,7.803300e-02,1.4340,0,7.331257e+00,1.627866e-15,2.597579e-05,1.875838e-01
moderate,0.1,1.266,32,10,7.803300e-02,1.4340,1,7.331257e+00,1.627866e-15,1.296954e-12,1.875611e-01
moderate,0.1,1.266,32,20,7.803300e-02,1.4340,1,7.331257e+00,1.627866e-15,5.932439e-31,1.875611e-01
moderate,0.1,1.266,34,5,7.803300e-02,1.1391,0,5.190132e+00,1.152441e-15,4.619221e-06,1.619904e-01
moderate,0.1,1.266,34,10,7.803300e-02,1.1391,1,5.190132e+00,1.152441e-15,7.293310e-14,1.619863e-01
moderate,0.1,1.266,34,20,7.803300e-02,1.1391,1,5.190132e+00,1.152441e-15,3.336055e-33,1.619863e-01
moderate,0.1,1.266,36,5,7.803300e-02,0.9048,0,3.674332e+00,8.158657e-16,8.214265e-07,1.382690e-01
moderate,0.1,1.266,36,10,7.803300e-02,0.9048,1,3.674332e+00,8.158657e-16,4.101330e-15,1.382683e-01
moderate,0.1,1.266,36,20,7.803300e-02,0.9048,1,3.674332e+00,8.158657e-16,1.876002e-35,1.382683e-01
moderate,0.1,1.266,38,5,7.803300e-02,0.7187,0,2.601228e+00,5.775887e-16,1.460726e-07,1.166940e-01
moderate,0.1,1.266,38,10,7.803300e-02,0.7187,1,2.601228e+00,5.775887e-16,2.306347e-16,1.166939e-01
moderate,0.1,1.266,38,20,7.803300e-02,0.7187,1,2.601228e+00,5.775887e-16,1.054953e-37,1.166939e-01
moderate,0.1,1.266,40,5,7.803300e-02,0.5709,0,1.841528e+00,4.089015e-16,2.597579e-08,9.742220e-02
moderate,0.1,1.266,40,10,7.803300e-02,0.5709,1,1.841528e+00,4.089015e-16,1.296954e-17,9.742218e-02
moderate,0.1,1.266,40,20,7.803300e-02,0.5709,1,1.841528e+00,4.089015e-16,5.932439e-40,9.742218e-02
moderate,0.1,1.266,42,5,7.803300e-02,0.4535,1,1.303702e+00,2.894801e-16,4.619221e-09,8.049622e-02
moderate,0.1,1.266,42,10,7.803300e-02,0.4535,1,1.303702e+00,2.894801e-16,7.293310e-19,8.049622e-02
moderate,0.1,1.266,42,20,7.803300e-02,0.4535,1,1.303702e+00,2.894801e-16,3.336055e-42,8.049622e-02
moderate,0.1,1.266,44,5,7.803300e-02,0.3602,1,9.229505e-01,2.049362e-16,8.214265e-10,6.586238e-02
moderate,0.1,1.266,44,10,7.803300e-02,0.3602,1,9.229505e-01,2.049362e-16,4.101330e-20,6.586238e-02
moderate,0.1,1.266,44,20,7.803300e-02,0.3602,1,9.229505e-01,2.049362e-16,1.876002e-44,6.586238e-02
moderate,0.1,1.266,46,5,7.803300e-02,0.2861,1,6.533990e-01,1.450837e-16,1.460726e-10,5.339321e-02
moderate,0.1,1.266,46,10,7.803300e-02,0.2861,1,6.533990e-01,1.450837e-16,2.306347e-21,5.339321e-02
moderate,0.1,1.266,46,20,7.803300e-02,0.2861,1,6.533990e-01,1.450837e-16,1.054953e-46,5.339321e-02
moderate,0.1,1.266,48,5,7.803300e-02,0.2273,1,4.625710e-01,1.027114e-16,2.597579e-11,4.291057e-02
moderate,0.1,1.266,48,10,7.803300e-02,0.2273,1,4.625710e-01,1.027114e-16,1.296954e-22,4.291057e-02
moderate,0.1,1.266,48,20,7.803300e-02,0.2273,1,4.625710e-01,1.027114e-16,5.932439e-49,4.291057e-02
moderate,0.1,1.266,50,5,7.803300e-02,0.1805,1,3.274752e-01,7.271410e-17,4.619221e-12,3.420673e-02
moderate,0.1,1.266,50,10,7.803300e-02,0.1805,1,3.274752e-01,7.271410e-17,7.293310e-24,3.420673e-02
moderate,0.1,1.266,50,20,7.803300e-02,0.1805,1,3.274752e-01,7.271410e-17,3.336055e-51,3.420673e-02
moderate,0.1,1.548,20,5,5.217598e-02,8.5380,0,2.049178e+03,4.550090e-13,2.904457e+01,2.168718e+01
moderate,0.1,1.548,20,10,5.217598e-02,8.5380,0,2.049178e+03,4.550090e-13,1.012818e-02,3.836774e-01
moderate,0.1,1.548,20,20,5.217598e-02,8.5380,0,2.049178e+03,4.550090e-13,2.499731e-13,3.755192e-01
moderate,0.1,1.548,22,5,5.217598e-02,6.7820,0,1.152338e+03,2.558704e-13,5.164937e+00,4.260704e+00
moderate,0.1,1.548,22,10,5.217598e-02,6.7820,0,1.152338e+03,2.558704e-13,5.695494e-04,3.523519e-01
moderate,0.1,1.548,22,20,5.217598e-02,6.7820,1,1.152338e+03,2.558704e-13,1.405702e-15,3.518825e-01
moderate,0.1,1.548,24,5,5.217598e-02,5.3871,0,6.480071e+02,1.438865e-13,9.184700e-01,1.041097e+00
moderate,0.1,1.548,24,10,5.217598e-02,5.3871,0,6.480071e+02,1.438865e-13,3.202812e-05,3.260138e-01
moderate,0.1,1.548,24,20,5.217598e-02,5.3871,1,6.480071e+02,1.438865e-13,7.904845e-18,3.259868e-01
moderate,0.1,1.548,26,5,5.217598e-02,4.2791,0,3.644012e+02,8.091331e-14,1.633296e-01,4.288227e-01
moderate,0.1,1.548,26,10,5.217598e-02,4.2791,0,3.644012e+02,8.091331e-14,1.801073e-06,2.983126e-01
moderate,0.1,1.548,26,20,5.217598e-02,4.2791,1,3.644012e+02,8.091331e-14,4.445221e-20,2.983111e-01
moderate,0.1,1.548,28,5,5.217598e-02,3.3990,0,2.049178e+02,4.550090e-14,2.904457e-02,2.932397e-01
moderate,0.1,1.548,28,10,5.217598e-02,3.3990,0,2.049178e+02,4.550090e-14,1.012818e-07,2.694753e-01
moderate,0.1,1.548,28,20,5.217598e-02,3.3990,1,2.049178e+02,4.550090e-14,2.499731e-22,2.694752e-01
moderate,0.1,1.548,30,5,5.217598e-02,2.6999,0,1.152338e+02,2.558704e-14,5.164937e-03,2.445060e-01
moderate,0.1,1.548,30,10,5.217598e-02,2.6999,0,1.152338e+02,2.558704e-14,5.695494e-09,2.401881e-01
moderate,0.1,1.548,30,20,5.217598e-02,2.6999,1,1.152338e+02,2.558704e-14,1.405702e-24,2.401881e-01
moderate,0.1,1.548,32,5,5.217598e-02,2.1446,0,6.480071e+01,1.438865e-14,9.184700e-04,2.119673e-01
moderate,0.1,1.548,32,10,5.217598e-02,2.1446,0,6.480071e+01,1.438865e-14,3.202812e-10,2.111844e-01
moderate,0.1,1.548,32,20,5.217598e-02,2.1446,1,6.480071e+01,1.438865e-14,7.904845e-27,2.111844e-01
moderate,0.1,1.548,34,5,5.217598e-02,1.7036,0,3.644012e+01,8.091331e-15,1.633296e-04,1.833012e-01
moderate,0.1,1.548,34,10,5.217598e-02,1.7036,1,3.644012e+01,8.091331e-15,1.801073e-11,1.831595e-01
moderate,0.1,1.548,34,20,5.217598e-02,1.7036,1,3.644012e+01,8.091331e-15,4.445221e-29,1.831595e-01
moderate,0.1,1.548,36,5,5.217598e-02,1.3532,0,2.049178e+01,4.550090e-15,2.904457e-05,1.567408e-01
moderate,0.1,1.548,36,10,5.217598e-02,1.3532,1,2.049178e+01,4.550090e-15,1.012818e-12,1.567152e-01
moderate,0.1,1.548,36,20,5.217598e-02,1.3532,1,2.049178e+01,4.550090e-15,2.499731e-31,1.567152e-01
moderate,0.1,1.548,38,5,5.217598e-02,1.0749,0,1.152338e+01,2.558704e-15,5.164937e-06,1.323257e-01
moderate,0.1,1.548,38,10,5.217598e-02,1.0749,1,1.152338e+01,2.558704e-15,5.695494e-14,1.323211e-01
moderate,0.1,1.548,38,20,5.217598e-02,1.0749,1,1.152338e+01,2.558704e-15,1.405702e-33,1.323211e-01
moderate,0.1,1.548,40,5,5.217598e-02,0.8538,0,6.480071e+00,1.438865e-15,9.184700e-07,1.102966e-01
moderate,0.1,1.548,40,10,5.217598e-02,0.8538,1,6.480071e+00,1.438865e-15,3.202812e-15,1.102958e-01
moderate,0.1,1.548,40,20,5.217598e-02,0.8538,1,6.480071e+00,1.438865e-15,7.904845e-36,1.102958e-01
moderate,0.1,1.548,42,5,5.217598e-02,0.6782,0,3.644012e+00,8.091331e-16,1.633296e-07,9.080671e-02
moderate,0.1,1.548,42,10,5.217598e-02,0.6782,1,3.644012e+00,8.091331e-16,1.801073e-16,9.080656e-02
moderate,0.1,1.548,42,20,5.217598e-02,0.6782,1,3.644012e+00,8.091331e-16,4.445221e-38,9.080656e-02
moderate,0.1,1.548,44,5,5.217598e-02,0.5387,0,2.049178e+00,4.550090e-16,2.904457e-08,7.388405e-02
moderate,0.1,1.548,44,10,5.217598e-02,0.5387,1,2.049178e+00,4.550090e-16,1.012818e-17,7.388402e-02
moderate,0.1,1.548,44,20,5.217598e-02,0.5387,1,2.049178e+00,4.550090e-16,2.499731e-40,7.388402e-02
moderate,0.1,1.548,46,5,5.217598e-02,0.4279,1,1.152338e+00,2.558704e-16,5.164937e-09,5.944643e-02
moderate,0.1,1.548,46,10,5.217598e-02,0.4279,1,1.152338e+00,2.558704e-16,5.695494e-19,5.944643e-02
moderate,0.1,1.548,46,20,5.217598e-02,0.4279,1,1.152338e+00,2.558704e-16,1.405702e-42,5.944643e-02
moderate,0.1,1.548,48,5,5.217598e-02,0.3399,1,6.480071e-01,1.438865e-16,9.184700e-10,4.732837e-02
moderate,0.1,1.548,48,10,5.217598e-02,0.3399,1,6.480071e-01,1.438865e-16,3.202812e-20,4.732837e-02
moderate,0.1,1.548,48,20,5.217598e-02,0.3399,1,6.480071e-01,1.438865e-16,7.904845e-45,4.732837e-02
moderate,0.1,1.548,50,5,5.217598e-02,0.2700,1,3.644012e-01,8.091331e-17,1.633296e-10,3.730967e-02
moderate,0.1,1.548,50,10,5.217598e-02,0.2700,1,3.644012e-01,8.091331e-17,1.801073e-21,3.730967e-02
moderate,0.1,1.548,50,20,5.217598e-02,0.2700,1,3.644012e-01,8.091331e-17,4.445221e-47,3.730967e-02
moderate,0.1,1.967,20,5,3.231021e-02,13.7875,0,3.574998e+04,7.938091e-12,2.398735e+03,1.657055e+03
moderate,0.1,1.967,20,10,3.231021e-02,13.7875,0,3.574998e+04,7.938091e-12,7.649926e+00,6.251571e+00
moderate,0.1,1.967,20,20,3.231021e-02,13.7875,0,3.574998e+04,7.938091e-12,2.098677e-08,4.066324e-01
moderate,0.1,1.967,22,5,3.231021e-02,10.9518,0,1.390836e+04,3.088276e-12,4.265621e+02,3.056426e+02
moderate,0.1,1.967,22,10,3.231021e-02,10.9518,0,1.390836e+04,3.088276e-12,4.301870e-01,7.245736e-01
moderate,0.1,1.967,22,20,3.231021e-02,10.9518,0,1.390836e+04,3.088276e-12,1.180173e-10,3.867352e-01
moderate,0.1,1.967,24,5,3.231021e-02,8.6993,0,5.410979e+03,1.201479e-12,7.585465e+01,5.645936e+01
moderate,0.1,1.967,24,10,3.231021e-02,8.6993,0,5.410979e+03,1.201479e-12,2.419119e-02,3.835511e-01
moderate,0.1,1.967,24,20,3.231021e-02,8.6993,0,5.410979e+03,1.201479e-12,6.636600e-13,3.640699e-01
moderate,0.1,1.967,26,5,3.231021e-02,6.9101,0,2.105115e+03,4.674295e-13,1.348908e+01,1.062037e+01
moderate,0.1,1.967,26,10,3.231021e-02,6.9101,0,2.105115e+03,4.674295e-13,1.360371e-03,3.399656e-01
moderate,0.1,1.967,26,20,3.231021e-02,6.9101,1,2.105115e+03,4.674295e-13,3.732035e-15,3.388448e-01
moderate,0.1,1.967,28,5,3.231021e-02,5.4889,0,8.189848e+02,1.818512e-13,2.398735e+00,2.191232e+00
moderate,0.1,1.967,28,10,3.231021e-02,5.4889,0,8.189848e+02,1.818512e-13,7.649926e-05,3.115273e-01
moderate,0.1,1.967,28,20,3.231021e-02,5.4889,1,8.189848e+02,1.818512e-13,2.098677e-17,3.114629e-01
moderate,0.1,1.967,30,5,3.231021e-02,4.3600,0,3.186221e+02,7.074831e-14,4.265621e-01,6.253668e-01
moderate,0.1,1.967,30,10,3.231021e-02,4.3600,0,3.186221e+02,7.074831e-14,4.301870e-06,2.825093e-01
moderate,0.1,1.967,30,20,3.231021e-02,4.3600,1,3.186221e+02,7.074831e-14,1.180173e-19,2.825056e-01
moderate,0.1,1.967,32,5,3.231021e-02,3.4633,0,1.239584e+02,2.752429e-14,7.585465e-02,3.150835e-01
moderate,0.1,1.967,32,10,3.231021e-02,3.4633,0,1.239584e+02,2.752429e-14,2.419119e-07,2.526880e-01
moderate,0.1,1.967,32,20,3.231021e-02,3.4633,1,1.239584e+02,2.752429e-14,6.636600e-22,2.526878e-01
moderate,0.1,1.967,34,5,3.231021e-02,2.7510,0,4.822540e+01,1.070819e-14,1.348908e-02,2.341241e-01
moderate,0.1,1.967,34,10,3.231021e-02,2.7510,0,4.822540e+01,1.070819e-14,1.360371e-08,2.227930e-01
moderate,0.1,1.967,34,20,3.231021e-02,2.7510,1,4.822540e+01,1.070819e-14,3.732035e-24,2.227930e-01
moderate,0.1,1.967,36,5,3.231021e-02,2.1852,0,2.116851e+01,4.700353e-15,2.398735e-03,1.956528e-01
moderate,0.1,1.967,36,10,3.231021e-02,2.1852,0,2.116851e+01,4.700353e-15,7.649926e-10,1.935991e-01
moderate,0.1,1.967,36,20,3.231021e-02,2.1852,1,2.116851e+01,4.700353e-15,2.098677e-26,1.935991e-01
moderate,0.1,1.967,38,5,3.231021e-02,1.7357,0,9.455625e+00,2.099571e-15,4.265621e-04,1.661808e-01
moderate,0.1,1.967,38,10,3.231021e-02,1.7357,1,9.455625e+00,2.099571e-15,4.301870e-11,1.658093e-01
moderate,0.1,1.967,38,20,3.231021e-02,1.7357,1,9.455625e+00,2.099571e-15,1.180173e-28,1.658093e-01
moderate,0.1,1.967,40,5,3.231021e-02,1.3788,0,4.223673e+00,9.378437e-16,7.585465e-05,1.400644e-01
moderate,0.1,1.967,40,10,3.231021e-02,1.3788,1,4.223673e+00,9.378437e-16,2.419119e-12,1.399973e-01
moderate,0.1,1.967,40,20,3.231021e-02,1.3788,1,4.223673e+00,9.378437e-16,6.636600e-31,1.399973e-01
moderate,0.1,1.967,42,5,3.231021e-02,1.0952,0,1.886645e+00,4.189194e-16,1.348908e-05,1.165877e-01
moderate,0.1,1.967,42,10,3.231021e-02,1.0952,1,1.886645e+00,4.189194e-16,1.360371e-13,1.165756e-01
moderate,0.1,1.967,42,20,3.231021e-02,1.0952,1,1.886645e+00,4.189194e-16,3.732035e-33,1.165756e-01
moderate,0.1,1.967,44,5,3.231021e-02,0.8699,0,8.427335e-01,1.871244e-16,2.398735e-06,9.578768e-02
moderate,0.1,1.967,44,10,3.231021e-02,0.8699,1,8.427335e-01,1.871244e-16,7.649926e-15,9.578550e-02
moderate,0.1,1.967,44,20,3.231021e-02,0.8699,1,8.427335e-01,1.871244e-16,2.098677e-35,9.578550e-02
moderate,0.1,1.967,46,5,3.231021e-02,0.6910,0,4.790221e-01,1.063643e-16,4.265621e-07,7.770832e-02
moderate,0.1,1.967,46,10,3.231021e-02,0.6910,1,4.790221e-01,1.063643e-16,4.301870e-16,7.770793e-02
moderate,0.1,1.967,46,20,3.231021e-02,0.6910,1,4.790221e-01,1.063643e-16,1.180173e-37,7.770793e-02
moderate,0.1,1.967,48,5,3.231021e-02,0.5489,0,2.953626e-01,6.558367e-17,7.585465e-08,6.228782e-02
moderate,0.1,1.967,48,10,3.231021e-02,0.5489,1,2.953626e-01,6.558367e-17,2.419119e-17,6.228775e-02
moderate,0.1,1.967,48,20,3.231021e-02,0.5489,1,2.953626e-01,6.558367e-17,6.636600e-40,6.228775e-02
moderate,0.1,1.967,50,5,3.231021e-02,0.4360,1,1.821191e-01,4.043857e-17,1.348908e-08,4.936609e-02
moderate,0.1,1.967,50,10,3.231021e-02,0.4360,1,1.821191e-01,4.043857e-17,1.360371e-18,4.936608e-02
moderate,0.1,1.967,50,20,3.231021e-02,0.4360,1,1.821191e-01,4.043857e-17,3.732035e-42,4.936608e-02
moderate,0.1,2.511,20,5,1.982581e-02,22.4696,0,2.521456e+06,5.598757e-10,4.629941e+05,3.203996e+05
moderate,0.1,2.511,20,10,1.982581e-02,22.4696,0,2.521456e+06,5.598757e-10,7.782644e+03,5.600154e+03
moderate,0.1,2.511,20,20,1.982581e-02,22.4696,0,2.521456e+06,5.598757e-10,2.329900e-03,4.366874e-01
moderate,0.1,2.511,22,5,1.982581e-02,17.8482,0,5.644837e+05,1.253406e-10,8.233328e+04,5.897658e+04
moderate,0.1,2.511,22,10,1.982581e-02,17.8482,0,5.644837e+05,1.253406e-10,4.376502e+02,3.256557e+02
moderate,0.1,2.511,22,20,1.982581e-02,17.8482,0,5.644837e+05,1.253406e-10,1.310199e-05,4.196892e-01
moderate,0.1,2.511,24,5,1.982581e-02,14.1773,0,1.274628e+05,2.830243e-11,1.464116e+04,1.082896e+04
moderate,0.1,2.511,24,10,1.982581e-02,14.1773,0,1.274628e+05,2.830243e-11,2.461088e+01,1.924331e+01
moderate,0.1,2.511,24,20,1.982581e-02,14.1773,0,1.274628e+05,2.830243e-11,7.367790e-08,4.017822e-01
moderate,0.1,2.511,26,5,1.982581e-02,11.2615,0,3.128841e+04,6.947423e-12,2.603607e+03,1.983765e+03
moderate,0.1,2.511,26,10,1.982581e-02,11.2615,0,3.128841e+04,6.947423e-12,1.383972e+00,1.469877e+00
moderate,0.1,2.511,26,20,1.982581e-02,11.2615,0,3.128841e+04,6.947423e-12,4.143213e-10,3.810341e-01
moderate,0.1,2.511,28,5,1.982581e-02,8.9453,0,7.680394e+03,1.705390e-12,4.629941e+02,3.627872e+02
moderate,0.1,2.511,28,10,1.982581e-02,8.9453,0,7.680394e+03,1.705390e-12,7.782644e-02,4.202746e-01
moderate,0.1,2.511,28,20,1.982581e-02,8.9453,0,7.680394e+03,1.705390e-12,2.329900e-12,3.574980e-01
moderate,0.1,2.511,30,5,1.982581e-02,7.1055,0,1.885313e+03,4.186236e-13,8.233328e+01,6.641068e+01
moderate,0.1,2.511,30,10,1.982581e-02,7.1055,0,1.885313e+03,4.186236e-13,4.376502e-03,3.350450e-01
moderate,0.1,2.511,30,20,1.982581e-02,7.1055,1,1.885313e+03,4.186236e-13,1.310199e-14,3.314337e-01
moderate,0.1,2.511,32,5,1.982581e-02,5.6441,0,4.627895e+02,1.027599e-13,1.464116e+01,1.232534e+01
moderate,0.1,2.511,32,10,1.982581e-02,5.6441,0,4.627895e+02,1.027599e-13,2.461088e-04,3.035104e-01
moderate,0.1,2.511,32,20,1.982581e-02,5.6441,1,4.627895e+02,1.027599e-13,7.367790e-17,3.033031e-01
moderate,0.1,2.511,34,5,1.982581e-02,4.4833,0,1.136013e+02,2.522457e-14,2.603607e+00,2.456541e+00
moderate,0.1,2.511,34,10,1.982581e-02,4.4833,0,1.136013e+02,2.522457e-14,1.383972e-05,2.737583e-01
moderate,0.1,2.511,34,20,1.982581e-02,4.4833,1,1.136013e+02,2.522457e-14,4.143213e-19,2.737464e-01
moderate,0.1,2.511,36,5,1.982581e-02,3.5612,0,2.788582e+01,6.191897e-15,4.629941e-01,6.390971e-01
moderate,0.1,2.511,36,10,1.982581e-02,3.5612,0,2.788582e+01,6.191897e-15,7.782644e-07,2.435289e-01
moderate,0.1,2.511,36,20,1.982581e-02,3.5612,1,2.788582e+01,6.191897e-15,2.329900e-21,2.435283e-01
moderate,0.1,2.511,38,5,1.982581e-02,2.8288,0,1.144975e+01,2.542356e-15,8.233328e-02,2.850235e-01
moderate,0.1,2.511,38,10,1.982581e-02,2.8288,0,1.144975e+01,2.542356e-15,4.376502e-08,2.134654e-01
moderate,0.1,2.511,38,20,1.982581e-02,2.8288,1,1.144975e+01,2.542356e-15,1.310199e-23,2.134654e-01
moderate,0.1,2.511,40,5,1.982581e-02,2.2470,0,5.607847e+00,1.245192e-15,1.464116e-02,1.972709e-01
moderate,0.1,2.511,40,10,1.982581e-02,2.2470,0,5.607847e+00,1.245192e-15,2.461088e-09,1.843474e-01
moderate,0.1,2.511,40,20,1.982581e-02,2.2470,1,5.607847e+00,1.245192e-15,7.367790e-26,1.843474e-01
moderate,0.1,2.511,42,5,1.982581e-02,1.7848,0,2.935784e+00,6.518751e-16,2.603607e-03,1.591970e-01
moderate,0.1,2.511,42,10,1.982581e-02,1.7848,1,2.935784e+00,6.518751e-16,1.383972e-10,1.568666e-01
moderate,0.1,2.511,42,20,1.982581e-02,1.7848,1,2.935784e+00,6.518751e-16,4.143213e-28,1.568666e-01
moderate,0.1,2.511,44,5,1.982581e-02,1.4177,0,1.650913e+00,3.665763e-16,4.629941e-04,1.319859e-01
moderate,0.1,2.511,44,10,1.982581e-02,1.4177,1,1.650913e+00,3.665763e-16,7.782644e-12,1.315662e-01
moderate,0.1,2.511,44,20,1.982581e-02,1.4177,1,1.650913e+00,3.665763e-16,2.329900e-30,1.315662e-01
moderate,0.1,2.511,46,5,1.982581e-02,1.1261,0,9.283765e-01,2.061410e-16,8.233328e-05,1.088898e-01
moderate,0.1,2.511,46,10,1.982581e-02,1.1261,1,9.283765e-01,2.061410e-16,4.376502e-13,1.088144e-01
moderate,0.1,2.511,46,20,1.982581e-02,1.1261,1,9.283765e-01,2.061410e-16,1.310199e-32,1.088144e-01
moderate,0.1,2.511,48,5,1.982581e-02,0.8945,0,5.647290e-01,1.253950e-16,1.464116e-05,8.881430e-02
moderate,0.1,2.511,48,10,1.982581e-02,0.8945,1,5.647290e-01,1.253950e-16,2.461088e-14,8.880075e-02
moderate,0.1,2.511,48,20,1.982581e-02,0.8945,1,5.647290e-01,1.253950e-16,7.367790e-35,8.880075e-02
moderate,0.1,2.511,50,5,1.982581e-02,0.7105,0,3.482091e-01,7.731795e-17,2.603607e-06,7.155686e-02
moderate,0.1,2.511,50,10,1.982581e-02,0.7105,1,3.482091e-01,7.731795e-17,1.383972e-15,7.155442e-02
moderate,0.1,2.511,50,20,1.982581e-02,0.7105,1,3.482091e-01,7.731795e-17,4.143213e-37,7.155442e-02
moderate,0.1,3.104,20,5,1.297396e-02,34.3363,0,1.631467e+07,3.622584e-09,1.631467e+07,-2.262350e+08
moderate,0.1,3.104,20,10,1.297396e-02,34.3363,0,2.249714e+08,4.995368e-08,5.153892e+06,3.572285e+06
moderate,0.1,3.104,20,20,1.297396e-02,34.3363,0,2.249714e+08,4.995368e-08,6.237480e+01,4.805066e+01
moderate,0.1,3.104,22,5,1.297396e-02,27.2743,0,2.526843e+06,5.610718e-10,2.526843e+06,-2.497991e+07
moderate,0.1,3.104,22,10,1.297396e-02,27.2743,0,2.524220e+07,5.604895e-09,2.898247e+05,2.080364e+05
moderate,0.1,3.104,22,20,1.297396e-02,27.2743,0,2.524220e+07,5.604895e-09,3.507593e-01,7.181355e-01
moderate,0.1,3.104,24,5,1.297396e-02,21.6647,0,3.913616e+05,8.689973e-11,3.913616e+05,-2.786550e+06
moderate,0.1,3.104,24,10,1.297396e-02,21.6647,0,2.832222e+06,6.288796e-10,1.629804e+04,1.208377e+04
moderate,0.1,3.104,24,20,1.297396e-02,21.6647,0,2.832222e+06,6.288796e-10,1.972464e-03,4.310598e-01
moderate,0.1,3.104,26,5,1.297396e-02,17.2089,0,6.061473e+04,1.345917e-11,6.061473e+04,-3.160259e+05
moderate,0.1,3.104,26,10,1.297396e-02,17.2089,0,3.177805e+05,7.056145e-11,9.165061e+02,7.004656e+02
moderate,0.1,3.104,26,20,1.297396e-02,17.2089,0,3.177805e+05,7.056145e-11,1.109198e-05,4.132990e-01
moderate,0.1,3.104,28,5,1.297396e-02,13.6695,0,9.627206e+03,2.137669e-12,9.525234e+03,-3.677435e+04
moderate,0.1,3.104,28,10,1.297396e-02,13.6695,0,3.565556e+04,7.917125e-12,5.153892e+01,4.085321e+01
moderate,0.1,3.104,28,20,1.297396e-02,13.6695,0,3.565556e+04,7.917125e-12,6.237480e-08,3.942837e-01
moderate,0.1,3.104,30,5,1.297396e-02,10.8581,0,2.220967e+03,4.931536e-13,1.693853e+03,-4.443945e+03
moderate,0.1,3.104,30,10,1.297396e-02,10.8581,0,4.000620e+03,8.883160e-13,2.898247e+00,2.705264e+00
moderate,0.1,3.104,30,20,1.297396e-02,10.8581,0,4.000620e+03,8.883160e-13,3.507593e-10,3.724079e-01
moderate,0.1,3.104,32,5,1.297396e-02,8.6249,0,6.467634e+02,1.436103e-13,3.012143e+02,-5.650733e+02
moderate,0.1,3.104,32,10,1.297396e-02,8.6249,0,6.467634e+02,1.436103e-13,1.629804e-01,4.820128e-01
moderate,0.1,3.104,32,20,1.297396e-02,8.6249,0,6.467634e+02,1.436103e-13,1.972464e-12,3.477966e-01
moderate,0.1,3.104,34,5,1.297396e-02,6.8510,0,2.172171e+02,4.823189e-14,5.356433e+01,-7.627625e+01
moderate,0.1,3.104,34,10,1.297396e-02,6.8510,0,2.172171e+02,4.823189e-14,9.165061e-03,3.284950e-01
moderate,0.1,3.104,34,20,1.297396e-02,6.8510,1,2.172171e+02,4.823189e-14,1.109198e-14,3.207891e-01
moderate,0.1,3.104,36,5,1.297396e-02,5.4419,0,8.213859e+01,1.823843e-14,9.525234e+00,-1.081090e+01
moderate,0.1,3.104,36,10,1.297396e-02,5.4419,0,8.213859e+01,1.823843e-14,5.153892e-04,2.923669e-01
moderate,0.1,3.104,36,20,1.297396e-02,5.4419,1,8.213859e+01,1.823843e-14,6.237480e-17,2.919253e-01
moderate,0.1,3.104,38,5,1.297396e-02,4.3227,0,3.452944e+01,7.667075e-15,1.693853e+00,-1.453204e+00
moderate,0.1,3.104,38,10,1.297396e-02,4.3227,0,3.452944e+01,7.667075e-15,2.898247e-05,2.619342e-01
moderate,0.1,3.104,38,20,1.297396e-02,4.3227,1,3.452944e+01,7.667075e-15,3.507593e-19,2.619090e-01
moderate,0.1,3.104,40,5,1.297396e-02,3.4336,0,1.564760e+01,3.474465e-15,3.012143e-01,-4.769943e-02
moderate,0.1,3.104,40,10,1.297396e-02,3.4336,0,1.564760e+01,3.474465e-15,1.629804e-06,2.315458e-01
moderate,0.1,3.104,40,20,1.297396e-02,3.4336,1,1.564760e+01,3.474465e-15,1.972464e-21,2.315444e-01
moderate,0.1,3.104,42,5,1.297396e-02,2.7274,0,7.663863e+00,1.701719e-15,5.356433e-02,1.543930e-01
moderate,0.1,3.104,42,10,1.297396e-02,2.7274,0,7.663863e+00,1.701719e-15,9.165061e-08,2.016575e-01
moderate,0.1,3.104,42,20,1.297396e-02,2.7274,1,7.663863e+00,1.701719e-15,1.109198e-23,2.016574e-01
moderate,0.1,3.104,44,5,1.297396e-02,2.1665,0,3.883787e+00,8.623740e-16,9.525234e-03,1.648042e-01
moderate,0.1,3.104,44,10,1.297396e-02,2.1665,0,3.883787e+00,8.623740e-16,5.153892e-09,1.730164e-01
moderate,0.1,3.104,44,20,1.297396e-02,2.1665,1,3.883787e+00,8.623740e-16,6.237480e-26,1.730164e-01
moderate,0.1,3.104,46,5,1.297396e-02,1.7209,0,2.184014e+00,4.849485e-16,1.693853e-03,1.448164e-01
moderate,0.1,3.104,46,10,1.297396e-02,1.7209,1,2.184014e+00,4.849485e-16,2.898247e-10,1.462669e-01
moderate,0.1,3.104,46,20,1.297396e-02,1.7209,1,2.184014e+00,4.849485e-16,3.507593e-28,1.462669e-01
moderate,0.1,3.104,48,5,1.297396e-02,1.3670,0,1.228161e+00,2.727066e-16,3.012143e-04,1.216301e-01
moderate,0.1,3.104,48,10,1.297396e-02,1.3670,1,1.228161e+00,2.727066e-16,1.629804e-11,1.218888e-01
moderate,0.1,3.104,48,20,1.297396e-02,1.3670,1,1.228161e+00,2.727066e-16,1.972464e-30,1.218888e-01
moderate,0.1,3.104,50,5,1.297396e-02,1.0858,0,7.234829e-01,1.606455e-16,5.356433e-05,1.001330e-01
moderate,0.1,3.104,50,10,1.297396e-02,1.0858,1,7.234829e-01,1.606455e-16,9.165061e-13,1.001793e-01
moderate,0.1,3.104,50,20,1.297396e-02,1.0858,1,7.234829e-01,1.606455e-16,1.109198e-32,1.001793e-01
moderate,0.1,3.912,20,5,8.167981e-03,54.5395,0,2.343095e+08,5.202717e-08,2.343095e+08,4.115211e+10
moderate,0.1,3.912,20,10,8.167981e-03,54.5395,0,3.387892e+09,7.522631e-07,3.387892e+09,3.970201e+10
moderate,0.1,3.912,20,20,8.167981e-03,54.5395,0,2.493888e+10,5.537544e-06,5.886089e+06,4.255015e+06
moderate,0.1,3.912,22,5,8.167981e-03,43.3222,0,3.629025e+07,8.058054e-09,3.629025e+07,1.203355e+09
moderate,0.1,3.912,22,10,8.167981e-03,43.3222,0,1.659318e+08,3.684426e-08,1.659318e+08,1.125916e+09
moderate,0.1,3.912,22,20,8.167981e-03,43.3222,0,7.706851e+08,1.711265e-07,3.309991e+04,2.470247e+04
moderate,0.1,3.912,24,5,8.167981e-03,34.4121,0,5.620694e+06,1.248045e-09,5.620694e+06,3.358962e+07
moderate,0.1,3.912,24,10,8.167981e-03,34.4121,0,9.492536e+06,2.107766e-09,8.599599e+06,3.057063e+07
moderate,0.1,3.912,24,20,8.167981e-03,34.4121,0,2.381645e+07,5.288313e-09,1.861345e+02,1.434945e+02
moderate,0.1,3.912,26,5,8.167981e-03,27.3345,0,8.705425e+05,1.932993e-10,8.705425e+05,6.359785e+05
moderate,0.1,3.912,26,10,8.167981e-03,27.3345,0,9.594788e+05,2.130471e-10,4.835910e+05,7.474770e+05
moderate,0.1,3.912,26,20,8.167981e-03,27.3345,0,9.594788e+05,2.130471e-10,1.046711e+00,1.267497e+00
moderate,0.1,3.912,28,5,8.167981e-03,21.7125,0,1.348311e+05,2.993851e-11,1.348311e+05,-4.741971e+04
moderate,0.1,3.912,28,10,8.167981e-03,21.7125,0,1.348311e+05,2.993851e-11,2.719432e+04,1.305089e+04
moderate,0.1,3.912,28,20,8.167981e-03,21.7125,0,1.348311e+05,2.993851e-11,5.886089e-03,4.320281e-01
moderate,0.1,3.912,30,5,8.167981e-03,17.2469,0,2.461446e+04,5.465508e-12,2.366312e+04,-1.371529e+04
moderate,0.1,3.912,30,10,8.167981e-03,17.2469,0,2.461446e+04,5.465508e-12,1.529249e+03,-1.383280e+02
moderate,0.1,3.912,30,20,8.167981e-03,17.2469,0,2.461446e+04,5.465508e-12,3.309991e-05,4.106877e-01
moderate,0.1,3.912,32,5,8.167981e-03,13.6997,0,5.594253e+03,1.242174e-12,4.207964e+03,-2.690150e+03
moderate,0.1,3.912,32,10,8.167981e-03,13.6997,0,5.594253e+03,1.242174e-12,8.599599e+01,-3.410835e+01
moderate,0.1,3.912,32,20,8.167981e-03,13.6997,0,5.594253e+03,1.242174e-12,1.861345e-07,3.912066e-01
moderate,0.1,3.912,34,5,8.167981e-03,10.8821,0,1.504334e+03,3.340293e-13,7.482936e+02,-5.020465e+02
moderate,0.1,3.912,34,10,8.167981e-03,10.8821,0,1.504334e+03,3.340293e-13,4.835910e+00,-2.410026e+00
moderate,0.1,3.912,34,20,8.167981e-03,10.8821,0,1.504334e+03,3.340293e-13,1.046711e-09,3.688805e-01
moderate,0.1,3.912,36,5,8.167981e-03,8.6439,0,4.667773e+02,1.036454e-13,1.330675e+02,-9.254674e+01
moderate,0.1,3.912,36,10,8.167981e-03,8.6439,0,4.667773e+02,1.036454e-13,2.719432e-01,1.601022e-01
moderate,0.1,3.912,36,20,8.167981e-03,8.6439,0,4.667773e+02,1.036454e-13,5.886089e-12,3.438462e-01
moderate,0.1,3.912,38,5,8.167981e-03,6.8661,0,1.671742e+02,3.712012e-14,2.366312e+01,-1.679107e+01
moderate,0.1,3.912,38,10,8.167981e-03,6.8661,0,1.671742e+02,3.712012e-14,1.529249e-02,3.051880e-01
moderate,0.1,3.912,38,20,8.167981e-03,6.8661,1,1.671742e+02,3.712012e-14,3.309991e-14,3.164753e-01
moderate,0.1,3.912,40,5,8.167981e-03,5.4539,0,6.503830e+01,1.444140e-14,4.207964e+00,-2.854306e+00
moderate,0.1,3.912,40,10,8.167981e-03,5.4539,0,6.503830e+01,1.444140e-14,8.599599e-04,2.866681e-01
moderate,0.1,3.912,40,20,8.167981e-03,5.4539,1,6.503830e+01,1.444140e-14,1.861345e-16,2.873386e-01
moderate,0.1,3.912,42,5,8.167981e-03,4.3322,0,2.872621e+01,6.378501e-15,7.482936e-01,-3.182596e-01
moderate,0.1,3.912,42,10,8.167981e-03,4.3322,0,2.872621e+01,6.378501e-15,4.835910e-05,2.571248e-01
moderate,0.1,3.912,42,20,8.167981e-03,4.3322,1,2.872621e+01,6.378501e-15,1.046711e-18,2.571640e-01
moderate,0.1,3.912,44,5,8.167981e-03,3.4412,0,1.340022e+01,2.975447e-15,1.330675e-01,1.216363e-01
moderate,0.1,3.912,44,10,8.167981e-03,3.4412,0,1.340022e+01,2.975447e-15,2.719432e-06,2.267671e-01
moderate,0.1,3.912,44,20,8.167981e-03,3.4412,1,1.340022e+01,2.975447e-15,5.886089e-21,2.267694e-01
moderate,0.1,3.912,46,5,8.167981e-03,2.7334,0,6.563144e+00,1.457311e-15,2.366312e-02,1.778184e-01
moderate,0.1,3.912,46,10,8.167981e-03,2.7334,0,6.563144e+00,1.457311e-15,1.529249e-07,1.969815e-01
moderate,0.1,3.912,46,20,8.167981e-03,2.7334,1,6.563144e+00,1.457311e-15,3.309991e-23,1.969816e-01
moderate,0.1,3.912,48,5,8.167981e-03,2.1713,0,3.456610e+00,7.675216e-16,4.207964e-03,1.650725e-01
moderate,0.1,3.912,48,10,8.167981e-03,2.1713,0,3.456610e+00,7.675216e-16,8.599599e-09,1.685577e-01
moderate,0.1,3.912,48,20,8.167981e-03,2.1713,1,3.456610e+00,7.675216e-16,1.861345e-25,1.685578e-01
moderate,0.1,3.912,50,5,8.167981e-03,1.7247,0,1.943795e+00,4.316091e-16,7.482936e-04,1.414900e-01
moderate,0.1,3.912,50,10,8.167981e-03,1.7247,1,1.943795e+00,4.316091e-16,4.835910e-10,1.421225e-01
moderate,0.1,3.912,50,20,8.167981e-03,1.7247,1,1.943795e+00,4.316091e-16,1.046711e-27,1.421225e-01
moderate,0.1,4.888,20,5,5.231769e-03,85.1485,0,6.157954e+09,1.367340e-06,6.157954e+09,-3.641885e+12
moderate,0.1,4.888,20,10,5.231769e-03,85.1485,0,3.696901e+11,8.208768e-05,3.696901e+11,-3.787091e+12
moderate,0.1,4.888,20,20,5.231769e-03,85.1485,0,1.377981e+12,3.059732e-04,1.377981e+12,-4.255035e+12
moderate,0.1,4.888,22,5,5.231769e-03,67.6358,0,9.537541e+08,2.117760e-07,9.537541e+08,-1.508486e+10
moderate,0.1,4.888,22,10,5.231769e-03,67.6358,0,1.810664e+10,4.020481e-06,1.810664e+10,-2.352612e+10
moderate,0.1,4.888,22,20,5.231769e-03,67.6358,0,2.330741e+10,5.175285e-06,6.749057e+09,-1.847486e+10
moderate,0.1,4.888,24,5,5.231769e-03,53.7251,0,1.477190e+08,3.280021e-08,1.477190e+08,-1.036479e+08
moderate,0.1,4.888,24,10,5.231769e-03,53.7251,0,8.868247e+08,1.969146e-07,8.868247e+08,-5.724870e+08
moderate,0.1,4.888,24,20,5.231769e-03,53.7251,0,8.868247e+08,1.969146e-07,3.385142e+07,-8.187635e+07
moderate,0.1,4.888,26,5,5.231769e-03,42.6753,0,2.287897e+07,5.080151e-09,2.287897e+07,-8.343736e+06
moderate,0.1,4.888,26,10,5.231769e-03,42.6753,0,5.321637e+07,1.181641e-08,4.868409e+07,-3.038266e+07
moderate,0.1,4.888,26,20,5.231769e-03,42.6753,0,5.321637e+07,1.181641e-08,1.903605e+05,-3.718640e+05
moderate,0.1,4.888,28,5,5.231769e-03,33.8982,0,3.543533e+06,7.868223e-10,3.543533e+06,-1.520478e+06
moderate,0.1,4.888,28,10,5.231769e-03,33.8982,0,4.648074e+06,1.032080e-09,2.737708e+06,-1.770117e+06
moderate,0.1,4.888,28,20,5.231769e-03,33.8982,0,4.648074e+06,1.032080e-09,1.070476e+03,-1.736177e+03
moderate,0.1,4.888,30,5,5.231769e-03,26.9263,0,5.488282e+05,1.218643e-10,5.488282e+05,-2.843544e+05
moderate,0.1,4.888,30,10,5.231769e-03,26.9263,0,5.617158e+05,1.247260e-10,1.539526e+05,-1.035652e+05
moderate,0.1,4.888,30,20,5.231769e-03,26.9263,0,5.617158e+05,1.247260e-10,6.019729e+00,-7.916653e+00
moderate,0.1,4.888,32,5,5.231769e-03,21.3883,0,8.834649e+04,1.961686e-11,8.834649e+04,-5.305855e+04
moderate,0.1,4.888,32,10,5.231769e-03,21.3883,0,8.834649e+04,1.961686e-11,8.657392e+03,-6.045014e+03
moderate,0.1,4.888,32,20,5.231769e-03,21.3883,0,8.834649e+04,1.961686e-11,3.385142e-02,3.833145e-01
moderate,0.1,4.888,34,5,5.231769e-03,16.9894,0,1.739432e+04,3.862314e-12,1.571047e+04,-9.871438e+03
moderate,0.1,4.888,34,10,5.231769e-03,16.9894,0,1.739432e+04,3.862314e-12,4.868409e+02,-3.515304e+02
moderate,0.1,4.888,34,20,5.231769e-03,16.9894,0,1.739432e+04,3.862314e-12,1.903605e-04,4.074622e-01
moderate,0.1,4.888,36,5,5.231769e-03,13.4951,0,4.121702e+03,9.152018e-13,2.793761e+03,-1.830983e+03
moderate,0.1,4.888,36,10,5.231769e-03,13.4951,0,4.121702e+03,9.152018e-13,2.737708e+01,-2.004621e+01
moderate,0.1,4.888,36,20,5.231769e-03,13.4951,0,4.121702e+03,9.152018e-13,1.070476e-06,3.877358e-01
moderate,0.1,4.888,38,5,5.231769e-03,10.7196,0,1.173009e+03,2.604603e-13,4.968088e+02,-3.384055e+02
moderate,0.1,4.888,38,10,5.231769e-03,10.7196,0,1.173009e+03,2.604603e-13,1.539526e+00,-8.184496e-01
moderate,0.1,4.888,38,20,5.231769e-03,10.7196,0,1.173009e+03,2.604603e-13,6.019729e-09,3.649373e-01
moderate,0.1,4.888,40,5,5.231769e-03,8.5148,0,3.794124e+02,8.424647e-14,8.834649e+01,-6.215021e+01
moderate,0.1,4.888,40,10,5.231769e-03,8.5148,0,3.794124e+02,8.424647e-14,8.657392e-02,2.711063e-01
moderate,0.1,4.888,40,20,5.231769e-03,8.5148,0,3.794124e+02,8.424647e-14,3.385142e-11,3.394719e-01
moderate,0.1,4.888,42,5,5.231769e-03,6.7636,0,1.389014e+02,3.084230e-14,1.571047e+01,-1.118343e+01
moderate,0.1,4.888,42,10,5.231769e-03,6.7636,0,1.389014e+02,3.084230e-14,4.868409e-03,3.078071e-01
moderate,0.1,4.888,42,20,5.231769e-03,6.7636,1,1.389014e+02,3.084230e-14,1.903605e-13,3.117474e-01
moderate,0.1,4.888,44,5,5.231769e-03,5.3725,0,5.513443e+01,1.224230e-14,2.793761e+00,-1.826587e+00
moderate,0.1,4.888,44,10,5.231769e-03,5.3725,0,5.513443e+01,1.224230e-14,2.737708e-04,2.821391e-01
moderate,0.1,4.888,44,20,5.231769e-03,5.3725,1,5.513443e+01,1.224230e-14,1.070476e-15,2.823657e-01
moderate,0.1,4.888,46,5,5.231769e-03,4.2675,0,2.462764e+01,5.468436e-15,4.968088e-01,-1.338519e-01
moderate,0.1,4.888,46,10,5.231769e-03,4.2675,0,2.462764e+01,5.468436e-15,1.539526e-05,2.520636e-01
moderate,0.1,4.888,46,20,5.231769e-03,4.2675,1,2.462764e+01,5.468436e-15,6.019729e-18,2.520766e-01
moderate,0.1,4.888,48,5,5.231769e-03,3.3898,0,1.171945e+01,2.602240e-15,8.834649e-02,1.512561e-01
moderate,0.1,4.888,48,10,5.231769e-03,3.3898,0,1.171945e+01,2.602240e-15,8.657392e-07,2.217064e-01
moderate,0.1,4.888,48,20,5.231769e-03,3.3898,1,1.171945e+01,2.602240e-15,3.385142e-20,2.217071e-01
moderate,0.1,4.888,50,5,5.231769e-03,2.6926,0,5.739937e+00,1.274522e-15,1.571047e-02,1.792484e-01
moderate,0.1,4.888,50,10,5.231769e-03,2.6926,0,5.739937e+00,1.274522e-15,4.868409e-08,1.920794e-01
moderate,0.1,4.888,50,20,5.231769e-03,2.6926,1,5.739937e+00,1.274522e-15,1.903605e-22,1.920795e-01
moderate,0.2,0.5,20,5,1.251839e-01,3.5586,0,1.105000e+00,2.453594e-16,3.009021e-03,4.287032e-01
moderate,0.2,0.5,20,10,1.251839e-01,3.5586,0,1.105000e+00,2.453594e-16,1.546320e-08,4.262659e-01
moderate,0.2,0.5,20,20,1.251839e-01,3.5586,1,1.105000e+00,2.453594e-16,6.614294e-23,4.262659e-01
moderate,0.2,0.5,22,5,1.251839e-01,2.8267,0,6.213874e-01,1.379757e-16,5.350881e-04,4.144719e-01
moderate,0.2,0.5,22,10,1.251839e-01,2.8267,0,6.213874e-01,1.379757e-16,8.695596e-10,4.140287e-01
moderate,0.2,0.5,22,20,1.251839e-01,2.8267,1,6.213874e-01,1.379757e-16,3.719491e-25,4.140287e-01
moderate,0.2,0.5,24,5,1.251839e-01,2.2453,0,3.515818e-01,7.806683e-17,9.515361e-05,4.009347e-01
moderate,0.2,0.5,24,10,1.251839e-01,2.2453,0,3.515818e-01,7.806683e-17,4.889893e-11,4.008543e-01
moderate,0.2,0.5,24,20,1.251839e-01,2.2453,1,3.515818e-01,7.806683e-17,2.091623e-27,4.008543e-01
moderate,0.2,0.5,26,5,1.251839e-01,1.7835,0,2.167836e-01,4.813562e-17,1.692097e-05,3.869095e-01
moderate,0.2,0.5,26,10,1.251839e-01,1.7835,1,2.167836e-01,4.813562e-17,2.749789e-12,3.868949e-01
moderate,0.2,0.5,26,20,1.251839e-01,1.7835,1,2.167836e-01,4.813562e-17,1.176206e-29,3.868949e-01
moderate,0.2,0.5,28,5,1.251839e-01,1.4167,0,1.336677e-01,2.968018e-17,3.009021e-06,3.723257e-01
moderate,0.2,0.5,28,10,1.251839e-01,1.4167,1,1.336677e-01,2.968018e-17,1.546320e-13,3.723231e-01
moderate,0.2,0.5,28,20,1.251839e-01,1.4167,1,1.336677e-01,2.968018e-17,6.614294e-32,3.723231e-01
moderate,0.2,0.5,30,5,1.251839e-01,1.1253,0,8.241881e-02,1.830065e-17,5.350881e-07,3.573211e-01
moderate,0.2,0.5,30,10,1.251839e-01,1.1253,1,8.241881e-02,1.830065e-17,8.695596e-15,3.573206e-01
moderate,0.2,0.5,30,20,1.251839e-01,1.1253,1,8.241881e-02,1.830065e-17,3.719491e-34,3.573206e-01
moderate,0.2,0.5,32,5,1.251839e-01,0.8939,0,5.081902e-02,1.128409e-17,9.515361e-08,3.420675e-01
moderate,0.2,0.5,32,10,1.251839e-01,0.8939,1,5.081902e-02,1.128409e-17,4.889893e-16,3.420674e-01
moderate,0.2,0.5,32,20,1.251839e-01,0.8939,1,5.081902e-02,1.128409e-17,2.091623e-36,3.420674e-01
moderate,0.2,0.5,34,5,1.251839e-01,0.7100,0,3.275237e-02,7.272488e-18,1.692097e-08,3.267334e-01
moderate,0.2,0.5,34,10,1.251839e-01,0.7100,1,3.275237e-02,7.272488e-18,2.749789e-17,3.267334e-01
moderate,0.2,0.5,34,20,1.251839e-01,0.7100,1,3.275237e-02,7.272488e-18,1.176206e-38,3.267334e-01
moderate,0.2,0.5,36,5,1.251839e-01,0.5640,0,2.318691e-02,5.148527e-18,3.009021e-09,3.114716e-01
moderate,0.2,0.5,36,10,1.251839e-01,0.5640,1,2.318691e-02,5.148527e-18,1.546320e-18,3.114716e-01
moderate,0.2,0.5,36,20,1.251839e-01,0.5640,1,2.318691e-02,5.148527e-18,6.614294e-41,3.114716e-01
moderate,0.2,0.5,38,5,1.251839e-01,0.4480,1,1.641507e-02,3.644878e-18,5.350881e-10,2.964140e-01
moderate,0.2,0.5,38,10,1.251839e-01,0.4480,1,1.641507e-02,3.644878e-18,8.695596e-20,2.964140e-01
moderate,0.2,0.5,38,20,1.251839e-01,0.4480,1,1.641507e-02,3.644878e-18,3.719491e-43,2.964140e-01
moderate,0.2,0.5,40,5,1.251839e-01,0.3559,1,1.162098e-02,2.580376e-18,9.515361e-11,2.816705e-01
moderate,0.2,0.5,40,10,1.251839e-01,0.3559,1,1.162098e-02,2.580376e-18,4.889893e-21,2.816705e-01
moderate,0.2,0.5,40,20,1.251839e-01,0.3559,1,1.162098e-02,2.580376e-18,2.091623e-45,2.816705e-01
moderate,0.2,0.5,42,5,1.251839e-01,0.2827,1,8.227024e-03,1.826766e-18,1.692097e-11,2.673281e-01
moderate,0.2,0.5,42,10,1.251839e-01,0.2827,1,8.227024e-03,1.826766e-18,2.749789e-22,2.673281e-01
moderate,0.2,0.5,42,20,1.251839e-01,0.2827,1,8.227024e-03,1.826766e-18,1.176206e-47,2.673281e-01
moderate,0.2,0.5,44,5,1.251839e-01,0.2245,1,5.824287e-03,1.293252e-18,3.009021e-12,2.534527e-01
moderate,0.2,0.5,44,10,1.251839e-01,0.2245,1,5.824287e-03,1.293252e-18,1.546320e-23,2.534527e-01
moderate,0.2,0.5,44,20,1.251839e-01,0.2245,1,5.824287e-03,1.293252e-18,6.614294e-50,2.534527e-01
moderate,0.2,0.5,46,5,1.251839e-01,0.1784,1,4.123280e-03,9.155520e-19,5.350881e-13,2.400913e-01
moderate,0.2,0.5,46,10,1.251839e-01,0.1784,1,4.123280e-03,9.155520e-19,8.695596e-25,2.400913e-01
moderate,0.2,0.5,46,20,1.251839e-01,0.1784,1,4.123280e-03,9.155520e-19,3.719491e-52,2.400913e-01
moderate,0.2,0.5,48,5,1.251839e-01,0.1417,1,2.919058e-03,6.481612e-19,9.515361e-14,2.272744e-01
moderate,0.2,0.5,48,10,1.251839e-01,0.1417,1,2.919058e-03,6.481612e-19,4.889893e-26,2.272744e-01
moderate,0.2,0.5,48,20,1.251839e-01,0.1417,1,2.919058e-03,6.481612e-19,2.091623e-54,2.272744e-01
moderate,0.2,0.5,50,5,1.251839e-01,0.1125,1,2.066535e-03,4.588630e-19,1.692097e-14,2.150192e-01
moderate,0.2,0.5,50,10,1.251839e-01,0.1125,1,2.066535e-03,4.588630e-19,2.749789e-27,2.150192e-01
moderate,0.2,0.5,50,20,1.251839e-01,0.1125,1,2.066535e-03,4.588630e-19,1.176206e-56,2.150192e-01
moderate,0.2,0.628,20,5,7.928196e-02,5.6189,0,7.121567e+00,1.581305e-15,1.489181e-01,5.409692e-01
moderate,0.2,0.628,20,10,7.928196e-02,5.6189,0,7.121567e+00,1.581305e-15,7.449130e-06,4.263433e-01
moderate,0.2,0.628,20,20,7.928196e-02,5.6189,1,7.121567e+00,1.581305e-15,3.052883e-18,4.263371e-01
moderate,0.2,0.628,22,5,7.928196e-02,4.4632,0,3.487992e+00,7.744899e-16,2.648180e-02,4.334851e-01
moderate,0.2,0.628,22,10,7.928196e-02,4.4632,0,3.487992e+00,7.744899e-16,4.188954e-07,4.125434e-01
moderate,0.2,0.628,22,20,7.928196e-02,4.4632,1,3.487992e+00,7.744899e-16,1.716762e-20,4.125430e-01
moderate,0.2,0.628,24,5,7.928196e-02,3.5453,0,1.845358e+00,4.097518e-16,4.709204e-03,4.011233e-01
moderate,0.2,0.628,24,10,7.928196e-02,3.5453,0,1.845358e+00,4.097518e-16,2.355622e-08,3.973064e-01
moderate,0.2,0.628,24,20,7.928196e-02,3.5453,1,1.845358e+00,4.097518e-16,9.654063e-23,3.973064e-01
moderate,0.2,0.628,26,5,7.928196e-02,2.8161,0,1.037721e+00,2.304204e-16,8.374280e-04,3.814751e-01
moderate,0.2,0.628,26,10,7.928196e-02,2.8161,0,1.037721e+00,2.304204e-16,1.324664e-09,3.807810e-01
moderate,0.2,0.628,26,20,7.928196e-02,2.8161,1,1.037721e+00,2.304204e-16,5.428878e-25,3.807810e-01
moderate,0.2,0.628,28,5,7.928196e-02,2.2369,0,5.968730e-01,1.325324e-16,1.489181e-04,3.633020e-01
moderate,0.2,0.628,28,10,7.928196e-02,2.2369,0,5.968730e-01,1.325324e-16,7.449130e-11,3.631760e-01
moderate,0.2,0.628,28,20,7.928196e-02,2.2369,1,5.968730e-01,1.325324e-16,3.052883e-27,3.631760e-01
moderate,0.2,0.628,30,5,7.928196e-02,1.7769,0,3.680289e-01,8.171883e-17,2.648180e-05,3.447636e-01
moderate,0.2,0.628,30,10,7.928196e-02,1.7769,1,3.680289e-01,8.171883e-17,4.188954e-12,3.447408e-01
moderate,0.2,0.628,30,20,7.928196e-02,1.7769,1,3.680289e-01,8.171883e-17,1.716762e-29,3.447408e-01
moderate,0.2,0.628,32,5,7.928196e-02,1.4114,0,2.269248e-01,5.038742e-17,4.709204e-06,3.257521e-01
moderate,0.2,0.628,32,10,7.928196e-02,1.4114,1,2.269248e-01,5.038742e-17,2.355622e-13,3.257480e-01
moderate,0.2,0.628,32,20,7.928196e-02,1.4114,1,2.269248e-01,5.038742e-17,9.654063e-32,3.257480e-01
moderate,0.2,0.628,34,5,7.928196e-02,1.1211,0,1.399207e-01,3.106863e-17,8.374280e-07,3.064758e-01
moderate,0.2,0.628,34,10,7.928196e-02,1.1211,1,1.399207e-01,3.106863e-17,1.324664e-14,3.064750e-01
moderate,0.2,0.628,34,20,7.928196e-02,1.1211,1,1.399207e-01,3.106863e-17,5.428878e-34,3.064750e-01
moderate,0.2,0.628,36,5,7.928196e-02,0.8905,0,8.627440e-02,1.915676e-17,1.489181e-07,2.871886e-01
moderate,0.2,0.628,36,10,7.928196e-02,0.8905,1,8.627440e-02,1.915676e-17,7.449130e-16,2.871885e-01
moderate,0.2,0.628,36,20,7.928196e-02,0.8905,1,8.627440e-02,1.915676e-17,3.052883e-36,2.871885e-01
moderate,0.2,0.628,38,5,7.928196e-02,0.7074,0,5.808836e-02,1.289821e-17,2.648180e-08,2.681311e-01
moderate,0.2,0.628,38,10,7.928196e-02,0.7074,1,5.808836e-02,1.289821e-17,4.188954e-17,2.681311e-01
moderate,0.2,0.628,38,20,7.928196e-02,0.7074,1,5.808836e-02,1.289821e-17,1.716762e-38,2.681311e-01
moderate,0.2,0.628,40,5,7.928196e-02,0.5619,0,4.112341e-02,9.131231e-18,4.709204e-09,2.495131e-01
moderate,0.2,0.628,40,10,7.928196e-02,0.5619,1,4.112341e-02,9.131231e-18,2.355622e-18,2.495131e-01
moderate,0.2,0.628,40,20,7.928196e-02,0.5619,1,4.112341e-02,9.131231e-18,9.654063e-41,2.495131e-01
moderate,0.2,0.628,42,5,7.928196e-02,0.4463,1,2.911314e-02,6.464416e-18,8.374280e-10,2.315074e-01
moderate,0.2,0.628,42,10,7.928196e-02,0.4463,1,2.911314e-02,6.464416e-18,1.324664e-19,2.315074e-01
moderate,0.2,0.628,42,20,7.928196e-02,0.4463,1,2.911314e-02,6.464416e-18,5.428878e-43,2.315074e-01
moderate,0.2,0.628,44,5,7.928196e-02,0.3545,1,2.061053e-02,4.576456e-18,1.489181e-10,2.142482e-01
moderate,0.2,0.628,44,10,7.928196e-02,0.3545,1,2.061053e-02,4.576456e-18,7.449130e-21,2.142482e-01
moderate,0.2,0.628,44,20,7.928196e-02,0.3545,1,2.061053e-02,4.576456e-18,3.052883e-45,2.142482e-01
moderate,0.2,0.628,46,5,7.928196e-02,0.2816,1,1.459114e-02,3.239883e-18,2.648180e-11,1.978327e-01
moderate,0.2,0.628,46,10,7.928196e-02,0.2816,1,1.459114e-02,3.239883e-18,4.188954e-22,1.978327e-01
moderate,0.2,0.628,46,20,7.928196e-02,0.2816,1,1.459114e-02,3.239883e-18,1.716762e-47,1.978327e-01
moderate,0.2,0.628,48,5,7.928196e-02,0.2237,1,1.032973e-02,2.293661e-18,4.709204e-12,1.823243e-01
moderate,0.2,0.628,48,10,7.928196e-02,0.2237,1,1.032973e-02,2.293661e-18,2.355622e-23,1.823243e-01
moderate,0.2,0.628,48,20,7.928196e-02,0.2237,1,1.032973e-02,2.293661e-18,9.654063e-50,1.823243e-01
moderate,0.2,0.628,50,5,7.928196e-02,0.1777,1,7.312891e-03,1.623788e-18,8.374280e-13,1.677572e-01
moderate,0.2,0.628,50,10,7.928196e-02,0.1777,1,7.312891e-03,1.623788e-18,1.324664e-24,1.677572e-01
moderate,0.2,0.628,50,20,7.928196e-02,0.1777,1,7.312891e-03,1.623788e-18,5.428878e-52,1.677572e-01
moderate,0.2,0.789,20,5,5.021007e-02,8.8723,0,6.266893e+01,1.391530e-14,7.468469e+00,5.844265e+00
moderate,0.2,0.789,20,10,5.021007e-02,8.8723,0,6.266893e+01,1.391530e-14,3.617410e-03,4.345207e-01
moderate,0.2,0.789,20,20,5.021007e-02,8.8723,0,6.266893e+01,1.391530e-14,1.416058e-13,4.316230e-01
moderate,0.2,0.789,22,5,5.021007e-02,7.0475,0,2.631941e+01,5.844082e-15,1.328102e+00,1.411190e+00
moderate,0.2,0.789,22,10,5.021007e-02,7.0475,0,2.631941e+01,5.844082e-15,2.034219e-04,4.176032e-01
moderate,0.2,0.789,22,20,5.021007e-02,7.0475,1,2.631941e+01,5.844082e-15,7.963078e-16,4.174364e-01
moderate,0.2,0.789,24,5,5.021007e-02,5.5980,0,1.213544e+01,2.694609e-15,2.361737e-01,5.833000e-01
moderate,0.2,0.789,24,10,5.021007e-02,5.5980,0,1.213544e+01,2.694609e-15,1.143926e-05,4.013285e-01
moderate,0.2,0.789,24,20,5.021007e-02,5.5980,1,1.213544e+01,2.694609e-15,4.477968e-18,4.013189e-01
moderate,0.2,0.789,26,5,5.021007e-02,4.4467,0,5.943682e+00,1.319763e-15,4.199829e-02,4.166000e-01
moderate,0.2,0.789,26,10,5.021007e-02,4.4467,0,5.943682e+00,1.319763e-15,6.432767e-07,3.833575e-01
moderate,0.2,0.789,26,20,5.021007e-02,4.4467,1,5.943682e+00,1.319763e-15,2.518146e-20,3.833570e-01
moderate,0.2,0.789,28,5,5.021007e-02,3.5321,0,3.236521e+00,7.186520e-16,7.468469e-03,3.697905e-01
moderate,0.2,0.789,28,10,5.021007e-02,3.5321,0,3.236521e+00,7.186520e-16,3.617410e-08,3.637321e-01
moderate,0.2,0.789,28,20,5.021007e-02,3.5321,1,3.236521e+00,7.186520e-16,1.416058e-22,3.637321e-01
moderate,0.2,0.789,30,5,5.021007e-02,2.8057,0,1.820029e+00,4.041277e-16,1.328102e-03,3.438145e-01
moderate,0.2,0.789,30,10,5.021007e-02,2.8057,0,1.820029e+00,4.041277e-16,2.034219e-09,3.427128e-01
moderate,0.2,0.789,30,20,5.021007e-02,2.8057,1,1.820029e+00,4.041277e-16,7.963078e-25,3.427128e-01
moderate,0.2,0.789,32,5,5.021007e-02,2.2286,0,1.079151e+00,2.396196e-16,2.361737e-04,3.208368e-01
moderate,0.2,0.789,32,10,5.021007e-02,2.2286,0,1.079151e+00,2.396196e-16,1.143926e-10,3.206369e-01
moderate,0.2,0.789,32,20,5.021007e-02,2.2286,1,1.079151e+00,2.396196e-16,4.477968e-27,3.206369e-01
moderate,0.2,0.789,34,5,5.021007e-02,1.7703,0,6.653990e-01,1.477483e-16,4.199829e-05,2.979229e-01
moderate,0.2,0.789,34,10,5.021007e-02,1.7703,1,6.653990e-01,1.477483e-16,6.432767e-12,2.978867e-01
moderate,0.2,0.789,34,20,5.021007e-02,1.7703,1,6.653990e-01,1.477483e-16,2.518146e-29,2.978867e-01
moderate,0.2,0.789,36,5,5.021007e-02,1.4062,0,4.102817e-01,9.110084e-17,7.468469e-06,2.748683e-01
moderate,0.2,0.789,36,10,5.021007e-02,1.4062,1,4.102817e-01,9.110084e-17,3.617410e-13,2.748617e-01
moderate,0.2,0.789,36,20,5.021007e-02,1.4062,1,4.102817e-01,9.110084e-17,1.416058e-31,2.748617e-01
moderate,0.2,0.789,38,5,5.021007e-02,1.1170,0,2.529776e-01,5.617232e-17,1.328102e-06,2.519530e-01
moderate,0.2,0.789,38,10,5.021007e-02,1.1170,1,2.529776e-01,5.617232e-17,2.034219e-14,2.519518e-01
moderate,0.2,0.789,38,20,5.021007e-02,1.1170,1,2.529776e-01,5.617232e-17,7.963078e-34,2.519518e-01
moderate,0.2,0.789,40,5,5.021007e-02,0.8872,0,1.622807e-01,3.603355e-17,2.361737e-07,2.295146e-01
moderate,0.2,0.789,40,10,5.021007e-02,0.8872,1,1.622807e-01,3.603355e-17,1.143926e-15,2.295144e-01
moderate,0.2,0.789,40,20,5.021007e-02,0.8872,1,1.622807e-01,3.603355e-17,4.477968e-36,2.295144e-01
moderate,0.2,0.789,42,5,5.021007e-02,0.7047,0,1.148859e-01,2.550980e-17,4.199829e-08,2.078579e-01
moderate,0.2,0.789,42,10,5.021007e-02,0.7047,1,1.148859e-01,2.550980e-17,6.432767e-17,2.078578e-01
moderate,0.2,0.789,42,20,5.021007e-02,0.7047,1,1.148859e-01,2.550980e-17,2.518146e-38,2.078578e-01
moderate,0.2,0.789,44,5,5.021007e-02,0.5598,0,8.133300e-02,1.805955e-17,7.468469e-09,1.872313e-01
moderate,0.2,0.789,44,10,5.021007e-02,0.5598,1,8.133300e-02,1.805955e-17,3.617410e-18,1.872313e-01
moderate,0.2,0.789,44,20,5.021007e-02,0.5598,1,8.133300e-02,1.805955e-17,1.416058e-40,1.872313e-01
moderate,0.2,0.789,46,5,5.021007e-02,0.4447,1,5.757935e-02,1.278518e-17,1.328102e-09,1.678211e-01
moderate,0.2,0.789,46,10,5.021007e-02,0.4447,1,5.757935e-02,1.278518e-17,2.034219e-19,1.678211e-01
moderate,0.2,0.789,46,20,5.021007e-02,0.4447,1,5.757935e-02,1.278518e-17,7.963078e-43,1.678211e-01
moderate,0.2,0.789,48,5,5.021007e-02,0.3532,1,4.076306e-02,9.051218e-18,2.361737e-10,1.497524e-01
moderate,0.2,0.789,48,10,5.021007e-02,0.3532,1,4.076306e-02,9.051218e-18,1.143926e-20,1.497524e-01
moderate,0.2,0.789,48,20,5.021007e-02,0.3532,1,4.076306e-02,9.051218e-18,4.477968e-45,1.497524e-01
moderate,0.2,0.789,50,5,5.021007e-02,0.2806,1,2.885804e-02,6.407771e-18,4.199829e-11,1.330944e-01
moderate,0.2,0.789,50,10,5.021007e-02,0.2806,1,2.885804e-02,6.407771e-18,6.432767e-22,1.330944e-01
moderate,0.2,0.789,50,20,5.021007e-02,0.2806,1,2.885804e-02,6.407771e-18,2.518146e-47,1.330944e-01
moderate,0.2,0.992,20,5,3.175879e-02,14.0269,0,8.693233e+02,1.930285e-13,3.868167e+02,2.617570e+02
moderate,0.2,0.992,20,10,3.175879e-02,14.0269,0,8.693233e+02,1.930285e-13,1.808334e+00,1.814944e+00
moderate,0.2,0.992,20,20,3.175879e-02,14.0269,0,8.693233e+02,1.930285e-13,6.808365e-09,4.411609e-01
moderate,0.2,0.992,22,5,3.175879e-02,11.1420,0,2.890663e+02,6.418562e-14,6.878682e+01,4.866114e+01
moderate,0.2,0.992,22,10,3.175879e-02,11.1420,0,2.890663e+02,6.418562e-14,1.016901e-01,5.073663e-01
moderate,0.2,0.992,22,20,3.175879e-02,11.1420,0,2.890663e+02,6.418562e-14,3.828625e-11,4.279227e-01
moderate,0.2,0.992,24,5,3.175879e-02,8.8504,0,1.094455e+02,2.430178e-14,1.223222e+01,9.290684e+00
moderate,0.2,0.992,24,10,3.175879e-02,8.8504,0,1.094455e+02,2.430178e-14,5.718453e-03,4.170351e-01
moderate,0.2,0.992,24,20,3.175879e-02,8.8504,0,1.094455e+02,2.430178e-14,2.152994e-13,4.124519e-01
moderate,0.2,0.992,26,5,3.175879e-02,7.0301,0,4.717394e+01,1.047472e-14,2.175230e+00,2.024534e+00
moderate,0.2,0.992,26,10,3.175879e-02,7.0301,0,4.717394e+01,1.047472e-14,3.215722e-04,3.949643e-01
moderate,0.2,0.992,26,20,3.175879e-02,7.0301,1,4.717394e+01,1.047472e-14,1.210717e-15,3.947005e-01
moderate,0.2,0.992,28,5,3.175879e-02,5.5842,0,2.228978e+01,4.949325e-15,3.868167e-01,6.731627e-01
moderate,0.2,0.992,28,10,3.175879e-02,5.5842,0,2.228978e+01,4.949325e-15,1.808334e-05,3.747493e-01
moderate,0.2,0.992,28,20,3.175879e-02,5.5842,1,2.228978e+01,4.949325e-15,6.808365e-18,3.747341e-01
moderate,0.2,0.992,30,5,3.175879e-02,4.4357,0,1.119848e+01,2.486563e-15,6.878682e-02,4.072535e-01
moderate,0.2,0.992,30,10,3.175879e-02,4.4357,0,1.119848e+01,2.486563e-15,1.016901e-06,3.527455e-01
moderate,0.2,0.992,30,20,3.175879e-02,4.4357,1,1.119848e+01,2.486563e-15,3.828625e-20,3.527446e-01
moderate,0.2,0.992,32,5,3.175879e-02,3.5234,0,6.297371e+00,1.398297e-15,1.223222e-02,3.389797e-01
moderate,0.2,0.992,32,10,3.175879e-02,3.5234,0,6.297371e+00,1.398297e-15,5.718453e-08,3.290468e-01
moderate,0.2,0.992,32,20,3.175879e-02,3.5234,1,6.297371e+00,1.398297e-15,2.152994e-22,3.290467e-01
moderate,0.2,0.992,34,5,3.175879e-02,2.7987,0,3.644014e+00,8.091336e-16,2.175230e-03,3.058663e-01
moderate,0.2,0.992,34,10,3.175879e-02,2.7987,0,3.644014e+00,8.091336e-16,3.215722e-09,3.040603e-01
moderate,0.2,0.992,34,20,3.175879e-02,2.7987,1,3.644014e+00,8.091336e-16,1.210717e-24,3.040603e-01
moderate,0.2,0.992,36,5,3.175879e-02,2.2231,0,2.246881e+00,4.989077e-16,3.868167e-04,2.786069e-01
moderate,0.2,0.992,36,10,3.175879e-02,2.2231,0,2.246881e+00,4.989077e-16,1.808334e-10,2.782792e-01
moderate,0.2,0.992,36,20,3.175879e-02,2.2231,1,2.246881e+00,4.989077e-16,6.808365e-27,2.782792e-01
moderate,0.2,0.992,38,5,3.175879e-02,1.7659,0,1.385415e+00,3.076240e-16,6.878682e-05,2.522925e-01
moderate,0.2,0.992,38,10,3.175879e-02,1.7659,1,1.385415e+00,3.076240e-16,1.016901e-11,2.522332e-01
moderate,0.2,0.992,38,20,3.175879e-02,1.7659,1,1.385415e+00,3.076240e-16,3.828625e-29,2.522332e-01
moderate,0.2,0.992,40,5,3.175879e-02,1.4027,0,8.672961e-01,1.925784e-16,1.223222e-05,2.264580e-01
moderate,0.2,0.992,40,10,3.175879e-02,1.4027,1,8.672961e-01,1.925784e-16,5.718453e-13,2.264472e-01
moderate,0.2,0.992,40,20,3.175879e-02,1.4027,1,8.672961e-01,1.925784e-16,2.152994e-31,2.264472e-01
moderate,0.2,0.992,42,5,3.175879e-02,1.1142,0,6.139986e-01,1.363351e-16,2.175230e-06,2.014075e-01
moderate,0.2,0.992,42,10,3.175879e-02,1.1142,1,6.139986e-01,1.363351e-16,3.215722e-14,2.014056e-01
moderate,0.2,0.992,42,20,3.175879e-02,1.1142,1,6.139986e-01,1.363351e-16,1.210717e-33,2.014056e-01
moderate,0.2,0.992,44,5,3.175879e-02,0.8850,0,4.346777e-01,9.651784e-17,3.868167e-07,1.775239e-01
moderate,0.2,0.992,44,10,3.175879e-02,0.8850,1,4.346777e-01,9.651784e-17,1.808334e-15,1.775236e-01
moderate,0.2,0.992,44,20,3.175879e-02,0.8850,1,4.346777e-01,9.651784e-17,6.808365e-36,1.775236e-01
moderate,0.2,0.992,46,5,3.175879e-02,0.7030,0,3.077283e-01,6.832940e-17,6.878682e-08,1.551298e-01
moderate,0.2,0.992,46,10,3.175879e-02,0.7030,1,3.077283e-01,6.832940e-17,1.016901e-16,1.551298e-01
moderate,0.2,0.992,46,20,3.175879e-02,0.7030,1,3.077283e-01,6.832940e-17,3.828625e-38,1.551298e-01
moderate,0.2,0.992,48,5,3.175879e-02,0.5584,0,2.178549e-01,4.837351e-17,1.223222e-08,1.344584e-01
moderate,0.2,0.992,48,10,3.175879e-02,0.5584,1,2.178549e-01,4.837351e-17,5.718453e-18,1.344584e-01
moderate,0.2,0.992,48,20,3.175879e-02,0.5584,1,2.178549e-01,4.837351e-17,2.152994e-40,1.344584e-01
moderate,0.2,0.992,50,5,3.175879e-02,0.4436,1,1.542295e-01,3.424582e-17,2.175230e-09,1.156512e-01
moderate,0.2,0.992,50,10,3.175879e-02,0.4436,1,1.542295e-01,3.424582e-17,3.215722e-19,1.156512e-01
moderate,0.2,0.992,50,20,3.175879e-02,0.4436,1,1.542295e-01,3.424582e-17,1.210717e-42,1.156512e-01
moderate,0.2,1.266,20,5,1.949829e-02,22.8470,0,2.842252e+04,6.311068e-12,2.701983e+04,1.676182e+04
moderate,0.2,1.266,20,10,1.949829e-02,22.8470,0,2.842252e+04,6.311068e-12,1.384994e+03,9.845661e+02
moderate,0.2,1.266,20,20,1.949829e-02,22.8470,0,2.842252e+04,6.311068e-12,6.676903e-04,4.541988e-01
moderate,0.2,1.266,22,5,1.949829e-02,18.1480,0,6.664250e+03,1.479761e-12,4.804881e+03,3.112339e+03
moderate,0.2,1.266,22,10,1.949829e-02,18.1480,0,6.664250e+03,1.479761e-12,7.788394e+01,5.765771e+01
moderate,0.2,1.266,22,20,1.949829e-02,18.1480,0,6.664250e+03,1.479761e-12,3.754698e-06,4.425843e-01
moderate,0.2,1.266,24,5,1.949829e-02,14.4155,0,1.915543e+03,4.253360e-13,8.544421e+02,5.765215e+02
moderate,0.2,1.266,24,10,1.949829e-02,14.4155,0,1.915543e+03,4.253360e-13,4.379736e+00,3.747024e+00
moderate,0.2,1.266,24,20,1.949829e-02,14.4155,0,1.915543e+03,4.253360e-13,2.111422e-08,4.292749e-01
moderate,0.2,1.266,26,5,1.949829e-02,11.4506,0,6.461017e+02,1.434634e-13,1.519437e+02,1.067615e+02
moderate,0.2,1.266,26,10,1.949829e-02,11.4506,0,6.461017e+02,1.434634e-13,2.462907e-01,6.054490e-01
moderate,0.2,1.266,26,20,1.949829e-02,11.4506,0,6.461017e+02,1.434634e-13,1.187340e-10,4.135434e-01
moderate,0.2,1.266,28,5,1.949829e-02,9.0956,0,2.509913e+02,5.573126e-14,2.701983e+01,1.997315e+01
moderate,0.2,1.266,28,10,1.949829e-02,9.0956,0,2.509913e+02,5.573126e-14,1.384994e-02,4.063450e-01
moderate,0.2,1.266,28,20,1.949829e-02,9.0956,0,2.509913e+02,5.573126e-14,6.676903e-13,3.952713e-01
moderate,0.2,1.266,30,5,1.949829e-02,7.2249,0,1.140115e+02,2.531565e-14,4.804881e+00,3.968957e+00
moderate,0.2,1.266,30,10,1.949829e-02,7.2249,0,1.140115e+02,2.531565e-14,7.788394e-04,3.751047e-01
moderate,0.2,1.266,30,20,1.949829e-02,7.2249,1,1.140115e+02,2.531565e-14,3.754698e-15,3.744672e-01
moderate,0.2,1.266,32,5,1.949829e-02,5.7389,0,6.017490e+01,1.336151e-14,8.544421e-01,1.009534e+00
moderate,0.2,1.266,32,10,1.949829e-02,5.7389,0,6.017490e+01,1.336151e-14,4.379736e-05,3.513257e-01
moderate,0.2,1.266,32,20,1.949829e-02,5.7389,1,6.017490e+01,1.336151e-14,2.111422e-17,3.512890e-01
moderate,0.2,1.266,34,5,1.949829e-02,4.5586,0,4.155289e+01,9.226595e-15,1.519437e-01,4.462978e-01
moderate,0.2,1.266,34,10,1.949829e-02,4.5586,0,4.155289e+01,9.226595e-15,2.462907e-06,3.260552e-01
moderate,0.2,1.266,34,20,1.949829e-02,4.5586,1,4.155289e+01,9.226595e-15,1.187340e-19,3.260531e-01
moderate,0.2,1.266,36,5,1.949829e-02,3.6210,0,2.941719e+01,6.531929e-15,2.701983e-02,3.211361e-01
moderate,0.2,1.266,36,10,1.949829e-02,3.6210,0,2.941719e+01,6.531929e-15,1.384994e-07,2.992220e-01
moderate,0.2,1.266,36,20,1.949829e-02,3.6210,1,2.941719e+01,6.531929e-15,6.676903e-22,2.992219e-01
moderate,0.2,1.266,38,5,1.949829e-02,2.8763,0,2.082578e+01,4.624251e-15,4.804881e-03,2.753573e-01
moderate,0.2,1.266,38,10,1.949829e-02,2.8763,0,2.082578e+01,4.624251e-15,7.788394e-09,2.713723e-01
moderate,0.2,1.266,38,20,1.949829e-02,2.8763,1,2.082578e+01,4.624251e-15,3.754698e-24,2.713723e-01
moderate,0.2,1.266,40,5,1.949829e-02,2.2847,0,1.474352e+01,3.273719e-15,8.544421e-04,2.438715e-01
moderate,0.2,1.266,40,10,1.949829e-02,2.2847,0,1.474352e+01,3.273719e-15,4.379736e-10,2.431484e-01
moderate,0.2,1.266,40,20,1.949829e-02,2.2847,1,1.474352e+01,3.273719e-15,2.111422e-26,2.431484e-01
moderate,0.2,1.266,42,5,1.949829e-02,1.8148,0,1.043761e+01,2.317616e-15,1.519437e-04,2.153376e-01
moderate,0.2,1.266,42,10,1.949829e-02,1.8148,1,1.043761e+01,2.317616e-15,2.462907e-11,2.152066e-01
moderate,0.2,1.266,42,20,1.949829e-02,1.8148,1,1.043761e+01,2.317616e-15,1.187340e-28,2.152066e-01
moderate,0.2,1.266,44,5,1.949829e-02,1.4415,0,7.389265e+00,1.640746e-15,2.701983e-05,1.881870e-01
moderate,0.2,1.266,44,10,1.949829e-02,1.4415,1,7.389265e+00,1.640746e-15,1.384994e-12,1.881633e-01
moderate,0.2,1.266,44,20,1.949829e-02,1.4415,1,7.389265e+00,1.640746e-15,6.676903e-31,1.881633e-01
moderate,0.2,1.266,46,5,1.949829e-02,1.1451,0,5.231199e+00,1.161559e-15,4.804881e-06,1.625548e-01
moderate,0.2,1.266,46,10,1.949829e-02,1.1451,1,5.231199e+00,1.161559e-15,7.788394e-14,1.625505e-01
moderate,0.2,1.266,46,20,1.949829e-02,1.1451,1,5.231199e+00,1.161559e-15,3.754698e-33,1.625505e-01
moderate,0.2,1.266,48,5,1.949829e-02,0.9096,0,3.703405e+00,8.223211e-16,8.544421e-07,1.387872e-01
moderate,0.2,1.266,48,10,1.949829e-02,0.9096,1,3.703405e+00,8.223211e-16,4.379736e-15,1.387864e-01
moderate,0.2,1.266,48,20,1.949829e-02,0.9096,1,3.703405e+00,8.223211e-16,2.111422e-35,1.387864e-01
moderate,0.2,1.266,50,5,1.949829e-02,0.7225,0,2.621810e+00,5.821588e-16,1.519437e-07,1.171610e-01
moderate,0.2,1.266,50,10,1.949829e-02,0.7225,1,2.621810e+00,5.821588e-16,2.462907e-16,1.171609e-01
moderate,0.2,1.266,50,20,1.949829e-02,0.7225,1,2.621810e+00,5.821588e-16,1.187340e-37,1.171609e-01
moderate,0.2,1.548,20,5,1.304110e-02,34.1595,0,1.047176e+06,2.325198e-10,1.047176e+06,5.477478e+05
moderate,0.2,1.548,20,10,1.304110e-02,34.1595,0,1.073632e+06,2.383942e-10,3.407896e+05,2.272540e+05
moderate,0.2,1.548,20,20,1.304110e-02,34.1595,0,1.073632e+06,2.383942e-10,8.839182e+00,7.190004e+00
moderate,0.2,1.548,22,5,1.304110e-02,27.1338,0,1.695266e+05,3.764247e-11,1.695266e+05,1.021748e+05
moderate,0.2,1.548,22,10,1.304110e-02,27.1338,0,1.695266e+05,3.764247e-11,1.916400e+04,1.327460e+04
moderate,0.2,1.548,22,20,1.304110e-02,27.1338,0,1.695266e+05,3.764247e-11,4.970637e-02,4.939174e-01
moderate,0.2,1.548,24,5,1.304110e-02,21.5532,0,3.471746e+04,7.708825e-12,3.014657e+04,1.900443e+04
moderate,0.2,1.548,24,10,1.304110e-02,21.5532,0,3.471746e+04,7.708825e-12,1.077671e+03,7.736715e+02
moderate,0.2,1.548,24,20,1.304110e-02,21.5532,0,3.471746e+04,7.708825e-12,2.795195e-04,4.443622e-01
moderate,0.2,1.548,26,5,1.304110e-02,17.1203,0,1.166731e+04,2.590663e-12,5.360902e+03,3.524889e+03
moderate,0.2,1.548,26,10,1.304110e-02,17.1203,0,1.166731e+04,2.590663e-12,6.060190e+01,4.535166e+01
moderate,0.2,1.548,26,20,1.304110e-02,17.1203,0,1.166731e+04,2.590663e-12,1.571853e-06,4.309870e-01
moderate,0.2,1.548,28,5,1.304110e-02,13.5991,0,6.561010e+03,1.456837e-12,9.533182e+02,6.521922e+02
moderate,0.2,1.548,28,10,1.304110e-02,13.5991,0,6.561010e+03,1.456837e-12,3.407896e+00,3.018272e+00
moderate,0.2,1.548,28,20,1.304110e-02,13.5991,0,6.561010e+03,1.456837e-12,8.839182e-09,4.153311e-01
moderate,0.2,1.548,30,5,1.304110e-02,10.8022,0,3.689527e+03,8.192396e-13,1.695266e+02,1.205922e+02
moderate,0.2,1.548,30,10,1.304110e-02,10.8022,0,3.689527e+03,8.192396e-13,1.916400e-01,5.474698e-01
moderate,0.2,1.548,30,20,1.304110e-02,10.8022,0,3.689527e+03,8.192396e-13,4.970637e-11,3.970144e-01
moderate,0.2,1.548,32,5,1.304110e-02,8.5805,0,2.074774e+03,4.606923e-13,3.014657e+01,2.248088e+01
moderate,0.2,1.548,32,10,1.304110e-02,8.5805,0,2.074774e+03,4.606923e-13,1.077671e-02,3.846775e-01
moderate,0.2,1.548,32,20,1.304110e-02,8.5805,0,2.074774e+03,4.606923e-13,2.795195e-13,3.760014e-01
moderate,0.2,1.548,34,5,1.304110e-02,6.8157,0,1.166731e+03,2.590663e-13,5.360902e+00,4.406952e+00
moderate,0.2,1.548,34,10,1.304110e-02,6.8157,0,1.166731e+03,2.590663e-13,6.060190e-04,3.529167e-01
moderate,0.2,1.548,34,20,1.304110e-02,6.8157,1,1.166731e+03,2.590663e-13,1.571853e-15,3.524175e-01
moderate,0.2,1.548,36,5,1.304110e-02,5.4139,0,6.561010e+02,1.456837e-13,9.533182e-01,1.068373e+00
moderate,0.2,1.548,36,10,1.304110e-02,5.4139,0,6.561010e+02,1.456837e-13,3.407896e-05,3.265947e-01
moderate,0.2,1.548,36,20,1.304110e-02,5.4139,1,6.561010e+02,1.456837e-13,8.839182e-18,3.265660e-01
moderate,0.2,1.548,38,5,1.304110e-02,4.3004,0,3.689527e+02,8.192396e-14,1.695266e-01,4.343135e-01
moderate,0.2,1.548,38,10,1.304110e-02,4.3004,0,3.689527e+02,8.192396e-14,1.916400e-06,2.989242e-01
moderate,0.2,1.548,38,20,1.304110e-02,4.3004,1,3.689527e+02,8.192396e-14,4.970637e-20,2.989225e-01
moderate,0.2,1.548,40,5,1.304110e-02,3.4159,0,2.074774e+02,4.606923e-14,3.014657e-02,2.947586e-01
moderate,0.2,1.548,40,10,1.304110e-02,3.4159,0,2.074774e+02,4.606923e-14,1.077671e-07,2.701045e-01
moderate,0.2,1.548,40,20,1.304110e-02,3.4159,1,2.074774e+02,4.606923e-14,2.795195e-22,2.701044e-01
moderate,0.2,1.548,42,5,1.304110e-02,2.7134,0,1.166731e+02,2.590663e-14,5.360902e-03,2.452990e-01
moderate,0.2,1.548,42,10,1.304110e-02,2.7134,0,1.166731e+02,2.590663e-14,6.060190e-09,2.408193e-01
moderate,0.2,1.548,42,20,1.304110e-02,2.7134,1,1.166731e+02,2.590663e-14,1.571853e-24,2.408193e-01
moderate,0.2,1.548,44,5,1.304110e-02,2.1553,0,6.561010e+01,1.456837e-14,9.533182e-04,2.126142e-01
moderate,0.2,1.548,44,10,1.304110e-02,2.1553,0,6.561010e+01,1.456837e-14,3.407896e-10,2.118018e-01
moderate,0.2,1.548,44,20,1.304110e-02,2.1553,1,6.561010e+01,1.456837e-14,8.839182e-27,2.118018e-01
moderate,0.2,1.548,46,5,1.304110e-02,1.7120,0,3.689527e+01,8.192396e-15,1.695266e-04,1.838961e-01
moderate,0.2,1.548,46,10,1.304110e-02,1.7120,1,3.689527e+01,8.192396e-15,1.916400e-11,1.837491e-01
moderate,0.2,1.548,46,20,1.304110e-02,1.7120,1,3.689527e+01,8.192396e-15,4.970637e-29,1.837491e-01
moderate,0.2,1.548,48,5,1.304110e-02,1.3599,0,2.074774e+01,4.606923e-15,3.014657e-05,1.572918e-01
moderate,0.2,1.548,48,10,1.304110e-02,1.3599,1,2.074774e+01,4.606923e-15,1.077671e-12,1.572652e-01
moderate,0.2,1.548,48,20,1.304110e-02,1.3599,1,2.074774e+01,4.606923e-15,2.795195e-31,1.572652e-01
moderate,0.2,1.548,50,5,1.304110e-02,1.0802,0,1.166731e+01,2.590663e-15,5.360902e-06,1.328278e-01
moderate,0.2,1.548,50,10,1.304110e-02,1.0802,1,1.166731e+01,2.590663e-15,6.060190e-14,1.328230e-01
moderate,0.2,1.548,50,20,1.304110e-02,1.0802,1,1.166731e+01,2.590663e-15,1.571853e-33,1.328230e-01
moderate,0.2,1.967,20,5,8.076880e-03,55.1546,0,1.104539e+08,2.452569e-08,1.104539e+08,4.130565e+07
moderate,0.2,1.967,20,10,8.076880e-03,55.1546,0,2.673823e+08,5.937079e-08,2.569564e+08,1.574180e+08
moderate,0.2,1.967,20,20,8.076880e-03,55.1546,0,2.673823e+08,5.937079e-08,7.397917e+05,5.274176e+05
moderate,0.2,1.967,22,5,8.076880e-03,43.8109,0,1.710728e+07,3.798580e-09,1.710728e+07,7.742600e+06
moderate,0.2,1.967,22,10,8.076880e-03,43.8109,0,2.222809e+07,4.935628e-09,1.444972e+07,9.247296e+06
moderate,0.2,1.967,22,20,8.076880e-03,43.8109,0,2.222809e+07,4.935628e-09,4.160155e+03,3.065704e+03
moderate,0.2,1.967,24,5,8.076880e-03,34.8002,0,2.649605e+06,5.883304e-10,2.649605e+06,1.447197e+06
moderate,0.2,1.967,24,10,8.076880e-03,34.8002,0,2.675771e+06,5.941406e-10,8.125674e+05,5.416742e+05
moderate,0.2,1.967,24,20,8.076880e-03,34.8002,0,2.675771e+06,5.941406e-10,2.339427e+01,1.822879e+01
moderate,0.2,1.967,26,5,8.076880e-03,27.6428,0,6.192559e+05,1.375024e-10,4.422863e+05,2.697240e+05
moderate,0.2,1.967,26,10,8.076880e-03,27.6428,0,6.192559e+05,1.375024e-10,4.569402e+04,3.164074e+04
moderate,0.2,1.967,26,20,8.076880e-03,27.6428,0,6.192559e+05,1.375024e-10,1.315556e-01,5.531439e-01
moderate,0.2,1.967,28,5,8.076880e-03,21.9574,0,2.409185e+05,5.349465e-11,7.865086e+04,5.012587e+04
moderate,0.2,1.967,28,10,8.076880e-03,21.9574,0,2.409185e+05,5.349465e-11,2.569564e+03,1.843536e+03
moderate,0.2,1.967,28,20,8.076880e-03,21.9574,0,2.409185e+05,5.349465e-11,7.397917e-04,4.390407e-01
moderate,0.2,1.967,30,5,8.076880e-03,17.4414,0,9.372817e+04,2.081183e-11,1.398632e+04,9.289054e+03
moderate,0.2,1.967,30,10,8.076880e-03,17.4414,0,9.372817e+04,2.081183e-11,1.444972e+02,1.075008e+02
moderate,0.2,1.967,30,20,8.076880e-03,17.4414,0,9.372817e+04,2.081183e-11,4.160155e-06,4.240692e-01
moderate,0.2,1.967,32,5,8.076880e-03,13.8542,0,3.646449e+04,8.096743e-12,2.487159e+03,1.716795e+03
moderate,0.2,1.967,32,10,8.076880e-03,13.8542,0,3.646449e+04,8.096743e-12,8.125674e+00,6.611718e+00
moderate,0.2,1.967,32,20,8.076880e-03,13.8542,0,3.646449e+04,8.096743e-12,2.339427e-08,4.070194e-01
moderate,0.2,1.967,34,5,8.076880e-03,11.0048,0,1.418633e+04,3.149999e-12,4.422863e+02,3.166688e+02
moderate,0.2,1.967,34,10,8.076880e-03,11.0048,0,1.418633e+04,3.149999e-12,4.569402e-01,7.458319e-01
moderate,0.2,1.967,34,20,8.076880e-03,11.0048,0,1.418633e+04,3.149999e-12,1.315556e-10,3.871811e-01
moderate,0.2,1.967,36,5,8.076880e-03,8.7414,0,5.519124e+03,1.225492e-12,7.865086e+01,5.848924e+01
moderate,0.2,1.967,36,10,8.076880e-03,8.7414,0,5.519124e+03,1.225492e-12,2.569564e-02,3.852547e-01
moderate,0.2,1.967,36,20,8.076880e-03,8.7414,0,5.519124e+03,1.225492e-12,7.397917e-13,3.645723e-01
moderate,0.2,1.967,38,5,8.076880e-03,6.9436,0,2.147188e+03,4.767716e-13,1.398632e+01,1.099346e+01
moderate,0.2,1.967,38,10,8.076880e-03,6.9436,0,2.147188e+03,4.767716e-13,1.444972e-03,3.405874e-01
moderate,0.2,1.967,38,20,8.076880e-03,6.9436,1,2.147188e+03,4.767716e-13,4.160155e-15,3.393974e-01
moderate,0.2,1.967,40,5,8.076880e-03,5.5155,0,8.353532e+02,1.854857e-13,2.487159e+00,2.260033e+00
moderate,0.2,1.967,40,10,8.076880e-03,5.5155,0,8.353532e+02,1.854857e-13,8.125674e-05,3.121237e-01
moderate,0.2,1.967,40,20,8.076880e-03,5.5155,1,8.353532e+02,1.854857e-13,2.339427e-17,3.120554e-01
moderate,0.2,1.967,42,5,8.076880e-03,4.3811,0,3.249901e+02,7.216230e-14,4.422863e-01,6.384435e-01
moderate,0.2,1.967,42,10,8.076880e-03,4.3811,0,3.249901e+02,7.216230e-14,4.569402e-06,2.831280e-01
moderate,0.2,1.967,42,20,8.076880e-03,4.3811,1,3.249901e+02,7.216230e-14,1.315556e-19,2.831241e-01
moderate,0.2,1.967,44,5,8.076880e-03,3.4800,0,1.264358e+02,2.807439e-14,7.865086e-02,3.179823e-01
moderate,0.2,1.967,44,10,8.076880e-03,3.4800,0,1.264358e+02,2.807439e-14,2.569564e-07,2.533167e-01
moderate,0.2,1.967,44,20,8.076880e-03,3.4800,1,1.264358e+02,2.807439e-14,7.397917e-22,2.533164e-01
moderate,0.2,1.967,46,5,8.076880e-03,2.7643,0,4.918924e+01,1.092221e-14,1.398632e-02,2.351589e-01
moderate,0.2,1.967,46,10,8.076880e-03,2.7643,0,4.918924e+01,1.092221e-14,1.444972e-08,2.234151e-01
moderate,0.2,1.967,46,20,8.076880e-03,2.7643,1,4.918924e+01,1.092221e-14,4.160155e-24,2.234151e-01
moderate,0.2,1.967,48,5,8.076880e-03,2.1957,0,2.152915e+01,4.780431e-15,2.487159e-03,1.963275e-01
moderate,0.2,1.967,48,10,8.076880e-03,2.1957,0,2.152915e+01,4.780431e-15,8.125674e-10,1.941989e-01
moderate,0.2,1.967,48,20,8.076880e-03,2.1957,1,2.152915e+01,4.780431e-15,2.339427e-26,1.941989e-01
moderate,0.2,1.967,50,5,8.076880e-03,1.7441,0,9.616717e+00,2.135340e-15,4.422863e-04,1.667583e-01
moderate,0.2,1.967,50,10,8.076880e-03,1.7441,1,9.616717e+00,2.135340e-15,4.569402e-11,1.663732e-01
moderate,0.2,1.967,50,20,8.076880e-03,1.7441,1,9.616717e+00,2.135340e-15,1.315556e-28,1.663732e-01
moderate,0.2,2.511,20,5,4.956299e-03,89.8810,0,2.215963e+10,4.920426e-06,2.215963e+10,8.071594e+09
moderate,0.2,2.511,20,10,4.956299e-03,89.8810,0,3.147347e+11,6.988514e-05,3.147347e+11,1.459676e+11
moderate,0.2,2.511,20,20,4.956299e-03,89.8810,0,4.649536e+11,1.032404e-04,8.203316e+10,5.412702e+10
moderate,0.2,2.511,22,5,4.956299e-03,71.3950,0,4.625181e+09,1.026996e-06,3.432120e+09,1.509467e+09
moderate,0.2,2.511,22,10,4.956299e-03,71.3950,0,1.541504e+10,3.422826e-06,1.541504e+10,8.621744e+09
moderate,0.2,2.511,22,20,4.956299e-03,71.3950,0,1.558940e+10,3.461541e-06,4.613064e+08,3.163569e+08
moderate,0.2,2.511,24,5,4.956299e-03,56.7111,0,1.035449e+09,2.299159e-07,5.315725e+08,2.815435e+08
moderate,0.2,2.511,24,10,4.956299e-03,56.7111,0,1.035449e+09,2.299159e-07,8.261236e+08,5.077988e+08
moderate,0.2,2.511,24,20,4.956299e-03,56.7111,0,1.035449e+09,2.299159e-07,2.594116e+06,1.843942e+06
moderate,0.2,2.511,26,5,4.956299e-03,45.0472,0,2.318082e+08,5.147175e-08,8.533480e+07,5.237390e+07
moderate,0.2,2.511,26,10,4.956299e-03,45.0472,0,2.318082e+08,5.147175e-08,4.645635e+07,2.982260e+07
moderate,0.2,2.511,26,20,4.956299e-03,45.0472,0,2.318082e+08,5.147175e-08,1.458779e+04,1.071947e+04
moderate,0.2,2.511,28,5,4.956299e-03,35.7823,0,5.189538e+07,1.152309e-08,1.517491e+07,9.716935e+06
moderate,0.2,2.511,28,10,4.956299e-03,35.7823,0,5.189538e+07,1.152309e-08,2.612432e+06,1.746487e+06
moderate,0.2,2.511,28,20,4.956299e-03,35.7823,0,5.189538e+07,1.152309e-08,8.203316e+01,6.260753e+01
moderate,0.2,2.511,30,5,4.956299e-03,28.4229,0,1.161793e+07,2.579699e-09,2.698523e+06,1.798016e+06
moderate,0.2,2.511,30,10,4.956299e-03,28.4229,0,1.161793e+07,2.579699e-09,1.469079e+05,1.019930e+05
moderate,0.2,2.511,30,20,4.956299e-03,28.4229,0,1.161793e+07,2.579699e-09,4.613064e-01,8.071258e-01
moderate,0.2,2.511,32,5,4.956299e-03,22.5771,0,2.600930e+06,5.775226e-10,4.798728e+05,3.318335e+05
moderate,0.2,2.511,32,10,4.956299e-03,22.5771,0,2.600930e+06,5.775226e-10,8.261236e+03,5.940362e+03
moderate,0.2,2.511,32,20,4.956299e-03,22.5771,0,2.600930e+06,5.775226e-10,2.594116e-03,4.371841e-01
moderate,0.2,2.511,34,5,4.956299e-03,17.9336,0,5.822758e+05,1.292912e-10,8.533480e+04,6.108445e+04
moderate,0.2,2.511,34,10,4.956299e-03,17.9336,0,5.822758e+05,1.292912e-10,4.645635e+02,3.454343e+02
moderate,0.2,2.511,34,20,4.956299e-03,17.9336,0,5.822758e+05,1.292912e-10,1.458779e-05,4.200318e-01
moderate,0.2,2.511,36,5,4.956299e-03,14.2452,0,1.312295e+05,2.913880e-11,1.517491e+04,1.121656e+04
moderate,0.2,2.511,36,10,4.956299e-03,14.2452,0,1.312295e+05,2.913880e-11,2.612432e+01,2.039054e+01
moderate,0.2,2.511,36,20,4.956299e-03,14.2452,0,1.312295e+05,2.913880e-11,8.203316e-08,4.021821e-01
moderate,0.2,2.511,38,5,4.956299e-03,11.3154,0,3.221302e+04,7.152727e-12,2.698523e+03,2.054861e+03
moderate,0.2,2.511,38,10,4.956299e-03,11.3154,0,3.221302e+04,7.152727e-12,1.469079e+00,1.536668e+00
moderate,0.2,2.511,38,20,4.956299e-03,11.3154,0,3.221302e+04,7.152727e-12,4.613064e-10,3.814931e-01
moderate,0.2,2.511,40,5,4.956299e-03,8.9881,0,7.907358e+03,1.755786e-12,4.798728e+02,3.757972e+02
moderate,0.2,2.511,40,10,4.956299e-03,8.9881,0,7.907358e+03,1.755786e-12,8.261236e-02,4.246170e-01
moderate,0.2,2.511,40,20,4.956299e-03,8.9881,0,7.907358e+03,1.755786e-12,2.594116e-12,3.580130e-01
moderate,0.2,2.511,42,5,4.956299e-03,7.1395,0,1.941026e+03,4.309944e-13,8.533480e+01,6.878628e+01
moderate,0.2,2.511,42,10,4.956299e-03,7.1395,0,1.941026e+03,4.309944e-13,4.645635e-03,3.358287e-01
moderate,0.2,2.511,42,20,4.956299e-03,7.1395,1,1.941026e+03,4.309944e-13,1.458779e-14,3.319970e-01
moderate,0.2,2.511,44,5,4.956299e-03,5.6711,0,4.764655e+02,1.057966e-13,1.517491e+01,1.275857e+01
moderate,0.2,2.511,44,10,4.956299e-03,5.6711,0,4.764655e+02,1.057966e-13,2.612432e-04,3.041233e-01
moderate,0.2,2.511,44,20,4.956299e-03,5.6711,1,4.764655e+02,1.057966e-13,8.203316e-17,3.039033e-01
moderate,0.2,2.511,46,5,4.956299e-03,4.5047,0,1.169584e+02,2.596998e-14,2.698523e+00,2.535808e+00
moderate,0.2,2.511,46,10,4.956299e-03,4.5047,0,1.169584e+02,2.596998e-14,1.469079e-05,2.743813e-01
moderate,0.2,2.511,46,20,4.956299e-03,4.5047,1,1.169584e+02,2.596998e-14,4.613064e-19,2.743687e-01
moderate,0.2,2.511,48,5,4.956299e-03,3.5782,0,2.870988e+01,6.374875e-15,4.798728e-01,6.539926e-01
moderate,0.2,2.511,48,10,4.956299e-03,3.5782,0,2.870988e+01,6.374875e-15,8.261236e-07,2.441568e-01
moderate,0.2,2.511,48,20,4.956299e-03,3.5782,1,2.870988e+01,6.374875e-15,2.594116e-21,2.441561e-01
moderate,0.2,2.511,50,5,4.956299e-03,2.8423,0,1.162047e+01,2.580263e-15,8.533480e-02,2.882235e-01
moderate,0.2,2.511,50,10,4.956299e-03,2.8423,0,1.162047e+01,2.580263e-15,4.645635e-08,2.140818e-01
moderate,0.2,2.511,50,20,4.956299e-03,2.8423,1,1.162047e+01,2.580263e-15,1.458779e-23,2.140817e-01
moderate,0.2,3.104,20,5,3.243448e-03,137.3468,0,1.228317e+12,2.727411e-04,1.228317e+12,-1.401421e+14
moderate,0.2,3.104,20,10,3.243448e-03,137.3468,0,2.437371e+14,5.412051e-02,2.437371e+14,9.158953e+13
moderate,0.2,3.104,20,20,3.243448e-03,137.3468,0,2.359872e+15,5.239969e-01,2.195268e+15,1.343382e+15
moderate,0.2,3.104,22,5,3.243448e-03,109.0984,0,1.902438e+11,4.224260e-05,1.902438e+11,-1.525214e+13
moderate,0.2,3.104,22,10,3.243448e-03,109.0984,0,1.323584e+13,2.938947e-03,1.193773e+13,5.424119e+12
moderate,0.2,3.104,22,20,3.243448e-03,109.0984,0,2.710517e+13,6.018556e-03,1.234490e+13,7.890919e+12
moderate,0.2,3.104,24,5,3.243448e-03,86.6600,0,2.946527e+10,6.542604e-06,2.946527e+10,-1.660636e+12
moderate,0.2,3.104,24,10,3.243448e-03,86.6600,0,1.485086e+12,3.297552e-04,5.846846e+11,3.203290e+11
moderate,0.2,3.104,24,20,3.243448e-03,86.6600,0,1.485086e+12,3.297552e-04,6.942046e+10,4.621968e+10
moderate,0.2,3.104,26,5,3.243448e-03,68.8365,0,4.563630e+09,1.013329e-06,4.563630e+09,-1.809389e+11
moderate,0.2,3.104,26,10,3.243448e-03,68.8365,0,1.666293e+11,3.699915e-05,3.075790e+10,1.886416e+10
moderate,0.2,3.104,26,20,3.243448e-03,68.8365,0,1.666293e+11,3.699915e-05,3.903800e+08,2.699694e+08
moderate,0.2,3.104,28,5,3.243448e-03,54.6788,0,7.068226e+08,1.569461e-07,7.068226e+08,-1.973924e+10
moderate,0.2,3.104,28,10,3.243448e-03,54.6788,0,1.869612e+10,4.151372e-06,1.729644e+09,1.107776e+09
moderate,0.2,3.104,28,20,3.243448e-03,54.6788,0,1.869612e+10,4.151372e-06,2.195268e+06,1.572590e+06
moderate,0.2,3.104,30,5,3.243448e-03,43.4329,0,1.094739e+08,2.430808e-08,1.094739e+08,-2.158026e+09
moderate,0.2,3.104,30,10,3.243448e-03,43.4329,0,2.097739e+09,4.657917e-07,9.726502e+07,6.487054e+07
moderate,0.2,3.104,30,20,3.243448e-03,43.4329,0,2.097739e+09,4.657917e-07,1.234490e+04,9.136598e+03
moderate,0.2,3.104,32,5,3.243448e-03,34.5000,0,1.695549e+07,3.764876e-09,1.695549e+07,-2.367887e+08
moderate,0.2,3.104,32,10,3.243448e-03,34.5000,0,2.353702e+08,5.226268e-08,5.469614e+06,3.788273e+06
moderate,0.2,3.104,32,20,3.243448e-03,34.5000,0,2.353702e+08,5.226268e-08,6.942046e+01,5.339579e+01
moderate,0.2,3.104,34,5,3.243448e-03,27.4043,0,2.626095e+06,5.831102e-10,2.626095e+06,-2.614096e+07
moderate,0.2,3.104,34,10,3.243448e-03,27.4043,0,2.640897e+07,5.863969e-09,3.075790e+05,2.206269e+05
moderate,0.2,3.104,34,20,3.243448e-03,27.4043,0,2.640897e+07,5.863969e-09,3.903800e-01,7.492992e-01
moderate,0.2,3.104,36,5,3.243448e-03,21.7680,0,4.067339e+05,9.031308e-11,4.067339e+05,-2.915291e+06
moderate,0.2,3.104,36,10,3.243448e-03,21.7680,0,2.963135e+06,6.579482e-10,1.729644e+04,1.281575e+04
moderate,0.2,3.104,36,20,3.243448e-03,21.7680,0,2.963135e+06,6.579482e-10,2.195268e-03,4.315438e-01
moderate,0.2,3.104,38,5,3.243448e-03,17.2909,0,6.299563e+04,1.398784e-11,6.299563e+04,-3.304865e+05
moderate,0.2,3.104,38,10,3.243448e-03,17.2909,0,3.324692e+05,7.382300e-11,9.726502e+02,7.429117e+02
moderate,0.2,3.104,38,20,3.243448e-03,17.2909,0,3.324692e+05,7.382300e-11,1.234490e-05,4.136624e-01
moderate,0.2,3.104,40,5,3.243448e-03,13.7347,0,9.957877e+03,2.211093e-12,9.871166e+03,-3.843229e+04
moderate,0.2,3.104,40,10,3.243448e-03,13.7347,0,3.730366e+04,8.283077e-12,5.469614e+01,4.330886e+01
moderate,0.2,3.104,40,20,3.243448e-03,13.7347,0,3.730366e+04,8.283077e-12,6.942046e-08,3.947055e-01
moderate,0.2,3.104,42,5,3.243448e-03,10.9098,0,2.286351e+03,5.076718e-13,1.755369e+03,-4.640047e+03
moderate,0.2,3.104,42,10,3.243448e-03,10.9098,0,4.185540e+03,9.293765e-13,3.075790e+00,2.847429e+00
moderate,0.2,3.104,42,20,3.243448e-03,10.9098,0,4.185540e+03,9.293765e-13,3.903800e-10,3.728882e-01
moderate,0.2,3.104,44,5,3.243448e-03,8.6660,0,6.626444e+02,1.471366e-13,3.121537e+02,-5.893183e+02
moderate,0.2,3.104,44,10,3.243448e-03,8.6660,0,6.626444e+02,1.471366e-13,1.729644e-01,4.907048e-01
moderate,0.2,3.104,44,20,3.243448e-03,8.6660,0,6.626444e+02,1.471366e-13,2.195268e-12,3.483308e-01
moderate,0.2,3.104,46,5,3.243448e-03,6.8836,0,2.219166e+02,4.927538e-14,5.550964e+01,-7.945039e+01
moderate,0.2,3.104,46,10,3.243448e-03,6.8836,0,2.219166e+02,4.927538e-14,9.726502e-03,3.295425e-01
moderate,0.2,3.104,46,20,3.243448e-03,6.8836,1,2.219166e+02,4.927538e-14,1.234490e-14,3.213680e-01
moderate,0.2,3.104,48,5,3.243448e-03,5.4679,0,8.375614e+01,1.859760e-14,9.871166e+00,-1.125444e+01
moderate,0.2,3.104,48,10,3.243448e-03,5.4679,0,8.375614e+01,1.859760e-14,5.469614e-04,2.930043e-01
moderate,0.2,3.104,48,20,3.243448e-03,5.4679,1,8.375614e+01,1.859760e-14,6.942046e-17,2.925358e-01
moderate,0.2,3.104,50,5,3.243448e-03,4.3433,0,3.510908e+01,7.795782e-15,1.755369e+00,-1.519013e+00
moderate,0.2,3.104,50,10,3.243448e-03,4.3433,0,3.510908e+01,7.795782e-15,3.075790e-05,2.625622e-01
moderate,0.2,3.104,50,20,3.243448e-03,4.3433,1,3.510908e+01,7.795782e-15,3.903800e-19,2.625354e-01
moderate,0.2,3.912,20,5,2.041985e-03,218.1590,0,1.763982e+13,3.916827e-03,1.763982e+13,6.743227e+19
moderate,0.2,3.912,20,10,2.041985e-03,218.1590,0,2.611830e+17,5.799428e+01,2.611830e+17,6.739658e+19
moderate,0.2,3.912,20,20,2.041985e-03,218.1590,0,2.463123e+20,5.469232e+04,2.463123e+20,1.166683e+20
moderate,0.2,3.912,22,5,2.041985e-03,173.2898,0,2.732085e+12,6.066446e-04,2.732085e+12,1.988352e+18
moderate,0.2,3.912,22,10,2.041985e-03,173.2898,0,1.279219e+16,2.840437e+00,1.279219e+16,1.986211e+18
moderate,0.2,3.912,22,20,2.041985e-03,173.2898,0,1.375118e+18,3.053375e+02,1.206386e+18,6.886855e+17
moderate,0.2,3.912,24,5,2.041985e-03,137.6490,0,4.231498e+11,9.395813e-05,4.231498e+11,5.862983e+16
moderate,0.2,3.912,24,10,2.041985e-03,137.6490,0,6.265345e+14,1.391186e-01,6.265345e+14,5.850165e+16
moderate,0.2,3.912,24,20,2.041985e-03,137.6490,0,3.875609e+16,8.605581e+00,6.549789e+15,4.053730e+15
moderate,0.2,3.912,26,5,2.041985e-03,109.3385,0,6.553814e+10,1.455239e-05,6.553814e+10,1.728790e+15
moderate,0.2,3.912,26,10,2.041985e-03,109.3385,0,3.068633e+13,6.813734e-03,3.068633e+13,1.721142e+15
moderate,0.2,3.912,26,20,2.041985e-03,109.3385,0,1.092295e+15,2.425382e-01,3.683217e+13,2.379335e+13
moderate,0.2,3.912,28,5,2.041985e-03,86.8506,0,1.015066e+10,2.253899e-06,1.015066e+10,5.097469e+13
moderate,0.2,3.912,28,10,2.041985e-03,86.8506,0,1.502952e+12,3.337223e-04,1.502952e+12,5.052047e+13
moderate,0.2,3.912,28,20,2.041985e-03,86.8506,0,3.078506e+13,6.835656e-03,2.071225e+11,1.392623e+11
moderate,0.2,3.912,30,5,2.041985e-03,68.9879,0,1.572151e+09,3.490876e-07,1.572151e+09,1.502780e+12
moderate,0.2,3.912,30,10,2.041985e-03,68.9879,0,7.361138e+10,1.634501e-05,7.361138e+10,1.476040e+12
moderate,0.2,3.912,30,20,2.041985e-03,68.9879,0,8.676408e+11,1.926550e-04,1.164735e+09,8.128445e+08
moderate,0.2,3.912,32,5,2.041985e-03,54.7991,0,2.434973e+08,5.406726e-08,2.434973e+08,4.425653e+10
moderate,0.2,3.912,32,10,2.041985e-03,54.7991,0,3.605330e+09,8.005440e-07,3.605330e+09,4.271776e+10
moderate,0.2,3.912,32,20,2.041985e-03,54.7991,0,2.679272e+10,5.949179e-06,6.549789e+06,4.731561e+06
moderate,0.2,3.912,34,5,2.041985e-03,43.5284,0,3.771327e+07,8.374027e-09,3.771327e+07,1.294540e+09
moderate,0.2,3.912,34,10,2.041985e-03,43.5284,0,1.765814e+08,3.920895e-08,1.765814e+08,1.212147e+09
moderate,0.2,3.912,34,20,2.041985e-03,43.5284,0,8.279743e+08,1.838472e-07,3.683217e+04,2.747047e+04
moderate,0.2,3.912,36,5,2.041985e-03,34.5759,0,5.841093e+06,1.296983e-09,5.841093e+06,3.621187e+07
moderate,0.2,3.912,36,10,2.041985e-03,34.5759,0,1.000629e+07,2.221843e-09,9.125492e+06,3.295494e+07
moderate,0.2,3.912,36,20,2.041985e-03,34.5759,0,2.558685e+07,5.681422e-09,2.071225e+02,1.595315e+02
moderate,0.2,3.912,38,5,2.041985e-03,27.4646,0,9.046782e+05,2.008789e-10,9.046782e+05,7.008276e+05
moderate,0.2,3.912,38,10,2.041985e-03,27.4646,0,1.001848e+06,2.224549e-10,5.131641e+05,8.084997e+05
moderate,0.2,3.912,38,20,2.041985e-03,27.4646,0,1.001848e+06,2.224549e-10,1.164735e+00,1.360442e+00
moderate,0.2,3.912,40,5,2.041985e-03,21.8159,0,1.401181e+05,3.111246e-11,1.401181e+05,-4.783999e+04
moderate,0.2,3.912,40,10,2.041985e-03,21.8159,0,1.401181e+05,3.111246e-11,2.885734e+04,1.430762e+04
moderate,0.2,3.912,40,20,2.041985e-03,21.8159,0,1.401181e+05,3.111246e-11,6.549789e-03,4.328760e-01
moderate,0.2,3.912,42,5,2.041985e-03,17.3290,0,2.545847e+04,5.652916e-12,2.452104e+04,-1.416261e+04
moderate,0.2,3.912,42,10,2.041985e-03,17.3290,0,2.545847e+04,5.652916e-12,1.622767e+03,-1.329020e+02
moderate,0.2,3.912,42,20,2.041985e-03,17.3290,0,2.545847e+04,5.652916e-12,3.683217e-05,4.110616e-01
moderate,0.2,3.912,44,5,2.041985e-03,13.7649,0,5.758665e+03,1.278680e-12,4.360526e+03,-2.784204e+03
moderate,0.2,3.912,44,10,2.041985e-03,13.7649,0,5.758665e+03,1.278680e-12,9.125492e+01,-3.578687e+01
moderate,0.2,3.912,44,20,2.041985e-03,13.7649,0,5.758665e+03,1.278680e-12,2.071225e-07,3.916370e-01
moderate,0.2,3.912,46,5,2.041985e-03,10.9338,0,1.544140e+03,3.428679e-13,7.754233e+02,-5.198104e+02
moderate,0.2,3.912,46,10,2.041985e-03,10.9338,0,1.544140e+03,3.428679e-13,5.131641e+00,-2.565674e+00
moderate,0.2,3.912,46,20,2.041985e-03,10.9338,0,1.544140e+03,3.428679e-13,1.164735e-09,3.693692e-01
moderate,0.2,3.912,48,5,2.041985e-03,8.6851,0,4.768588e+02,1.058839e-13,1.378919e+02,-9.584116e+01
moderate,0.2,3.912,48,10,2.041985e-03,8.6851,0,4.768588e+02,1.058839e-13,2.885734e-01,1.498723e-01
moderate,0.2,3.912,48,20,2.041985e-03,8.6851,0,4.768588e+02,1.058839e-13,6.549789e-12,3.443877e-01
moderate,0.2,3.912,50,5,2.041985e-03,6.8988,0,1.704607e+02,3.784989e-14,2.452104e+01,-1.739846e+01
moderate,0.2,3.912,50,10,2.041985e-03,6.8988,0,1.704607e+02,3.784989e-14,1.622767e-02,3.050990e-01
moderate,0.2,3.912,50,20,2.041985e-03,6.8988,1,1.704607e+02,3.784989e-14,3.683217e-14,3.170599e-01
moderate,0.2,4.888,20,5,1.307940e-03,340.5947,0,4.635855e+14,1.029367e-01,4.635855e+14,-8.829770e+26
moderate,0.2,4.888,20,10,1.307940e-03,340.5947,0,2.849940e+19,6.328138e+03,2.849940e+19,-8.829770e+26
moderate,0.2,4.888,20,20,1.307940e-03,340.5947,0,1.113910e+26,2.473378e+10,1.113910e+26,-8.984470e+26
moderate,0.2,4.888,22,5,1.307940e-03,270.5440,0,7.180089e+13,1.594300e-02,7.180089e+13,-3.603255e+24
moderate,0.2,4.888,22,10,1.307940e-03,270.5440,0,1.395840e+18,3.099388e+02,1.395840e+18,-3.603255e+24
moderate,0.2,4.888,22,20,1.307940e-03,270.5440,0,5.455696e+23,1.211408e+08,5.455696e+23,-3.695819e+24
moderate,0.2,4.888,24,5,1.307940e-03,214.9007,0,1.112064e+13,2.469278e-03,1.112064e+13,-1.470417e+22
moderate,0.2,4.888,24,10,1.307940e-03,214.9007,0,6.836530e+16,1.518015e+01,6.836530e+16,-1.470419e+22
moderate,0.2,4.888,24,20,1.307940e-03,214.9007,0,2.672085e+21,5.933220e+05,2.672085e+21,-1.525664e+22
moderate,0.2,4.888,26,5,1.307940e-03,170.7017,0,1.722383e+12,3.824459e-04,1.722383e+12,-6.000483e+19
moderate,0.2,4.888,26,10,1.307940e-03,170.7017,0,3.348388e+15,7.434914e-01,3.348388e+15,-6.000556e+19
moderate,0.2,4.888,26,20,1.307940e-03,170.7017,0,1.308730e+19,2.905965e+03,1.308730e+19,-6.329380e+19
moderate,0.2,4.888,28,5,1.307940e-03,135.5932,0,2.667656e+11,5.923386e-05,2.667656e+11,-2.448679e+17
moderate,0.2,4.888,28,10,1.307940e-03,135.5932,0,1.639969e+14,3.641464e-02,1.639969e+14,-2.449118e+17
moderate,0.2,4.888,28,20,1.307940e-03,135.5932,0,6.409884e+16,1.423280e+01,6.409884e+16,-2.643963e+17
moderate,0.2,4.888,30,5,1.307940e-03,107.7055,0,4.131710e+10,9.174239e-06,4.131710e+10,-9.992640e+14
moderate,0.2,4.888,30,10,1.307940e-03,107.7055,0,8.032223e+12,1.783512e-03,8.032223e+12,-1.001871e+15
moderate,0.2,4.888,30,20,1.307940e-03,107.7055,0,3.139426e+14,6.970925e-02,3.139426e+14,-1.114897e+15
moderate,0.2,4.888,32,5,1.307940e-03,85.5535,0,6.399261e+09,1.420921e-06,6.399261e+09,-4.079019e+12
moderate,0.2,4.888,32,10,1.307940e-03,85.5535,0,3.934013e+11,8.735263e-05,3.934013e+11,-4.232961e+12
moderate,0.2,4.888,32,20,1.307940e-03,85.5535,0,1.537624e+12,3.414212e-04,1.537624e+12,-4.760683e+12
moderate,0.2,4.888,34,5,1.307940e-03,67.9576,0,9.911282e+08,2.200747e-07,9.911282e+08,-1.687651e+10
moderate,0.2,4.888,34,10,1.307940e-03,67.9576,0,1.926796e+10,4.278347e-06,1.926796e+10,-2.583009e+10
moderate,0.2,4.888,34,20,1.307940e-03,67.9576,0,2.508639e+10,5.570298e-06,7.530958e+09,-2.066251e+10
moderate,0.2,4.888,36,5,1.307940e-03,53.9806,0,1.535076e+08,3.408553e-08,1.535076e+08,-1.124321e+08
moderate,0.2,4.888,36,10,1.307940e-03,53.9806,0,9.437039e+08,2.095444e-07,9.437039e+08,-6.105171e+08
moderate,0.2,4.888,36,20,1.307940e-03,53.9806,0,9.437039e+08,2.095444e-07,3.766582e+07,-9.152899e+07
moderate,0.2,4.888,38,5,1.307940e-03,42.8783,0,2.377551e+07,5.279223e-09,2.377551e+07,-8.657222e+06
moderate,0.2,4.888,38,10,1.307940e-03,42.8783,0,5.620122e+07,1.247918e-08,5.165930e+07,-3.222471e+07
moderate,0.2,4.888,38,20,1.307940e-03,42.8783,0,5.620122e+07,1.247918e-08,2.118105e+05,-4.154788e+05
moderate,0.2,4.888,40,5,1.307940e-03,34.0595,0,3.682390e+06,8.176549e-10,3.682390e+06,-1.573950e+06
moderate,0.2,4.888,40,10,1.307940e-03,34.0595,0,4.876276e+06,1.082751e-09,2.905016e+06,-1.876743e+06
moderate,0.2,4.888,40,20,1.307940e-03,34.0595,0,4.876276e+06,1.082751e-09,1.191098e+03,-1.938697e+03
moderate,0.2,4.888,42,5,1.307940e-03,27.0544,0,5.703347e+05,1.266398e-10,5.703347e+05,-2.943562e+05
moderate,0.2,4.888,42,10,1.307940e-03,27.0544,0,5.848364e+05,1.298598e-10,1.633610e+05,-1.098068e+05
moderate,0.2,4.888,42,20,1.307940e-03,27.0544,0,5.848364e+05,1.298598e-10,6.698036e+00,-8.884992e+00
moderate,0.2,4.888,44,5,1.307940e-03,21.4901,0,9.154743e+04,2.032761e-11,9.154743e+04,-5.492807e+04
moderate,0.2,4.888,44,10,1.307940e-03,21.4901,0,9.154743e+04,2.032761e-11,9.186467e+03,-6.409707e+03
moderate,0.2,4.888,44,20,1.307940e-03,21.4901,0,9.154743e+04,2.032761e-11,3.766582e-02,3.788626e-01
moderate,0.2,4.888,46,5,1.307940e-03,17.0702,0,1.793921e+04,3.983304e-12,1.627969e+04,-1.021988e+04
moderate,0.2,4.888,46,10,1.307940e-03,17.0702,0,1.793921e+04,3.983304e-12,5.165930e+02,-3.727815e+02
moderate,0.2,4.888,46,20,1.307940e-03,17.0702,0,1.793921e+04,3.983304e-12,2.118105e-04,4.078184e-01
moderate,0.2,4.888,48,5,1.307940e-03,13.5593,0,4.242757e+03,9.420814e-13,2.894984e+03,-1.895737e+03
moderate,0.2,4.888,48,10,1.307940e-03,13.5593,0,4.242757e+03,9.420814e-13,2.905016e+01,-2.128082e+01
moderate,0.2,4.888,48,20,1.307940e-03,13.5593,0,4.242757e+03,9.420814e-13,1.191098e-06,3.881758e-01
moderate,0.2,4.888,50,5,1.307940e-03,10.7705,0,1.201744e+03,2.668408e-13,5.148090e+02,-3.504040e+02
moderate,0.2,4.888,50,10,1.307940e-03,10.7705,0,1.201744e+03,2.668408e-13,1.633610e+00,-8.895420e-01
moderate,0.2,4.888,50,20,1.307940e-03,10.7705,0,1.201744e+03,2.668408e-13,6.698036e-09,3.654351e-01
moderate,0.3,0.5,20,5,5.557049e-02,8.0164,0,1.499764e+01,3.330145e-15,1.329560e+00,1.437106e+00
moderate,0.3,0.5,20,10,5.557049e-02,8.0164,0,1.499764e+01,3.330145e-15,3.963728e-04,4.608672e-01
moderate,0.3,0.5,20,20,5.557049e-02,8.0164,0,1.499764e+01,3.330145e-15,5.705999e-15,4.605464e-01
moderate,0.3,0.5,22,5,5.557049e-02,6.3677,0,6.561510e+00,1.456948e-15,2.364329e-01,6.314067e-01
moderate,0.3,0.5,22,10,5.557049e-02,6.3677,0,6.561510e+00,1.456948e-15,2.228968e-05,4.523212e-01
moderate,0.3,0.5,22,20,5.557049e-02,6.3677,1,6.561510e+00,1.456948e-15,3.208719e-17,4.523028e-01
moderate,0.3,0.5,24,5,5.557049e-02,5.0580,0,3.093435e+00,6.868806e-16,4.204438e-02,4.756465e-01
moderate,0.3,0.5,24,10,5.557049e-02,5.0580,0,3.093435e+00,6.868806e-16,1.253441e-06,4.428827e-01
moderate,0.3,0.5,24,20,5.557049e-02,5.0580,1,3.093435e+00,6.868806e-16,1.804395e-19,4.428816e-01
moderate,0.3,0.5,26,5,5.557049e-02,4.0177,0,1.515099e+00,3.364196e-16,7.476666e-03,4.382752e-01
moderate,0.3,0.5,26,10,5.557049e-02,4.0177,0,1.515099e+00,3.364196e-16,7.048617e-08,4.322959e-01
moderate,0.3,0.5,26,20,5.557049e-02,4.0177,1,1.515099e+00,3.364196e-16,1.014686e-21,4.322958e-01
moderate,0.3,0.5,28,5,5.557049e-02,3.1914,0,8.416342e-01,1.868803e-16,1.329560e-03,4.216923e-01
moderate,0.3,0.5,28,10,5.557049e-02,3.1914,0,8.416342e-01,1.868803e-16,3.963728e-09,4.206036e-01
moderate,0.3,0.5,28,20,5.557049e-02,3.1914,1,8.416342e-01,1.868803e-16,5.705999e-24,4.206036e-01
moderate,0.3,0.5,30,5,5.557049e-02,2.5350,0,4.732857e-01,1.050905e-16,2.364329e-04,4.081037e-01
moderate,0.3,0.5,30,10,5.557049e-02,2.5350,0,4.732857e-01,1.050905e-16,2.228968e-10,4.079059e-01
moderate,0.3,0.5,30,20,5.557049e-02,2.5350,1,4.732857e-01,1.050905e-16,3.208719e-26,4.079059e-01
moderate,0.3,0.5,32,5,5.557049e-02,2.0136,0,2.797084e-01,6.210774e-17,4.204438e-05,3.943756e-01
moderate,0.3,0.5,32,10,5.557049e-02,2.0136,0,2.797084e-01,6.210774e-17,1.253441e-11,3.943397e-01
moderate,0.3,0.5,32,20,5.557049e-02,2.0136,1,2.797084e-01,6.210774e-17,1.804395e-28,3.943397e-01
moderate,0.3,0.5,34,5,5.557049e-02,1.5995,0,1.724668e-01,3.829532e-17,7.476666e-06,3.800749e-01
moderate,0.3,0.5,34,10,5.557049e-02,1.5995,1,1.724668e-01,3.829532e-17,7.048617e-13,3.800684e-01
moderate,0.3,0.5,34,20,5.557049e-02,1.5995,1,1.724668e-01,3.829532e-17,1.014686e-30,3.800684e-01
moderate,0.3,0.5,36,5,5.557049e-02,1.2705,0,1.063422e-01,2.361270e-17,1.329560e-06,3.652713e-01
moderate,0.3,0.5,36,10,5.557049e-02,1.2705,1,1.063422e-01,2.361270e-17,3.963728e-14,3.652701e-01
moderate,0.3,0.5,36,20,5.557049e-02,1.2705,1,1.063422e-01,2.361270e-17,5.705999e-33,3.652701e-01
moderate,0.3,0.5,38,5,5.557049e-02,1.0092,0,6.557005e-02,1.455947e-17,2.364329e-07,3.501272e-01
moderate,0.3,0.5,38,10,5.557049e-02,1.0092,1,6.557005e-02,1.455947e-17,2.228968e-15,3.501270e-01
moderate,0.3,0.5,38,20,5.557049e-02,1.0092,1,6.557005e-02,1.455947e-17,3.208719e-35,3.501270e-01
moderate,0.3,0.5,40,5,5.557049e-02,0.8016,0,4.043016e-02,8.977299e-18,4.204438e-08,3.348154e-01
moderate,0.3,0.5,40,10,5.557049e-02,0.8016,1,4.043016e-02,8.977299e-18,1.253441e-16,3.348154e-01
moderate,0.3,0.5,40,20,5.557049e-02,0.8016,1,4.043016e-02,8.977299e-18,1.804395e-37,3.348154e-01
moderate,0.3,0.5,42,5,5.557049e-02,0.6368,0,2.781630e-02,6.176459e-18,7.476666e-09,3.194976e-01
moderate,0.3,0.5,42,10,5.557049e-02,0.6368,1,2.781630e-02,6.176459e-18,7.048617e-18,3.194976e-01
moderate,0.3,0.5,42,20,5.557049e-02,0.6368,1,2.781630e-02,6.176459e-18,1.014686e-39,3.194976e-01
moderate,0.3,0.5,44,5,5.557049e-02,0.5058,0,1.969243e-02,4.372598e-18,1.329560e-09,3.043173e-01
moderate,0.3,0.5,44,10,5.557049e-02,0.5058,1,1.969243e-02,4.372598e-18,3.963728e-19,3.043173e-01
moderate,0.3,0.5,44,20,5.557049e-02,0.5058,1,1.969243e-02,4.372598e-18,5.705999e-42,3.043173e-01
moderate,0.3,0.5,46,5,5.557049e-02,0.4018,1,1.394117e-02,3.095562e-18,2.364329e-10,2.893960e-01
moderate,0.3,0.5,46,10,5.557049e-02,0.4018,1,1.394117e-02,3.095562e-18,2.228968e-20,2.893960e-01
moderate,0.3,0.5,46,20,5.557049e-02,0.4018,1,1.394117e-02,3.095562e-18,3.208719e-44,2.893960e-01
moderate,0.3,0.5,48,5,5.557049e-02,0.3191,1,9.869595e-03,2.191490e-18,4.204438e-11,2.748327e-01
moderate,0.3,0.5,48,10,5.557049e-02,0.3191,1,9.869595e-03,2.191490e-18,1.253441e-21,2.748327e-01
moderate,0.3,0.5,48,20,5.557049e-02,0.3191,1,9.869595e-03,2.191490e-18,1.804395e-46,2.748327e-01
moderate,0.3,0.5,50,5,5.557049e-02,0.2535,1,6.987138e-03,1.551456e-18,7.476666e-12,2.607041e-01
moderate,0.3,0.5,50,10,5.557049e-02,0.2535,1,6.987138e-03,1.551456e-18,7.048617e-23,2.607041e-01
moderate,0.3,0.5,50,20,5.557049e-02,0.2535,1,6.987138e-03,1.551456e-18,1.014686e-48,2.607041e-01
moderate,0.3,0.628,20,5,3.522039e-02,12.6483,0,1.797981e+02,3.992320e-14,6.543338e+01,4.533763e+01
moderate,0.3,0.628,20,10,3.522039e-02,12.6483,0,1.797981e+02,3.992320e-14,1.891728e-01,6.082420e-01
moderate,0.3,0.628,20,20,3.522039e-02,12.6483,0,1.797981e+02,3.992320e-14,2.589797e-10,4.627413e-01
moderate,0.3,0.628,22,5,3.522039e-02,10.0469,0,6.228306e+01,1.382962e-14,1.163588e+01,8.728175e+00
moderate,0.3,0.628,22,10,3.522039e-02,10.0469,0,6.228306e+01,1.382962e-14,1.063797e-02,4.627117e-01
moderate,0.3,0.628,22,20,3.522039e-02,10.0469,0,6.228306e+01,1.382962e-14,1.456350e-12,4.543064e-01
moderate,0.3,0.628,24,5,3.522039e-02,7.9805,0,2.413281e+01,5.358561e-15,2.069185e+00,1.965742e+00
moderate,0.3,0.628,24,10,3.522039e-02,7.9805,0,2.413281e+01,5.358561e-15,5.982169e-04,4.448848e-01
moderate,0.3,0.628,24,20,3.522039e-02,7.9805,1,2.413281e+01,5.358561e-15,8.189656e-15,4.444004e-01
moderate,0.3,0.628,26,5,3.522039e-02,6.3392,0,1.066336e+01,2.367742e-15,3.679589e-01,7.119494e-01
moderate,0.3,0.628,26,10,3.522039e-02,6.3392,0,1.066336e+01,2.367742e-15,3.364021e-05,4.329818e-01
moderate,0.3,0.628,26,20,3.522039e-02,6.3392,1,1.066336e+01,2.367742e-15,4.605382e-17,4.329539e-01
moderate,0.3,0.628,28,5,3.522039e-02,5.0354,0,5.069374e+00,1.125627e-15,6.543338e-02,4.709904e-01
moderate,0.3,0.628,28,10,3.522039e-02,5.0354,0,5.069374e+00,1.125627e-15,1.891728e-06,4.199571e-01
moderate,0.3,0.628,28,20,3.522039e-02,5.0354,1,5.069374e+00,1.125627e-15,2.589797e-19,4.199555e-01
moderate,0.3,0.628,30,5,3.522039e-02,3.9997,0,2.494774e+00,5.539512e-16,1.163588e-02,4.147722e-01
moderate,0.3,0.628,30,10,3.522039e-02,3.9997,0,2.494774e+00,5.539512e-16,1.063797e-07,4.054594e-01
moderate,0.3,0.628,30,20,3.522039e-02,3.9997,1,2.494774e+00,5.539512e-16,1.456350e-21,4.054593e-01
moderate,0.3,0.628,32,5,3.522039e-02,3.1771,0,1.402915e+00,3.115096e-16,2.069185e-03,3.912816e-01
moderate,0.3,0.628,32,10,3.522039e-02,3.1771,0,1.402915e+00,3.115096e-16,5.982169e-09,3.895861e-01
moderate,0.3,0.628,32,20,3.522039e-02,3.1771,1,1.402915e+00,3.115096e-16,8.189656e-24,3.895861e-01
moderate,0.3,0.628,34,5,3.522039e-02,2.5237,0,7.889169e-01,1.751747e-16,3.679589e-04,3.728257e-01
moderate,0.3,0.628,34,10,3.522039e-02,2.5237,0,7.889169e-01,1.751747e-16,3.364021e-10,3.725176e-01
moderate,0.3,0.628,34,20,3.522039e-02,2.5237,1,7.889169e-01,1.751747e-16,4.605382e-26,3.725176e-01
moderate,0.3,0.628,36,5,3.522039e-02,2.0046,0,4.741115e-01,1.052739e-16,6.543338e-05,3.545402e-01
moderate,0.3,0.628,36,10,3.522039e-02,2.0046,0,4.741115e-01,1.052739e-16,1.891728e-11,3.544843e-01
moderate,0.3,0.628,36,20,3.522039e-02,2.0046,1,4.741115e-01,1.052739e-16,2.589797e-28,3.544843e-01
moderate,0.3,0.628,38,5,3.522039e-02,1.5923,0,2.923348e-01,6.491136e-17,1.163588e-05,3.357590e-01
moderate,0.3,0.628,38,10,3.522039e-02,1.5923,1,2.923348e-01,6.491136e-17,1.063797e-12,3.357489e-01
moderate,0.3,0.628,38,20,3.522039e-02,1.5923,1,2.923348e-01,6.491136e-17,1.456350e-30,3.357489e-01
moderate,0.3,0.628,40,5,3.522039e-02,1.2648,0,1.802521e-01,4.002402e-17,2.069185e-06,3.165902e-01
moderate,0.3,0.628,40,10,3.522039e-02,1.2648,1,1.802521e-01,4.002402e-17,5.982169e-14,3.165884e-01
moderate,0.3,0.628,40,20,3.522039e-02,1.2648,1,1.802521e-01,4.002402e-17,8.189656e-33,3.165884e-01
moderate,0.3,0.628,42,5,3.522039e-02,1.0047,0,1.111426e-01,2.467861e-17,3.679589e-07,2.972773e-01
moderate,0.3,0.628,42,10,3.522039e-02,1.0047,1,1.111426e-01,2.467861e-17,3.364021e-15,2.972769e-01
moderate,0.3,0.628,42,20,3.522039e-02,1.0047,1,1.111426e-01,2.467861e-17,4.605382e-35,2.972769e-01
moderate,0.3,0.628,44,5,3.522039e-02,0.7981,0,6.960805e-02,1.545609e-17,6.543338e-08,2.780711e-01
moderate,0.3,0.628,44,10,3.522039e-02,0.7981,1,6.960805e-02,1.545609e-17,1.891728e-16,2.780711e-01
moderate,0.3,0.628,44,20,3.522039e-02,0.7981,1,6.960805e-02,1.545609e-17,2.589797e-37,2.780711e-01
moderate,0.3,0.628,46,5,3.522039e-02,0.6339,0,4.927872e-02,1.094207e-17,1.163588e-08,2.591990e-01
moderate,0.3,0.628,46,10,3.522039e-02,0.6339,1,4.927872e-02,1.094207e-17,1.063797e-17,2.591990e-01
moderate,0.3,0.628,46,20,3.522039e-02,0.6339,1,4.927872e-02,1.094207e-17,1.456350e-39,2.591990e-01
moderate,0.3,0.628,48,5,3.522039e-02,0.5035,0,3.488667e-02,7.746396e-18,2.069185e-09,2.408534e-01
moderate,0.3,0.628,48,10,3.522039e-02,0.5035,1,3.488667e-02,7.746396e-18,5.982169e-19,2.408534e-01
moderate,0.3,0.628,48,20,3.522039e-02,0.5035,1,3.488667e-02,7.746396e-18,8.189656e-42,2.408534e-01
moderate,0.3,0.628,50,5,3.522039e-02,0.4000,1,2.469787e-02,5.484028e-18,3.679589e-10,2.231887e-01
moderate,0.3,0.628,50,10,3.522039e-02,0.4000,1,2.469787e-02,5.484028e-18,3.364021e-20,2.231887e-01
moderate,0.3,0.628,50,20,3.522039e-02,0.4000,1,2.469787e-02,5.484028e-18,4.605382e-44,2.231887e-01
moderate,0.3,0.789,20,5,2.231165e-02,19.9661,0,3.830284e+03,8.504938e-13,3.274725e+03,2.075318e+03
moderate,0.3,0.789,20,10,2.231165e-02,19.9661,0,3.830284e+03,8.504938e-13,9.154542e+01,6.674610e+01
moderate,0.3,0.789,20,20,2.231165e-02,19.9661,0,3.830284e+03,8.504938e-13,1.193743e-05,4.669850e-01
moderate,0.3,0.789,22,5,2.231165e-02,15.8597,0,9.763464e+02,2.167924e-13,5.823377e+02,3.851451e+02
moderate,0.3,0.789,22,10,2.231165e-02,15.8597,0,9.763464e+02,2.167924e-13,5.147977e+00,4.306859e+00
moderate,0.3,0.789,22,20,2.231165e-02,15.8597,0,9.763464e+02,2.167924e-13,6.712911e-08,4.590649e-01
moderate,0.3,0.789,24,5,2.231165e-02,12.5978,0,2.922411e+02,6.489055e-14,1.035559e+02,7.156826e+01
moderate,0.3,0.789,24,10,2.231165e-02,12.5978,0,2.922411e+02,6.489055e-14,2.894920e-01,6.723626e-01
moderate,0.3,0.789,24,20,2.231165e-02,12.5978,0,2.922411e+02,6.489055e-14,3.774947e-10,4.495513e-01
moderate,0.3,0.789,26,5,2.231165e-02,10.0068,0,1.026395e+02,2.279055e-14,1.841513e+01,1.354949e+01
moderate,0.3,0.789,26,10,2.231165e-02,10.0068,0,1.026395e+02,2.279055e-14,1.627933e-02,4.511376e-01
moderate,0.3,0.789,26,20,2.231165e-02,10.0068,0,1.026395e+02,2.279055e-14,2.122809e-12,4.382670e-01
moderate,0.3,0.789,28,5,2.231165e-02,7.9487,0,4.010356e+01,8.904780e-15,3.274725e+00,2.835647e+00
moderate,0.3,0.789,28,10,2.231165e-02,7.9487,0,4.010356e+01,8.904780e-15,9.154542e-04,4.258345e-01
moderate,0.3,0.789,28,20,2.231165e-02,7.9487,1,4.010356e+01,8.904780e-15,1.193743e-14,4.250928e-01
moderate,0.3,0.789,30,5,2.231165e-02,6.3138,0,1.791360e+01,3.977619e-15,5.823377e-01,8.520027e-01
moderate,0.3,0.789,30,10,2.231165e-02,6.3138,0,1.791360e+01,3.977619e-15,5.147977e-05,4.100222e-01
moderate,0.3,0.789,30,20,2.231165e-02,6.3138,1,1.791360e+01,3.977619e-15,6.712911e-17,4.099796e-01
moderate,0.3,0.789,32,5,2.231165e-02,5.0153,0,8.630954e+00,1.916457e-15,1.035559e-01,4.738137e-01
moderate,0.3,0.789,32,10,2.231165e-02,5.0153,0,8.630954e+00,1.916457e-15,2.894920e-06,3.929673e-01
moderate,0.3,0.789,32,20,2.231165e-02,5.0153,1,8.630954e+00,1.916457e-15,3.774947e-19,3.929648e-01
moderate,0.3,0.789,34,5,2.231165e-02,3.9838,0,4.372463e+00,9.708819e-16,1.841513e-02,3.889328e-01
moderate,0.3,0.789,34,10,2.231165e-02,3.9838,0,4.372463e+00,9.708819e-16,1.627933e-07,3.741808e-01
moderate,0.3,0.789,34,20,2.231165e-02,3.9838,1,4.372463e+00,9.708819e-16,2.122809e-21,3.741807e-01
moderate,0.3,0.789,36,5,2.231165e-02,3.1644,0,2.458817e+00,5.459670e-16,3.274725e-03,3.565375e-01
moderate,0.3,0.789,36,10,2.231165e-02,3.1644,0,2.458817e+00,5.459670e-16,9.154542e-09,3.538519e-01
moderate,0.3,0.789,36,20,2.231165e-02,3.1644,1,2.458817e+00,5.459670e-16,1.193743e-23,3.538519e-01
moderate,0.3,0.789,38,5,2.231165e-02,2.5136,0,1.389397e+00,3.085080e-16,5.823377e-04,3.327705e-01
moderate,0.3,0.789,38,10,2.231165e-02,2.5136,0,1.389397e+00,3.085080e-16,5.147977e-10,3.322826e-01
moderate,0.3,0.789,38,20,2.231165e-02,2.5136,1,1.389397e+00,3.085080e-16,6.712911e-26,3.322826e-01
moderate,0.3,0.789,40,5,2.231165e-02,1.9966,0,8.566951e-01,1.902245e-16,1.035559e-04,3.099239e-01
moderate,0.3,0.789,40,10,2.231165e-02,1.9966,1,8.566951e-01,1.902245e-16,2.894920e-11,3.098354e-01
moderate,0.3,0.789,40,20,2.231165e-02,1.9966,1,8.566951e-01,1.902245e-16,3.774947e-28,3.098354e-01
moderate,0.3,0.789,42,5,2.231165e-02,1.5860,0,5.282339e-01,1.172915e-16,1.841513e-05,2.869202e-01
moderate,0.3,0.789,42,10,2.231165e-02,1.5860,1,5.282339e-01,1.172915e-16,1.627933e-12,2.869042e-01
moderate,0.3,0.789,42,20,2.231165e-02,1.5860,1,5.282339e-01,1.172915e-16,2.122809e-30,2.869042e-01
moderate,0.3,0.789,44,5,2.231165e-02,1.2598,0,3.257064e-01,7.232134e-17,3.274725e-06,2.638899e-01
moderate,0.3,0.789,44,10,2.231165e-02,1.2598,1,3.257064e-01,7.232134e-17,9.154542e-14,2.638871e-01
moderate,0.3,0.789,44,20,2.231165e-02,1.2598,1,3.257064e-01,7.232134e-17,1.193743e-32,2.638871e-01
moderate,0.3,0.789,46,5,2.231165e-02,1.0007,0,2.008289e-01,4.459298e-17,5.823377e-07,2.411613e-01
moderate,0.3,0.789,46,10,2.231165e-02,1.0007,1,2.008289e-01,4.459298e-17,5.147977e-15,2.411608e-01
moderate,0.3,0.789,46,20,2.231165e-02,1.0007,1,2.008289e-01,4.459298e-17,6.712911e-35,2.411608e-01
moderate,0.3,0.789,48,5,2.231165e-02,0.7949,0,1.376117e-01,3.055594e-17,1.035559e-07,2.190613e-01
moderate,0.3,0.789,48,10,2.231165e-02,0.7949,1,1.376117e-01,3.055594e-17,2.894920e-16,2.190612e-01
moderate,0.3,0.789,48,20,2.231165e-02,0.7949,1,1.376117e-01,3.055594e-17,3.774947e-37,2.190612e-01
moderate,0.3,0.789,50,5,2.231165e-02,0.6314,0,9.742164e-02,2.163195e-17,1.841513e-08,1.978691e-01
moderate,0.3,0.789,50,10,2.231165e-02,0.6314,1,9.742164e-02,2.163195e-17,1.627933e-17,1.978691e-01
moderate,0.3,0.789,50,20,2.231165e-02,0.6314,1,9.742164e-02,2.163195e-17,2.122809e-39,1.978691e-01
moderate,0.3,0.992,20,5,1.411404e-02,31.5627,0,1.816749e+05,4.033993e-11,1.816749e+05,9.814612e+04
moderate,0.3,0.992,20,10,1.411404e-02,31.5627,0,1.828443e+05,4.059958e-11,4.570196e+04,3.082466e+04
moderate,0.3,0.992,20,20,1.411404e-02,31.5627,0,1.828443e+05,4.059958e-11,5.725641e-01,9.123334e-01
moderate,0.3,0.992,22,5,1.411404e-02,25.0711,0,3.023117e+04,6.712668e-12,3.013693e+04,1.830036e+04
moderate,0.3,0.992,22,10,1.411404e-02,25.0711,0,3.023117e+04,6.712668e-12,2.570010e+03,1.799495e+03
moderate,0.3,0.992,22,20,1.411404e-02,25.0711,0,3.023117e+04,6.712668e-12,3.219765e-03,4.682526e-01
moderate,0.3,0.992,24,5,1.411404e-02,19.9147,0,6.344452e+03,1.408751e-12,5.359188e+03,3.402693e+03
moderate,0.3,0.992,24,10,1.411404e-02,19.9147,0,6.344452e+03,1.408751e-12,1.445223e+02,1.051698e+02
moderate,0.3,0.992,24,20,1.411404e-02,19.9147,0,6.344452e+03,1.408751e-12,1.810607e-05,4.573721e-01
moderate,0.3,0.992,26,5,1.411404e-02,15.8188,0,1.643473e+03,3.649243e-13,9.530133e+02,6.311494e+02
moderate,0.3,0.992,26,10,1.411404e-02,15.8188,0,1.643473e+03,3.649243e-13,8.127085e+00,6.525886e+00
moderate,0.3,0.992,26,20,1.411404e-02,15.8188,0,1.643473e+03,3.649243e-13,1.018179e-07,4.472294e-01
moderate,0.3,0.992,28,5,1.411404e-02,12.5653,0,4.965395e+02,1.102539e-13,1.694724e+02,1.170203e+02
moderate,0.3,0.992,28,10,1.411404e-02,12.5653,0,4.965395e+02,1.102539e-13,4.570196e-01,7.870785e-01
moderate,0.3,0.992,28,20,1.411404e-02,12.5653,0,4.965395e+02,1.102539e-13,5.725641e-10,4.351063e-01
moderate,0.3,0.992,30,5,1.411404e-02,9.9810,0,1.791716e+02,3.978409e-14,3.013693e+01,2.191131e+01
moderate,0.3,0.992,30,10,1.411404e-02,9.9810,0,1.791716e+02,3.978409e-14,2.570010e-02,4.411441e-01
moderate,0.3,0.992,30,20,1.411404e-02,9.9810,0,1.791716e+02,3.978409e-14,3.219765e-12,4.208135e-01
moderate,0.3,0.992,32,5,1.411404e-02,7.9282,0,7.185317e+01,1.595461e-14,5.359188e+00,4.354875e+00
moderate,0.3,0.992,32,10,1.411404e-02,7.9282,0,7.185317e+01,1.595461e-14,1.445223e-03,4.054239e-01
moderate,0.3,0.992,32,20,1.411404e-02,7.9282,1,7.185317e+01,1.595461e-14,1.810607e-14,4.042523e-01
moderate,0.3,0.992,34,5,1.411404e-02,6.2976,0,3.235672e+01,7.184636e-15,9.530133e-01,1.109765e+00
moderate,0.3,0.992,34,10,1.411404e-02,6.2976,0,3.235672e+01,7.184636e-15,8.127085e-05,3.854939e-01
moderate,0.3,0.992,34,20,1.411404e-02,6.2976,1,3.235672e+01,7.184636e-15,1.018179e-16,3.854266e-01
moderate,0.3,0.992,36,5,1.411404e-02,5.0024,0,1.584764e+01,3.518882e-15,1.694724e-01,4.969326e-01
moderate,0.3,0.992,36,10,1.411404e-02,5.0024,0,1.584764e+01,3.518882e-15,4.570196e-06,3.644655e-01
moderate,0.3,0.992,36,20,1.411404e-02,5.0024,1,1.584764e+01,3.518882e-15,5.725641e-19,3.644617e-01
moderate,0.3,0.992,38,5,1.411404e-02,3.9735,0,8.505317e+00,1.888560e-15,3.013693e-02,3.657783e-01
moderate,0.3,0.992,38,10,1.411404e-02,3.9735,0,8.505317e+00,1.888560e-15,2.570010e-07,3.416097e-01
moderate,0.3,0.992,38,20,1.411404e-02,3.9735,1,8.505317e+00,1.888560e-15,3.219765e-21,3.416094e-01
moderate,0.3,0.992,40,5,1.411404e-02,3.1563,0,4.782891e+00,1.062015e-15,5.359188e-03,3.216375e-01
moderate,0.3,0.992,40,10,1.411404e-02,3.1563,0,4.782891e+00,1.062015e-15,1.445223e-08,3.172380e-01
moderate,0.3,0.992,40,20,1.411404e-02,3.1563,1,4.782891e+00,1.062015e-15,1.810607e-23,3.172380e-01
moderate,0.3,0.992,42,5,1.411404e-02,2.5071,0,2.892186e+00,6.421944e-16,9.530133e-04,2.926062e-01
moderate,0.3,0.992,42,10,1.411404e-02,2.5071,0,2.892186e+00,6.421944e-16,8.127085e-10,2.918071e-01
moderate,0.3,0.992,42,20,1.411404e-02,2.5071,1,2.892186e+00,6.421944e-16,1.018179e-25,2.918071e-01
moderate,0.3,0.992,44,5,1.411404e-02,1.9915,0,1.783308e+00,3.959738e-16,1.694724e-04,2.659776e-01
moderate,0.3,0.992,44,10,1.411404e-02,1.9915,1,1.783308e+00,3.959738e-16,4.570196e-11,2.658327e-01
moderate,0.3,0.992,44,20,1.411404e-02,1.9915,1,1.783308e+00,3.959738e-16,5.725641e-28,2.658327e-01
moderate,0.3,0.992,46,5,1.411404e-02,1.5819,0,1.099579e+00,2.441555e-16,3.013693e-05,2.398734e-01
moderate,0.3,0.992,46,10,1.411404e-02,1.5819,1,1.099579e+00,2.441555e-16,2.570010e-12,2.398472e-01
moderate,0.3,0.992,46,20,1.411404e-02,1.5819,1,1.099579e+00,2.441555e-16,3.219765e-30,2.398472e-01
moderate,0.3,0.992,48,5,1.411404e-02,1.2565,0,7.353365e-01,1.632775e-16,5.359188e-06,2.143649e-01
moderate,0.3,0.992,48,10,1.411404e-02,1.2565,1,7.353365e-01,1.632775e-16,1.445223e-13,2.143602e-01
moderate,0.3,0.992,48,20,1.411404e-02,1.2565,1,7.353365e-01,1.632775e-16,1.810607e-32,2.143602e-01
moderate,0.3,0.992,50,5,1.411404e-02,0.9981,0,5.205784e-01,1.155916e-16,9.530133e-07,1.898268e-01
moderate,0.3,0.992,50,10,1.411404e-02,0.9981,1,5.205784e-01,1.155916e-16,8.127085e-15,1.898259e-01
moderate,0.3,0.992,50,20,1.411404e-02,0.9981,1,5.205784e-01,1.155916e-16,1.018179e-34,1.898259e-01
moderate,0.3,1.266,20,5,8.665683e-03,51.4071,0,1.685060e+07,3.741585e-09,1.685060e+07,6.163693e+06
moderate,0.3,1.266,20,10,8.665683e-03,51.4071,0,3.802097e+07,8.442352e-09,3.498394e+07,2.162690e+07
moderate,0.3,1.266,20,20,8.665683e-03,51.4071,0,3.802097e+07,8.442352e-09,5.609607e+04,4.037501e+04
moderate,0.3,1.266,22,5,8.665683e-03,40.8341,0,2.609849e+06,5.795029e-10,2.609849e+06,1.156037e+06
moderate,0.3,1.266,22,10,8.665683e-03,40.8341,0,3.317317e+06,7.365923e-10,1.967291e+06,1.269724e+06
moderate,0.3,1.266,22,20,8.665683e-03,40.8341,0,3.317317e+06,7.365923e-10,3.154514e+02,2.349498e+02
moderate,0.3,1.266,24,5,8.665683e-03,32.4357,0,4.042177e+05,8.975437e-11,4.042177e+05,2.162028e+05
moderate,0.3,1.266,24,10,8.665683e-03,32.4357,0,4.092096e+05,9.086278e-11,1.106289e+05,7.433469e+04
moderate,0.3,1.266,24,20,8.665683e-03,32.4357,0,4.092096e+05,9.086278e-11,1.773913e+00,1.825113e+00
moderate,0.3,1.266,26,5,8.665683e-03,25.7646,0,6.654801e+04,1.477663e-11,6.654801e+04,4.031795e+04
moderate,0.3,1.266,26,10,8.665683e-03,25.7646,0,6.654801e+04,1.477663e-11,6.221122e+03,4.340079e+03
moderate,0.3,1.266,26,20,8.665683e-03,25.7646,0,6.654801e+04,1.477663e-11,9.975449e-03,4.665031e-01
moderate,0.3,1.266,28,5,8.665683e-03,20.4655,0,1.389701e+04,3.085757e-12,1.183410e+04,7.497075e+03
moderate,0.3,1.266,28,10,8.665683e-03,20.4655,0,1.389701e+04,3.085757e-12,3.498394e+02,2.531021e+02
moderate,0.3,1.266,28,20,8.665683e-03,20.4655,0,1.389701e+04,3.085757e-12,5.609607e-05,4.486740e-01
moderate,0.3,1.266,30,5,8.665683e-03,16.2563,0,3.603827e+03,8.002104e-13,2.104433e+03,1.390334e+03
moderate,0.3,1.266,30,10,8.665683e-03,16.2563,0,3.603827e+03,8.002104e-13,1.967291e+01,1.510699e+01
moderate,0.3,1.266,30,20,8.665683e-03,16.2563,0,3.603827e+03,8.002104e-13,3.154514e-07,4.365115e-01
moderate,0.3,1.266,32,5,8.665683e-03,12.9129,0,1.109615e+03,2.463840e-13,3.742270e+02,2.573781e+02
moderate,0.3,1.266,32,10,8.665683e-03,12.9129,0,1.109615e+03,2.463840e-13,1.106289e+00,1.271737e+00
moderate,0.3,1.266,32,20,8.665683e-03,12.9129,0,1.109615e+03,2.463840e-13,1.773913e-09,4.220664e-01
moderate,0.3,1.266,34,5,8.665683e-03,10.2571,0,4.072114e+02,9.041910e-14,6.654801e+01,4.777671e+01
moderate,0.3,1.266,34,10,8.665683e-03,10.2571,0,4.072114e+02,9.041910e-14,6.221122e-02,4.542177e-01
moderate,0.3,1.266,34,20,8.665683e-03,10.2571,0,4.072114e+02,9.041910e-14,9.975449e-12,4.051279e-01
moderate,0.3,1.266,36,5,8.665683e-03,8.1475,0,1.707405e+02,3.791200e-14,1.183410e+01,9.095119e+00
moderate,0.3,1.266,36,10,8.665683e-03,8.1475,0,1.707405e+02,3.791200e-14,3.498394e-03,3.884650e-01
moderate,0.3,1.266,36,20,8.665683e-03,8.1475,0,1.707405e+02,3.791200e-14,5.609607e-14,3.856355e-01
moderate,0.3,1.266,38,5,8.665683e-03,6.4718,0,8.104928e+01,1.799655e-14,2.104433e+00,1.960731e+00
moderate,0.3,1.266,38,10,8.665683e-03,6.4718,0,8.104928e+01,1.799655e-14,1.967291e-04,3.638297e-01
moderate,0.3,1.266,38,20,8.665683e-03,6.4718,1,8.104928e+01,1.799655e-14,3.154514e-16,3.636670e-01
moderate,0.3,1.266,40,5,8.665683e-03,5.1407,0,4.976130e+01,1.104923e-14,3.742270e-01,6.315709e-01
moderate,0.3,1.266,40,10,8.665683e-03,5.1407,0,4.976130e+01,1.104923e-14,1.106289e-05,3.394654e-01
moderate,0.3,1.266,40,20,8.665683e-03,5.1407,1,4.976130e+01,1.104923e-14,1.773913e-18,3.394561e-01
moderate,0.3,1.266,42,5,8.665683e-03,4.0834,0,3.522830e+01,7.822254e-15,6.654801e-02,3.666932e-01
moderate,0.3,1.266,42,10,8.665683e-03,4.0834,0,3.522830e+01,7.822254e-15,6.221122e-07,3.133924e-01
moderate,0.3,1.266,42,20,8.665683e-03,4.0834,1,3.522830e+01,7.822254e-15,9.975449e-21,3.133918e-01
moderate,0.3,1.266,44,5,8.665683e-03,3.2436,0,2.493973e+01,5.537732e-15,1.183410e-02,2.957000e-01
moderate,0.3,1.266,44,10,8.665683e-03,3.2436,0,2.493973e+01,5.537732e-15,3.498394e-08,2.859965e-01
moderate,0.3,1.266,44,20,8.665683e-03,3.2436,1,2.493973e+01,5.537732e-15,5.609607e-23,2.859965e-01
moderate,0.3,1.266,46,5,8.665683e-03,2.5765,0,1.765598e+01,3.920414e-15,2.104433e-03,2.596483e-01
moderate,0.3,1.266,46,10,8.665683e-03,2.5765,0,1.765598e+01,3.920414e-15,1.967291e-09,2.578855e-01
moderate,0.3,1.266,46,20,8.665683e-03,2.5765,1,1.765598e+01,3.920414e-15,3.154514e-25,2.578855e-01
moderate,0.3,1.266,48,5,8.665683e-03,2.0466,0,1.249947e+01,2.775441e-15,3.742270e-04,2.300354e-01
moderate,0.3,1.266,48,10,8.665683e-03,2.0466,0,1.249947e+01,2.775441e-15,1.106289e-10,2.297159e-01
moderate,0.3,1.266,48,20,8.665683e-03,2.0466,1,1.249947e+01,2.775441e-15,1.773913e-27,2.297159e-01
moderate,0.3,1.266,50,5,8.665683e-03,1.6256,0,8.848949e+00,1.964861e-15,6.654801e-05,2.021888e-01
moderate,0.3,1.266,50,10,8.665683e-03,1.6256,1,8.848949e+00,1.964861e-15,6.221122e-12,2.021310e-01
moderate,0.3,1.266,50,20,8.665683e-03,1.6256,1,8.848949e+00,1.964861e-15,9.975449e-30,2.021310e-01
moderate,0.3,1.548,20,5,5.795979e-03,76.8597,0,7.459991e+08,1.656451e-07,7.459991e+08,1.981586e+08
moderate,0.3,1.548,20,10,5.795979e-03,76.8597,0,9.773339e+09,2.170117e-06,9.773339e+09,4.908477e+09
moderate,0.3,1.548,20,20,5.795979e-03,76.8597,0,1.119912e+10,2.486705e-06,7.423865e+08,5.020222e+08
moderate,0.3,1.548,22,5,5.795979e-03,61.0518,0,1.155416e+08,2.565538e-08,1.155416e+08,3.733361e+07
moderate,0.3,1.548,22,10,5.795979e-03,61.0518,0,4.839824e+08,1.074657e-07,4.839824e+08,2.895988e+08
moderate,0.3,1.548,22,20,5.795979e-03,61.0518,0,4.839824e+08,1.074657e-07,4.174746e+06,2.929103e+06
moderate,0.3,1.548,24,5,5.795979e-03,48.4952,0,1.789527e+07,3.973548e-09,1.789527e+07,7.014385e+06
moderate,0.3,1.548,24,10,5.795979e-03,48.4952,0,3.234633e+07,7.182328e-09,2.721633e+07,1.703730e+07
moderate,0.3,1.548,24,20,5.795979e-03,48.4952,0,3.234633e+07,7.182328e-09,2.347632e+04,1.704447e+04
moderate,0.3,1.548,26,5,5.795979e-03,38.5211,0,2.771649e+06,6.154298e-10,2.771649e+06,1.314175e+06
moderate,0.3,1.548,26,10,5.795979e-03,38.5211,0,3.166421e+06,7.030868e-10,1.530487e+06,9.994521e+05
moderate,0.3,1.548,26,20,5.795979e-03,38.5211,0,3.166421e+06,7.030868e-10,1.320171e+02,9.938442e+01
moderate,0.3,1.548,28,5,5.795979e-03,30.5984,0,4.292777e+05,9.531879e-11,4.292777e+05,2.455108e+05
moderate,0.3,1.548,28,10,5.795979e-03,30.5984,0,4.292777e+05,9.531879e-11,8.606560e+04,5.846493e+04
moderate,0.3,1.548,28,20,5.795979e-03,30.5984,0,4.292777e+05,9.531879e-11,7.423865e-01,1.032535e+00
moderate,0.3,1.548,30,5,5.795979e-03,24.3052,0,7.679301e+04,1.705147e-11,7.424101e+04,4.573345e+04
moderate,0.3,1.548,30,10,5.795979e-03,24.3052,0,7.679301e+04,1.705147e-11,4.839824e+03,3.410908e+03
moderate,0.3,1.548,30,20,5.795979e-03,24.3052,0,7.679301e+04,1.705147e-11,4.174746e-03,4.533937e-01
moderate,0.3,1.548,32,5,5.795979e-03,19.3063,0,1.764582e+04,3.918159e-12,1.320213e+04,8.494810e+03
moderate,0.3,1.548,32,10,5.795979e-03,19.3063,0,1.764582e+04,3.918159e-12,2.721633e+02,1.988435e+02
moderate,0.3,1.548,32,20,5.795979e-03,19.3063,0,1.764582e+04,3.918159e-12,2.347632e-05,4.381668e-01
moderate,0.3,1.548,34,5,5.795979e-03,15.3355,0,8.860116e+03,1.967341e-12,2.347707e+03,1.573622e+03
moderate,0.3,1.548,34,10,5.795979e-03,15.3355,0,8.860116e+03,1.967341e-12,1.530487e+01,1.193583e+01
moderate,0.3,1.548,34,20,5.795979e-03,15.3355,0,8.860116e+03,1.967341e-12,1.320171e-07,4.238254e-01
moderate,0.3,1.548,36,5,5.795979e-03,12.1814,0,4.982409e+03,1.106317e-12,4.174879e+02,2.909456e+02
moderate,0.3,1.548,36,10,5.795979e-03,12.1814,0,4.982409e+03,1.106317e-12,8.606560e-01,1.073179e+00
moderate,0.3,1.548,36,20,5.795979e-03,12.1814,0,4.982409e+03,1.106317e-12,7.423865e-10,4.069110e-01
moderate,0.3,1.548,38,5,5.795979e-03,9.6761,0,2.801815e+03,6.221278e-13,7.424101e+01,5.389547e+01
moderate,0.3,1.548,38,10,5.795979e-03,9.6761,0,2.801815e+03,6.221278e-13,4.839824e-02,4.257680e-01
moderate,0.3,1.548,38,20,5.795979e-03,9.6761,0,2.801815e+03,6.221278e-13,4.174746e-12,3.873003e-01
moderate,0.3,1.548,40,5,5.795979e-03,7.6860,0,1.575576e+03,3.498482e-13,1.320213e+01,1.019307e+01
moderate,0.3,1.548,40,10,5.795979e-03,7.6860,0,1.575576e+03,3.498482e-13,2.721633e-03,3.672475e-01
moderate,0.3,1.548,40,20,5.795979e-03,7.6860,1,1.575576e+03,3.498482e-13,2.347632e-14,3.650316e-01
moderate,0.3,1.548,42,5,5.795979e-03,6.1052,0,8.860116e+02,1.967341e-13,2.347707e+00,2.140787e+00
moderate,0.3,1.548,42,10,5.795979e-03,6.1052,0,8.860116e+02,1.967341e-13,1.530487e-04,3.404421e-01
moderate,0.3,1.548,42,20,5.795979e-03,6.1052,1,8.860116e+02,1.967341e-13,1.320171e-16,3.403147e-01
moderate,0.3,1.548,44,5,5.795979e-03,4.8495,0,4.982409e+02,1.106317e-13,4.174879e-01,6.425611e-01
moderate,0.3,1.548,44,10,5.795979e-03,4.8495,0,4.982409e+02,1.106317e-13,8.606560e-06,3.135447e-01
moderate,0.3,1.548,44,20,5.795979e-03,4.8495,1,4.982409e+02,1.106317e-13,7.423865e-19,3.135374e-01
moderate,0.3,1.548,46,5,5.795979e-03,3.8521,0,2.801815e+02,6.221278e-14,7.424101e-02,3.452332e-01
moderate,0.3,1.548,46,10,5.795979e-03,3.8521,0,2.801815e+02,6.221278e-14,4.839824e-07,2.852487e-01
moderate,0.3,1.548,46,20,5.795979e-03,3.8521,1,2.801815e+02,6.221278e-14,4.174746e-21,2.852483e-01
moderate,0.3,1.548,48,5,5.795979e-03,3.0598,0,1.575576e+02,3.498482e-14,1.320213e-02,2.670270e-01
moderate,0.3,1.548,48,10,5.795979e-03,3.0598,0,1.575576e+02,3.498482e-14,2.721633e-08,2.561154e-01
moderate,0.3,1.548,48,20,5.795979e-03,3.0598,1,1.575576e+02,3.498482e-14,2.347632e-23,2.561154e-01
moderate,0.3,1.548,50,5,5.795979e-03,2.4305,0,8.860116e+01,1.967341e-14,2.347707e-03,2.288482e-01
moderate,0.3,1.548,50,10,5.795979e-03,2.4305,0,8.860116e+01,1.967341e-14,1.530487e-09,2.268675e-01
moderate,0.3,1.548,50,20,5.795979e-03,2.4305,1,8.860116e+01,1.967341e-14,1.320171e-25,2.268675e-01
moderate,0.3,1.967,20,5,3.589709e-03,124.0984,0,7.868188e+10,1.747089e-05,7.868188e+10,1.470165e+10
moderate,0.3,1.967,20,10,3.589709e-03,124.0984,0,9.729352e+12,2.160350e-03,9.729352e+12,3.331991e+12
moderate,0.3,1.967,20,20,3.589709e-03,124.0984,0,7.727450e+13,1.715839e-02,6.212388e+13,3.859064e+13
moderate,0.3,1.967,22,5,3.589709e-03,98.5749,0,1.218638e+10,2.705920e-06,1.218638e+10,2.782101e+09
moderate,0.3,1.967,22,10,3.589709e-03,98.5749,0,4.765231e+11,1.058094e-04,4.765231e+11,1.977068e+11
moderate,0.3,1.967,22,20,3.589709e-03,98.5749,0,1.067415e+12,2.370138e-04,3.493483e+11,2.264636e+11
moderate,0.3,1.967,24,5,3.589709e-03,78.3008,0,1.887447e+09,4.190974e-07,1.887447e+09,5.251152e+08
moderate,0.3,1.967,24,10,3.589709e-03,78.3008,0,2.333909e+10,5.182319e-06,2.333909e+10,1.169811e+10
moderate,0.3,1.967,24,20,3.589709e-03,78.3008,0,2.695118e+10,5.984365e-06,1.964530e+09,1.325227e+09
moderate,0.3,1.967,26,5,3.589709e-03,62.1966,0,2.923309e+08,6.491050e-08,2.923309e+08,9.884844e+07
moderate,0.3,1.967,26,10,3.589709e-03,62.1966,0,1.153890e+09,2.562151e-07,1.153890e+09,6.901937e+08
moderate,0.3,1.967,26,20,3.589709e-03,62.1966,0,1.153890e+09,2.562151e-07,1.104736e+07,7.733529e+06
moderate,0.3,1.967,28,5,3.589709e-03,49.4045,0,4.527670e+07,1.005345e-08,4.527670e+07,1.855601e+07
moderate,0.3,1.967,28,10,3.589709e-03,49.4045,0,7.725958e+07,1.715507e-08,6.488801e+07,4.060510e+07
moderate,0.3,1.967,28,20,3.589709e-03,49.4045,0,7.725958e+07,1.715507e-08,6.212388e+04,4.500829e+04
moderate,0.3,1.967,30,5,3.589709e-03,39.2434,0,7.012530e+06,1.557094e-09,7.012530e+06,3.473544e+06
moderate,0.3,1.967,30,10,3.589709e-03,39.2434,0,7.729080e+06,1.716201e-09,3.648921e+06,2.382033e+06
moderate,0.3,1.967,30,20,3.589709e-03,39.2434,0,7.729080e+06,1.716201e-09,3.493483e+02,2.617147e+02
moderate,0.3,1.967,32,5,3.589709e-03,31.1721,0,1.089147e+06,2.418392e-10,1.089147e+06,6.483617e+05
moderate,0.3,1.967,32,10,3.589709e-03,31.1721,0,1.089147e+06,2.418392e-10,2.051939e+05,1.393433e+05
moderate,0.3,1.967,32,20,3.589709e-03,31.1721,0,1.089147e+06,2.418392e-10,1.964530e+00,1.968367e+00
moderate,0.3,1.967,34,5,3.589709e-03,24.7609,0,3.942995e+05,8.755207e-11,1.936808e+05,1.206733e+05
moderate,0.3,1.967,34,10,3.589709e-03,24.7609,0,3.942995e+05,8.755207e-11,1.153890e+04,8.128980e+03
moderate,0.3,1.967,34,20,3.589709e-03,24.7609,0,3.942995e+05,8.755207e-11,1.104736e-02,4.537065e-01
moderate,0.3,1.967,36,5,3.589709e-03,19.6683,0,1.534003e+05,3.406171e-11,3.444186e+04,2.239547e+04
moderate,0.3,1.967,36,10,3.589709e-03,19.6683,0,1.534003e+05,3.406171e-11,6.488801e+02,4.733221e+02
moderate,0.3,1.967,36,20,3.589709e-03,19.6683,0,1.534003e+05,3.406171e-11,6.212388e-05,4.319410e-01
moderate,0.3,1.967,38,5,3.589709e-03,15.6231,0,5.967964e+04,1.325154e-11,6.124724e+03,4.144749e+03
moderate,0.3,1.967,38,10,3.589709e-03,15.6231,0,5.967964e+04,1.325154e-11,3.648921e+01,2.785508e+01
moderate,0.3,1.967,38,20,3.589709e-03,15.6231,0,5.967964e+04,1.325154e-11,3.493483e-07,4.162584e-01
moderate,0.3,1.967,40,5,3.589709e-03,12.4098,0,2.321807e+04,5.155448e-12,1.089147e+03,7.651814e+02
moderate,0.3,1.967,40,10,3.589709e-03,12.4098,0,2.321807e+04,5.155448e-12,2.051939e+00,1.985960e+00
moderate,0.3,1.967,40,20,3.589709e-03,12.4098,0,2.321807e+04,5.155448e-12,1.964530e-09,3.978845e-01
moderate,0.3,1.967,42,5,3.589709e-03,9.8575,0,9.032879e+03,2.005702e-12,1.936808e+02,1.411214e+02
moderate,0.3,1.967,42,10,3.589709e-03,9.8575,0,9.032879e+03,2.005702e-12,1.153890e-01,4.683991e-01
moderate,0.3,1.967,42,20,3.589709e-03,9.8575,0,9.032879e+03,2.005702e-12,1.104736e-11,3.767082e-01
moderate,0.3,1.967,44,5,3.589709e-03,7.8301,0,3.514198e+03,7.803087e-13,3.444186e+01,2.618566e+01
moderate,0.3,1.967,44,10,3.589709e-03,7.8301,0,3.514198e+03,7.803087e-13,6.488801e-03,3.581168e-01
moderate,0.3,1.967,44,20,3.589709e-03,7.8301,1,3.514198e+03,7.803087e-13,6.212388e-14,3.528349e-01
moderate,0.3,1.967,46,5,3.589709e-03,6.2197,0,1.367182e+03,3.035753e-13,6.124724e+00,5.055911e+00
moderate,0.3,1.967,46,10,3.589709e-03,6.2197,0,1.367182e+03,3.035753e-13,3.648921e-04,3.268659e-01
moderate,0.3,1.967,46,20,3.589709e-03,6.2197,1,1.367182e+03,3.035753e-13,3.493483e-16,3.265623e-01
moderate,0.3,1.967,48,5,3.589709e-03,4.9404,0,5.318954e+02,1.181045e-13,1.089147e+00,1.162091e+00
moderate,0.3,1.967,48,10,3.589709e-03,4.9404,0,5.318954e+02,1.181045e-13,2.051939e-05,2.983961e-01
moderate,0.3,1.967,48,20,3.589709e-03,4.9404,1,5.318954e+02,1.181045e-13,1.964530e-18,2.983786e-01
moderate,0.3,1.967,50,5,3.589709e-03,3.9243,0,2.069313e+02,4.594798e-14,1.936808e-01,4.263059e-01
moderate,0.3,1.967,50,10,3.589709e-03,3.9243,0,2.069313e+02,4.594798e-14,1.153890e-06,2.689344e-01
moderate,0.3,1.967,50,20,3.589709e-03,3.9243,1,2.069313e+02,4.594798e-14,1.104736e-20,2.689334e-01
moderate,0.3,2.511,20,5,2.202796e-03,202.2327,0,1.578507e+13,3.504990e-03,1.578507e+13,2.900942e+12
moderate,0.3,2.511,20,10,2.202796e-03,202.2327,0,1.292840e+16,2.870682e+00,1.292840e+16,3.032028e+15
moderate,0.3,2.511,20,20,2.202796e-03,202.2327,0,8.177078e+18,1.815676e+03,8.177078e+18,3.879139e+18
moderate,0.3,2.511,22,5,2.202796e-03,160.6391,0,2.444818e+12,5.428587e-04,2.444818e+12,5.473324e+11
moderate,0.3,2.511,22,10,2.202796e-03,160.6391,0,6.332058e+14,1.405999e-01,6.332058e+14,1.808458e+14
moderate,0.3,2.511,22,20,2.202796e-03,160.6391,0,4.004959e+16,8.892796e+00,4.004959e+16,2.289966e+16
moderate,0.3,2.511,24,5,2.202796e-03,127.6002,0,3.786575e+11,8.407886e-05,3.786575e+11,1.030166e+11
moderate,0.3,2.511,24,10,2.202796e-03,127.6002,0,3.101308e+13,6.886287e-03,3.101308e+13,1.075759e+13
moderate,0.3,2.511,24,20,2.202796e-03,127.6002,0,2.592115e+14,5.755652e-02,2.178272e+14,1.347988e+14
moderate,0.3,2.511,26,5,2.202796e-03,101.3564,0,5.864711e+10,1.302227e-05,5.864711e+10,1.934086e+10
moderate,0.3,2.511,26,10,2.202796e-03,101.3564,0,1.518955e+12,3.372757e-04,1.518955e+12,6.381481e+11
moderate,0.3,2.511,26,20,2.202796e-03,101.3564,0,3.436430e+12,7.630407e-04,1.224932e+12,7.912381e+11
moderate,0.3,2.511,28,5,2.202796e-03,80.5103,0,1.009996e+10,2.242642e-06,9.083362e+09,3.621846e+09
moderate,0.3,2.511,28,10,2.202796e-03,80.5103,0,7.439520e+10,1.651905e-05,7.439520e+10,3.774894e+10
moderate,0.3,2.511,28,20,2.202796e-03,80.5103,0,8.529487e+10,1.893927e-05,6.888300e+09,4.631300e+09
moderate,0.3,2.511,30,5,2.202796e-03,63.9516,0,2.261100e+09,5.020650e-07,1.406846e+09,6.764718e+08
moderate,0.3,2.511,30,10,2.202796e-03,63.9516,0,3.709671e+09,8.237124e-07,3.709671e+09,2.226641e+09
moderate,0.3,2.511,30,20,2.202796e-03,63.9516,0,3.709671e+09,8.237124e-07,3.873576e+07,2.703286e+07
moderate,0.3,2.511,32,5,2.202796e-03,50.7985,0,5.061972e+08,1.123983e-07,2.178947e+08,1.260147e+08
moderate,0.3,2.511,32,10,2.202796e-03,50.7985,0,5.061972e+08,1.123983e-07,2.086101e+08,1.309640e+08
moderate,0.3,2.511,32,20,2.202796e-03,50.7985,0,5.061972e+08,1.123983e-07,2.178272e+05,1.573631e+05
moderate,0.3,2.511,34,5,2.202796e-03,40.3507,0,1.133234e+08,2.516286e-08,3.736804e+07,2.341199e+07
moderate,0.3,2.511,34,10,2.202796e-03,40.3507,0,1.133234e+08,2.516286e-08,1.173101e+07,7.680937e+06
moderate,0.3,2.511,34,20,2.202796e-03,40.3507,0,1.133234e+08,2.516286e-08,1.224932e+03,9.140844e+02
moderate,0.3,2.511,36,5,2.202796e-03,32.0517,0,2.536996e+07,5.633262e-09,6.645082e+06,4.338120e+06
moderate,0.3,2.511,36,10,2.202796e-03,32.0517,0,2.536996e+07,5.633262e-09,6.596831e+05,4.492105e+05
moderate,0.3,2.511,36,20,2.202796e-03,32.0517,0,2.536996e+07,5.633262e-09,6.888300e+00,5.744197e+00
moderate,0.3,2.511,38,5,2.202796e-03,25.4596,0,5.679626e+06,1.261130e-09,1.181681e+06,8.017146e+05
moderate,0.3,2.511,38,10,2.202796e-03,25.4596,0,5.679626e+06,1.261130e-09,3.709671e+04,2.619913e+04
moderate,0.3,2.511,38,20,2.202796e-03,25.4596,0,5.679626e+06,1.261130e-09,3.873576e-02,4.725296e-01
moderate,0.3,2.511,40,5,2.202796e-03,20.2233,0,1.271510e+06,2.823319e-10,2.101360e+05,1.477779e+05
moderate,0.3,2.511,40,10,2.202796e-03,20.2233,0,1.271510e+06,2.823319e-10,2.086101e+03,1.524251e+03
moderate,0.3,2.511,40,20,2.202796e-03,20.2233,0,1.271510e+06,2.823319e-10,2.178272e-04,4.284015e-01
moderate,0.3,2.511,42,5,2.202796e-03,16.0639,0,2.846556e+05,6.320624e-11,3.736804e+04,2.717047e+04
moderate,0.3,2.511,42,10,2.202796e-03,16.0639,0,2.846556e+05,6.320624e-11,1.173101e+02,8.881166e+01
moderate,0.3,2.511,42,20,2.202796e-03,16.0639,0,2.846556e+05,6.320624e-11,1.224932e-06,4.118439e-01
moderate,0.3,2.511,44,5,2.202796e-03,12.7600,0,6.704233e+04,1.488639e-11,6.645082e+03,4.983455e+03
moderate,0.3,2.511,44,10,2.202796e-03,12.7600,0,6.704233e+04,1.488639e-11,6.596831e+00,5.507979e+00
moderate,0.3,2.511,44,20,2.202796e-03,12.7600,0,6.704233e+04,1.488639e-11,6.888300e-09,3.926456e-01
moderate,0.3,2.511,46,5,2.202796e-03,10.1356,0,1.645694e+04,3.654175e-12,1.181681e+03,9.120900e+02
moderate,0.3,2.511,46,10,2.202796e-03,10.1356,0,1.645694e+04,3.654175e-12,3.709671e-01,6.658947e-01
moderate,0.3,2.511,46,20,2.202796e-03,10.1356,0,1.645694e+04,3.654175e-12,3.873576e-11,3.706030e-01
moderate,0.3,2.511,48,5,2.202796e-03,8.0510,0,4.039700e+03,8.969936e-13,2.101360e+02,1.667738e+02
moderate,0.3,2.511,48,10,2.202796e-03,8.0510,0,4.039700e+03,8.969936e-13,2.086101e-02,3.628731e-01
moderate,0.3,2.511,48,20,2.202796e-03,8.0510,0,4.039700e+03,8.969936e-13,2.178272e-13,3.458658e-01
moderate,0.3,2.511,50,5,2.202796e-03,6.3952,0,9.916287e+02,2.201858e-13,3.736804e+01,3.063233e+01
moderate,0.3,2.511,50,10,2.202796e-03,6.3952,0,9.916287e+02,2.201858e-13,1.173101e-03,3.197647e-01
moderate,0.3,2.511,50,20,2.202796e-03,6.3952,1,9.916287e+02,2.201858e-13,1.224932e-15,3.187873e-01
moderate,0.3,3.104,20,5,1.441532e-03,309.0305,0,8.749662e+14,1.942815e-01,8.749662e+14,-3.463424e+17
moderate,0.3,3.104,20,10,1.441532e-03,309.0305,0,1.001190e+19,2.223089e+03,1.001190e+19,1.886257e+18
moderate,0.3,3.104,20,20,1.441532e-03,309.0305,0,2.796276e+23,6.208979e+07,2.796276e+23,9.458848e+22
moderate,0.3,3.104,22,5,1.441532e-03,245.4717,0,1.355162e+14,3.009064e-02,1.355162e+14,-3.767540e+16
moderate,0.3,3.104,22,10,1.441532e-03,245.4717,0,4.903618e+17,1.088822e+02,4.903618e+17,1.127644e+17
moderate,0.3,3.104,22,20,1.441532e-03,245.4717,0,1.369557e+21,3.041027e+05,1.369557e+21,5.611707e+20
moderate,0.3,3.104,24,5,1.441532e-03,194.9851,0,2.098898e+13,4.660489e-03,2.098898e+13,-4.098600e+15
moderate,0.3,3.104,24,10,1.441532e-03,194.9851,0,2.401688e+16,5.332819e+00,2.401688e+16,6.723948e+15
moderate,0.3,3.104,24,20,1.441532e-03,194.9851,0,6.707798e+18,1.489430e+03,6.707798e+18,3.319981e+18
moderate,0.3,3.104,26,5,1.441532e-03,154.8822,0,3.250808e+12,7.218243e-04,3.250808e+12,-4.459211e+14
moderate,0.3,3.104,26,10,1.441532e-03,154.8822,0,1.176296e+15,2.611902e-01,1.176296e+15,3.998723e+14
moderate,0.3,3.104,26,20,1.441532e-03,154.8822,0,3.285338e+16,7.294915e+00,3.285338e+16,1.958598e+16
moderate,0.3,3.104,28,5,1.441532e-03,123.0273,0,5.034905e+11,1.117973e-04,5.034905e+11,-4.852423e+13
moderate,0.3,3.104,28,10,1.441532e-03,123.0273,0,5.761249e+13,1.279254e-02,5.761249e+13,2.371553e+13
moderate,0.3,3.104,28,20,1.441532e-03,123.0273,0,2.545845e+14,5.652911e-02,1.843321e+14,1.152174e+14
moderate,0.3,3.104,30,5,1.441532e-03,97.7240,0,7.798144e+10,1.731536e-05,7.798144e+10,-5.281962e+12
moderate,0.3,3.104,30,10,1.441532e-03,97.7240,0,4.650378e+12,1.032591e-03,2.821738e+12,1.402608e+12
moderate,0.3,3.104,30,20,1.441532e-03,97.7240,0,4.650378e+12,1.032591e-03,1.036576e+12,6.758601e+11
moderate,0.3,3.104,32,5,1.441532e-03,77.6250,0,1.207790e+10,2.681832e-06,1.207790e+10,-5.752647e+11
moderate,0.3,3.104,32,10,1.441532e-03,77.6250,0,5.217810e+11,1.158587e-04,1.382027e+11,8.272140e+10
moderate,0.3,3.104,32,20,1.441532e-03,77.6250,0,5.217810e+11,1.158587e-04,5.829093e+09,3.953431e+09
moderate,0.3,3.104,34,5,1.441532e-03,61.6597,0,1.870645e+09,4.153665e-07,1.870645e+09,-6.271158e+10
moderate,0.3,3.104,34,10,1.441532e-03,61.6597,0,5.854479e+10,1.299956e-05,7.766797e+09,4.864878e+09
moderate,0.3,3.104,34,20,1.441532e-03,61.6597,0,5.854479e+10,1.299956e-05,3.277940e+07,2.306167e+07
moderate,0.3,3.104,36,5,1.441532e-03,48.9780,0,2.897285e+08,6.433266e-08,2.897285e+08,-6.847443e+09
moderate,0.3,3.104,36,10,1.441532e-03,48.9780,0,6.568834e+09,1.458574e-06,4.367591e+08,2.853002e+08
moderate,0.3,3.104,36,20,1.441532e-03,48.9780,0,6.568834e+09,1.458574e-06,1.843321e+05,1.341643e+05
moderate,0.3,3.104,38,5,1.441532e-03,38.9046,0,4.487364e+07,9.963949e-09,4.487364e+07,-7.497326e+08
moderate,0.3,3.104,38,10,1.441532e-03,38.9046,0,7.370353e+08,1.636547e-07,2.456077e+07,1.668478e+07
moderate,0.3,3.104,38,20,1.441532e-03,38.9046,0,7.370353e+08,1.636547e-07,1.036576e+03,7.789335e+02
moderate,0.3,3.104,40,5,1.441532e-03,30.9031,0,6.950103e+06,1.543233e-09,6.950103e+06,-8.247303e+07
moderate,0.3,3.104,40,10,1.441532e-03,30.9031,0,8.269672e+07,1.836236e-08,1.381153e+06,9.730782e+05
moderate,0.3,3.104,40,20,1.441532e-03,30.9031,0,8.269672e+07,1.836236e-08,5.829093e+00,4.955033e+00
moderate,0.3,3.104,42,5,1.441532e-03,24.5472,0,1.076444e+06,2.390185e-10,1.076444e+06,-9.143383e+06
moderate,0.3,3.104,42,10,1.441532e-03,24.5472,0,9.278724e+06,2.060291e-09,7.766797e+04,5.659988e+04
moderate,0.3,3.104,42,20,1.441532e-03,24.5472,0,9.278724e+06,2.060291e-09,3.277940e-02,4.631483e-01
moderate,0.3,3.104,44,5,1.441532e-03,19.4985,0,1.667214e+05,3.701958e-11,1.667214e+05,-1.026734e+06
moderate,0.3,3.104,44,10,1.441532e-03,19.4985,0,1.041090e+06,2.311684e-10,4.367591e+03,3.284019e+03
moderate,0.3,3.104,44,20,1.441532e-03,19.4985,0,1.041090e+06,2.311684e-10,1.843321e-04,4.225601e-01
moderate,0.3,3.104,46,5,1.441532e-03,15.4882,0,2.582208e+04,5.733654e-12,2.582208e+04,-1.176648e+05
moderate,0.3,3.104,46,10,1.441532e-03,15.4882,0,1.168122e+05,2.593752e-11,2.456077e+02,1.904264e+02
moderate,0.3,3.104,46,20,1.441532e-03,15.4882,0,1.168122e+05,2.593752e-11,1.036576e-06,4.049520e-01
moderate,0.3,3.104,48,5,1.441532e-03,12.3027,0,4.775274e+03,1.060324e-12,4.322546e+03,-1.390797e+04
moderate,0.3,3.104,48,10,1.441532e-03,12.3027,0,1.310655e+04,2.910238e-12,1.381153e+01,1.135491e+01
moderate,0.3,3.104,48,20,1.441532e-03,12.3027,0,1.310655e+04,2.910238e-12,5.829093e-09,3.846278e-01
moderate,0.3,3.104,50,5,1.441532e-03,9.7724,0,1.242865e+03,2.759715e-13,7.686694e+02,-1.717622e+03
moderate,0.3,3.104,50,10,1.441532e-03,9.7724,0,1.470579e+03,3.265341e-13,7.766797e-01,9.933700e-01
moderate,0.3,3.104,50,20,1.441532e-03,9.7724,0,1.470579e+03,3.265341e-13,3.277940e-11,3.614717e-01
moderate,0.3,3.912,20,5,9.075485e-04,490.8578,0,1.256532e+16,2.790061e+00,1.256532e+16,1.654172e+25
moderate,0.3,3.912,20,10,9.075485e-04,490.8578,0,1.072846e+22,2.382197e+06,1.072846e+22,1.654102e+25
moderate,0.3,3.912,20,20,9.075485e-04,490.8578,0,3.364380e+28,7.470425e+12,3.364380e+28,8.076626e+27
moderate,0.3,3.912,22,5,9.075485e-04,389.9022,0,1.946137e+15,4.321293e-01,1.946137e+15,4.877602e+23
moderate,0.3,3.912,22,10,9.075485e-04,389.9022,0,5.254574e+20,1.166750e+05,5.254574e+20,4.877176e+23
moderate,0.3,3.912,22,20,9.075485e-04,389.9022,0,1.647802e+26,3.658856e+10,1.647802e+26,4.814213e+25
moderate,0.3,3.912,24,5,9.075485e-04,309.7103,0,3.014210e+14,6.692891e-02,3.014210e+14,1.438242e+22
moderate,0.3,3.912,24,10,9.075485e-04,309.7103,0,2.573579e+19,5.714494e+03,2.573579e+19,1.437985e+22
moderate,0.3,3.912,24,20,9.075485e-04,309.7103,0,8.070586e+23,1.792030e+08,8.070586e+23,2.861882e+23
moderate,0.3,3.912,26,5,9.075485e-04,246.0117,0,4.668459e+13,1.036606e-02,4.668459e+13,4.240895e+20
moderate,0.3,3.912,26,10,9.075485e-04,246.0117,0,1.260485e+18,2.798838e+02,1.260485e+18,4.239347e+20
moderate,0.3,3.912,26,20,9.075485e-04,246.0117,0,3.952802e+21,8.776984e+05,3.952802e+21,1.696603e+21
moderate,0.3,3.912,28,5,9.075485e-04,195.4140,0,7.230586e+12,1.605513e-03,7.230586e+12,1.250498e+19
moderate,0.3,3.912,28,10,9.075485e-04,195.4140,0,6.173586e+16,1.370812e+01,6.173586e+16,1.249568e+19
moderate,0.3,3.912,28,20,9.075485e-04,195.4140,0,1.935999e+19,4.298781e+03,1.935999e+19,1.002975e+19
moderate,0.3,3.912,30,5,9.075485e-04,155.2229,0,1.119885e+12,2.486645e-04,1.119885e+12,3.687301e+17
moderate,0.3,3.912,30,10,9.075485e-04,155.2229,0,3.023692e+15,6.713945e-01,3.023692e+15,3.681727e+17
moderate,0.3,3.912,30,20,9.075485e-04,155.2229,0,2.495576e+17,5.541293e+01,9.779951e+16,5.912464e+16
moderate,0.3,3.912,32,5,9.075485e-04,123.2979,0,1.734497e+11,3.851357e-05,1.734497e+11,1.087260e+16
moderate,0.3,3.912,32,10,9.075485e-04,123.2979,0,1.480940e+14,3.288348e-02,1.480940e+14,1.083929e+16
moderate,0.3,3.912,32,20,9.075485e-04,123.2979,0,7.033490e+15,1.561748e+00,5.499670e+14,3.475458e+14
moderate,0.3,3.912,34,5,9.075485e-04,97.9390,0,2.686418e+10,5.965045e-06,2.686418e+10,3.205930e+14
moderate,0.3,3.912,34,10,9.075485e-04,97.9390,0,7.253331e+12,1.610563e-03,7.253331e+12,3.186093e+14
moderate,0.3,3.912,34,20,9.075485e-04,97.9390,0,1.982307e+14,4.401605e-02,3.092692e+12,2.037165e+12
moderate,0.3,3.912,36,5,9.075485e-04,77.7957,0,4.160768e+09,9.238761e-07,4.160768e+09,9.452517e+12
moderate,0.3,3.912,36,10,9.075485e-04,77.7957,0,3.552528e+11,7.888197e-05,3.552528e+11,9.335094e+12
moderate,0.3,3.912,36,20,9.075485e-04,77.7957,0,5.586899e+12,1.240541e-03,1.739148e+10,1.190764e+10
moderate,0.3,3.912,38,5,9.075485e-04,61.7953,0,6.444267e+08,1.430915e-07,6.444267e+08,2.785908e+11
moderate,0.3,3.912,38,10,9.075485e-04,61.7953,0,1.739953e+10,3.863472e-06,1.739953e+10,2.717332e+11
moderate,0.3,3.912,38,20,9.075485e-04,61.7953,0,1.644276e+11,3.651026e-05,9.779951e+07,6.941173e+07
moderate,0.3,3.912,40,5,9.075485e-04,49.0858,0,9.980987e+07,2.216224e-08,9.980987e+07,8.189759e+09
moderate,0.3,3.912,40,10,9.075485e-04,49.0858,0,8.521921e+08,1.892247e-07,8.521921e+08,7.804419e+09
moderate,0.3,3.912,40,20,9.075485e-04,49.0858,0,5.081298e+09,1.128275e-06,5.499670e+05,4.035332e+05
moderate,0.3,3.912,42,5,9.075485e-04,38.9902,0,1.545872e+07,3.432525e-09,1.545872e+07,2.367961e+08
moderate,0.3,3.912,42,10,9.075485e-04,38.9902,0,4.173857e+07,9.267823e-09,4.173857e+07,2.178868e+08
moderate,0.3,3.912,42,20,9.075485e-04,38.9902,0,1.570271e+08,3.486703e-08,3.092692e+03,2.340378e+03
moderate,0.3,3.912,44,5,9.075485e-04,30.9710,0,2.394272e+06,5.316352e-10,2.394272e+06,6.102416e+06
moderate,0.3,3.912,44,10,9.075485e-04,30.9710,0,3.169584e+06,7.037890e-10,2.304301e+06,5.706893e+06
moderate,0.3,3.912,44,20,9.075485e-04,30.9710,0,4.852602e+06,1.077494e-09,1.739148e+01,1.398226e+01
moderate,0.3,3.912,46,5,9.075485e-04,24.6012,0,3.708288e+05,8.234054e-11,3.708288e+05,1.541746e+04
moderate,0.3,3.912,46,10,9.075485e-04,24.6012,0,3.777755e+05,8.388302e-11,1.295804e+05,1.262933e+05
moderate,0.3,3.912,46,20,9.075485e-04,24.6012,0,3.777755e+05,8.388302e-11,9.779951e-02,5.132383e-01
moderate,0.3,3.912,48,5,9.075485e-04,19.5414,0,6.038216e+04,1.340753e-11,6.038216e+04,-3.021769e+04
moderate,0.3,3.912,48,10,9.075485e-04,19.5414,0,6.038216e+04,1.340753e-11,7.286840e+03,1.275732e+03
moderate,0.3,3.912,48,20,9.075485e-04,19.5414,0,6.038216e+04,1.340753e-11,5.499670e-04,4.204631e-01
moderate,0.3,3.912,50,5,9.075485e-04,15.5223,0,1.223771e+04,2.717318e-12,1.073764e+04,-6.592445e+03
moderate,0.3,3.912,50,10,9.075485e-04,15.5223,0,1.223771e+04,2.717318e-12,4.097691e+02,-1.044179e+02
moderate,0.3,3.912,50,20,9.075485e-04,15.5223,0,1.223771e+04,2.717318e-12,3.092692e-06,4.021206e-01
moderate,0.3,4.888,20,5,5.813064e-04,766.3381,0,3.302240e+17,7.332445e+01,3.302240e+17,-2.293437e+35
moderate,0.3,4.888,20,10,5.813064e-04,766.3381,0,1.170651e+24,2.599367e+08,1.170651e+24,-2.293437e+35
moderate,0.3,4.888,20,20,5.813064e-04,766.3381,0,1.521484e+34,3.378374e+18,1.521484e+34,-2.303687e+35
moderate,0.3,4.888,22,5,5.813064e-04,608.7240,0,5.114564e+16,1.135661e+01,5.114564e+16,-9.359066e+32
moderate,0.3,4.888,22,10,5.813064e-04,608.7240,0,5.733600e+22,1.273115e+07,5.733600e+22,-9.359066e+32
moderate,0.3,4.888,22,20,5.813064e-04,608.7240,0,7.451908e+31,1.654656e+16,7.451908e+31,-9.420884e+32
moderate,0.3,4.888,24,5,5.813064e-04,483.5267,0,7.921522e+15,1.758931e+00,7.921522e+15,-3.819250e+30
moderate,0.3,4.888,24,10,5.813064e-04,483.5267,0,2.808196e+21,6.235447e+05,2.808196e+21,-3.819250e+30
moderate,0.3,4.888,24,20,5.813064e-04,483.5267,0,3.649787e+29,8.104155e+13,3.649787e+29,-3.856455e+30
moderate,0.3,4.888,26,5,5.813064e-04,384.0789,0,1.226898e+15,2.724262e-01,1.226898e+15,-1.558561e+28
moderate,0.3,4.888,26,10,5.813064e-04,384.0789,0,1.375395e+20,3.053990e+04,1.375395e+20,-1.558561e+28
moderate,0.3,4.888,26,20,5.813064e-04,384.0789,0,1.787588e+27,3.969243e+11,1.787588e+27,-1.580902e+28
moderate,0.3,4.888,28,5,5.813064e-04,305.0847,0,1.900241e+14,4.219382e-02,1.900241e+14,-6.360178e+25
moderate,0.3,4.888,28,10,5.813064e-04,305.0847,0,6.736392e+18,1.495780e+03,6.736392e+18,-6.360178e+25
moderate,0.3,4.888,28,20,5.813064e-04,305.0847,0,8.755229e+24,1.944051e+09,8.755229e+24,-6.494028e+25
moderate,0.3,4.888,30,5,5.813064e-04,242.3374,0,2.943124e+13,6.535049e-03,2.943124e+13,-2.595463e+23
moderate,0.3,4.888,30,10,5.813064e-04,242.3374,0,3.299342e+17,7.326011e+01,3.299342e+17,-2.595464e+23
moderate,0.3,4.888,30,20,5.813064e-04,242.3374,0,4.288126e+22,9.521552e+06,4.288126e+22,-2.675457e+23
moderate,0.3,4.888,32,5,5.813064e-04,192.4954,0,4.558360e+12,1.012159e-03,4.558360e+12,-1.059157e+21
moderate,0.3,4.888,32,10,5.813064e-04,192.4954,0,1.615948e+16,3.588125e+00,1.615948e+16,-1.059161e+21
moderate,0.3,4.888,32,20,5.813064e-04,192.4954,0,2.100233e+20,4.663454e+04,2.100233e+20,-1.106844e+21
moderate,0.3,4.888,34,5,5.813064e-04,152.9046,0,7.060064e+11,1.567649e-04,7.060064e+11,-4.322212e+18
moderate,0.3,4.888,34,10,5.813064e-04,152.9046,0,7.914571e+14,1.757388e-01,7.914571e+14,-4.322403e+18
moderate,0.3,4.888,34,20,5.813064e-04,152.9046,0,1.028650e+18,2.284061e+02,1.028650e+18,-4.605743e+18
moderate,0.3,4.888,36,5,5.813064e-04,121.4564,0,1.093474e+11,2.428001e-05,1.093474e+11,-1.763811e+16
moderate,0.3,4.888,36,10,5.813064e-04,121.4564,0,3.876389e+13,8.607313e-03,3.876389e+13,-1.764949e+16
moderate,0.3,4.888,36,20,5.813064e-04,121.4564,0,5.038108e+15,1.118685e+00,5.038108e+15,-1.931942e+16
moderate,0.3,4.888,38,5,5.813064e-04,96.4763,0,1.693591e+10,3.760528e-06,1.693591e+10,-7.198056e+13
moderate,0.3,4.888,38,10,5.813064e-04,96.4763,0,1.898573e+12,4.215680e-04,1.898573e+12,-7.265515e+13
moderate,0.3,4.888,38,20,5.813064e-04,96.4763,0,2.467559e+13,5.479081e-03,2.467559e+13,-8.192080e+13
moderate,0.3,4.888,40,5,5.813064e-04,76.6338,0,2.623062e+09,5.824368e-07,2.623062e+09,-2.942890e+11
moderate,0.3,4.888,40,10,5.813064e-04,76.6338,0,9.298810e+10,2.064751e-05,9.298810e+10,-3.339074e+11
moderate,0.3,4.888,40,20,5.813064e-04,76.6338,0,1.732726e+11,3.847424e-05,1.208558e+11,-3.523694e+11
moderate,0.3,4.888,42,5,5.813064e-04,60.8724,0,4.062643e+08,9.020879e-08,4.062643e+08,-1.304966e+09
moderate,0.3,4.888,42,10,5.813064e-04,60.8724,0,4.554360e+09,1.011271e-06,4.554360e+09,-3.574738e+09
moderate,0.3,4.888,42,20,5.813064e-04,60.8724,0,4.897531e+09,1.087470e-06,5.919261e+08,-1.543560e+09
moderate,0.3,4.888,44,5,5.813064e-04,48.3527,0,6.292288e+07,1.397169e-08,6.292288e+07,-2.493190e+07
moderate,0.3,4.888,44,10,5.813064e-04,48.3527,0,2.322840e+08,5.157741e-08,2.319693e+08,-1.450002e+08
moderate,0.3,4.888,44,20,5.813064e-04,48.3527,0,2.322840e+08,5.157741e-08,3.162680e+06,-6.914607e+06
moderate,0.3,4.888,46,5,5.813064e-04,38.4079,0,9.745601e+06,2.163958e-09,9.745601e+06,-3.786786e+06
moderate,0.3,4.888,46,10,5.813064e-04,38.4079,0,1.674766e+07,3.718727e-09,1.304459e+07,-8.257917e+06
moderate,0.3,4.888,46,20,5.813064e-04,38.4079,0,1.674766e+07,3.718727e-09,1.778506e+04,-3.179595e+04
moderate,0.3,4.888,48,5,5.813064e-04,30.5085,0,1.509415e+06,3.351574e-10,1.509415e+06,-7.060962e+05
moderate,0.3,4.888,48,10,5.813064e-04,30.5085,0,1.707137e+06,3.790606e-10,7.335515e+05,-4.830641e+05
moderate,0.3,4.888,48,20,5.813064e-04,30.5085,0,1.707137e+06,3.790606e-10,1.000127e+02,-1.500644e+02
moderate,0.3,4.888,50,5,5.813064e-04,24.2337,0,2.337807e+05,5.190974e-11,2.337807e+05,-1.319478e+05
moderate,0.3,4.888,50,10,5.813064e-04,24.2337,0,2.337807e+05,5.190974e-11,4.125063e+04,-2.823679e+04
moderate,0.3,4.888,50,20,5.813064e-04,24.2337,0,2.337807e+05,5.190974e-11,5.624128e-01,-3.014084e-01
strong,0.05,0.992,20,5,5.327031e-01,0.3504,1,7.282606e+00,1.617063e-15,6.459550e-10,2.100970e-01
strong,0.05,0.992,20,10,5.327031e-01,0.3504,1,7.282606e+00,1.617063e-15,1.871202e-20,2.100970e-01
strong,0.05,0.992,20,20,5.327031e-01,0.3504,1,7.282606e+00,1.617063e-15,4.170350e-45,2.100970e-01
strong,0.05,0.992,22,5,5.327031e-01,0.2784,1,5.653102e+00,1.255241e-15,1.259512e-10,1.893586e-01
strong,0.05,0.992,22,10,5.327031e-01,0.2784,1,5.653102e+00,1.255241e-15,1.153774e-21,1.893586e-01
strong,0.05,0.992,22,20,5.327031e-01,0.2784,1,5.653102e+00,1.255241e-15,2.571417e-47,1.893586e-01
strong,0.05,0.992,24,5,5.327031e-01,0.2211,1,4.388204e+00,9.743770e-16,2.455853e-11,1.696450e-01
strong,0.05,0.992,24,10,5.327031e-01,0.2211,1,4.388204e+00,9.743770e-16,7.114111e-23,1.696450e-01
strong,0.05,0.992,24,20,5.327031e-01,0.2211,1,4.388204e+00,9.743770e-16,1.585523e-49,1.696450e-01
strong,0.05,0.992,26,5,5.327031e-01,0.1756,1,3.406331e+00,7.563574e-16,4.788531e-12,1.511104e-01
strong,0.05,0.992,26,10,5.327031e-01,0.1756,1,3.406331e+00,7.563574e-16,4.386525e-24,1.511104e-01
strong,0.05,0.992,26,20,5.327031e-01,0.1756,1,3.406331e+00,7.563574e-16,9.776254e-52,1.511104e-01
strong,0.05,0.992,28,5,5.327031e-01,0.1395,1,2.644154e+00,5.871202e-16,9.336891e-13,1.338617e-01
strong,0.05,0.992,28,10,5.327031e-01,0.1395,1,2.644154e+00,5.871202e-16,2.704710e-25,1.338617e-01
strong,0.05,0.992,28,20,5.327031e-01,0.1395,1,2.644154e+00,5.871202e-16,6.027989e-54,1.338617e-01
strong,0.05,0.992,30,5,5.327031e-01,0.1108,1,2.052517e+00,4.557504e-16,1.820549e-13,1.179616e-01
strong,0.05,0.992,30,10,5.327031e-01,0.1108,1,2.052517e+00,4.557504e-16,1.667710e-26,1.179616e-01
strong,0.05,0.992,30,20,5.327031e-01,0.1108,1,2.052517e+00,4.557504e-16,3.716828e-56,1.179616e-01
strong,0.05,0.992,32,5,5.327031e-01,0.0880,1,1.593261e+00,3.537749e-16,3.549787e-14,1.034337e-01
strong,0.05,0.992,32,10,5.327031e-01,0.0880,1,1.593261e+00,3.537749e-16,1.028302e-27,1.034337e-01
strong,0.05,0.992,32,20,5.327031e-01,0.0880,1,1.593261e+00,3.537749e-16,2.291778e-58,1.034337e-01
strong,0.05,0.992,34,5,5.327031e-01,0.0699,1,1.236764e+00,2.746168e-16,6.921533e-15,9.026796e-02
strong,0.05,0.992,34,10,5.327031e-01,0.0699,1,1.236764e+00,2.746168e-16,6.340458e-29,9.026796e-02
strong,0.05,0.992,34,20,5.327031e-01,0.0699,1,1.236764e+00,2.746168e-16,1.413099e-60,9.026796e-02
strong,0.05,0.992,36,5,5.327031e-01,0.0555,1,9.600344e-01,2.131705e-16,1.349591e-15,7.842696e-02
strong,0.05,0.992,36,10,5.327031e-01,0.0555,1,9.600344e-01,2.131705e-16,3.909495e-30,7.842696e-02
strong,0.05,0.992,36,20,5.327031e-01,0.0555,1,9.600344e-01,2.131705e-16,8.713095e-63,7.842696e-02
strong,0.05,0.992,38,5,5.327031e-01,0.0441,1,7.452240e-01,1.654730e-16,2.631493e-16,6.785231e-02
strong,0.05,0.992,38,10,5.327031e-01,0.0441,1,7.452240e-01,1.654730e-16,2.410575e-31,6.785231e-02
strong,0.05,0.992,38,20,5.327031e-01,0.0441,1,7.452240e-01,1.654730e-16,5.372451e-65,6.785231e-02
strong,0.05,0.992,40,5,5.327031e-01,0.0350,1,5.784780e-01,1.284479e-16,5.131003e-17,5.847014e-02
strong,0.05,0.992,40,10,5.327031e-01,0.0350,1,5.784780e-01,1.284479e-16,1.486348e-32,5.847014e-02
strong,0.05,0.992,40,20,5.327031e-01,0.0350,1,5.784780e-01,1.284479e-16,3.312626e-67,5.847014e-02
strong,0.05,0.992,42,5,5.327031e-01,0.0278,1,4.490418e-01,9.970732e-17,1.000466e-17,5.019637e-02
strong,0.05,0.992,42,10,5.327031e-01,0.0278,1,4.490418e-01,9.970732e-17,9.164751e-34,5.019637e-02
strong,0.05,0.992,42,20,5.327031e-01,0.0278,1,4.490418e-01,9.970732e-17,2.042549e-69,5.019637e-02
strong,0.05,0.992,44,5,5.327031e-01,0.0221,1,3.485674e-01,7.739752e-17,1.950753e-18,4.294105e-02
strong,0.05,0.992,44,10,5.327031e-01,0.0221,1,3.485674e-01,7.739752e-17,5.650939e-35,4.294105e-02
strong,0.05,0.992,44,20,5.327031e-01,0.0221,1,3.485674e-01,7.739752e-17,1.259425e-71,4.294105e-02
strong,0.05,0.992,46,5,5.327031e-01,0.0176,1,2.705745e-01,6.007960e-17,3.803665e-19,3.661201e-02
strong,0.05,0.992,46,10,5.327031e-01,0.0176,1,2.705745e-01,6.007960e-17,3.484341e-36,3.661201e-02
strong,0.05,0.992,46,20,5.327031e-01,0.0176,1,2.705745e-01,6.007960e-17,7.765554e-74,3.661201e-02
strong,0.05,0.992,48,5,5.327031e-01,0.0140,1,2.100327e-01,4.663662e-17,7.416556e-20,3.111781e-02
strong,0.05,0.992,48,10,5.327031e-01,0.0140,1,2.100327e-01,4.663662e-17,2.148427e-37,3.111781e-02
strong,0.05,0.992,48,20,5.327031e-01,0.0140,1,2.100327e-01,4.663662e-17,4.788202e-76,3.111781e-02
strong,0.05,0.992,50,5,5.327031e-01,0.0111,1,1.630372e-01,3.620154e-17,1.446113e-20,2.636983e-02
strong,0.05,0.992,50,10,5.327031e-01,0.0111,1,1.630372e-01,3.620154e-17,1.324709e-38,2.636983e-02
strong,0.05,0.992,50,20,5.327031e-01,0.0111,1,1.630372e-01,3.620154e-17,2.952381e-78,2.636983e-02
strong,0.05,1.266,20,5,3.156681e-01,0.5914,0,5.796600e+00,1.287104e-15,4.806968e-08,2.243332e-01
strong,0.05,1.266,20,10,3.156681e-01,0.5914,1,5.796600e+00,1.287104e-15,1.813906e-17,2.243332e-01
strong,0.05,1.266,20,20,3.156681e-01,0.5914,1,5.796600e+00,1.287104e-15,7.366409e-40,2.243332e-01
strong,0.05,1.266,22,5,3.156681e-01,0.4697,1,4.397171e+00,9.763681e-16,9.372840e-09,2.013739e-01
strong,0.05,1.266,22,10,3.156681e-01,0.4697,1,4.397171e+00,9.763681e-16,1.118446e-18,2.013739e-01
strong,0.05,1.266,22,20,3.156681e-01,0.4697,1,4.397171e+00,9.763681e-16,4.542091e-42,2.013739e-01
strong,0.05,1.266,24,5,3.156681e-01,0.3731,1,3.335595e+00,7.406509e-16,1.827558e-09,1.794023e-01
strong,0.05,1.266,24,10,3.156681e-01,0.3731,1,3.335595e+00,7.406509e-16,6.896280e-20,1.794023e-01
strong,0.05,1.266,24,20,3.156681e-01,0.3731,1,3.335595e+00,7.406509e-16,2.800630e-44,1.794023e-01
strong,0.05,1.266,26,5,3.156681e-01,0.2964,1,2.530308e+00,5.618412e-16,3.563454e-10,1.586632e-01
strong,0.05,1.266,26,10,3.156681e-01,0.2964,1,2.530308e+00,5.618412e-16,4.252212e-21,1.586632e-01
strong,0.05,1.266,26,20,3.156681e-01,0.2964,1,2.530308e+00,5.618412e-16,1.726855e-46,1.586632e-01
strong,0.05,1.266,28,5,3.156681e-01,0.2354,1,1.919435e+00,4.262001e-16,6.948183e-11,1.393381e-01
strong,0.05,1.266,28,10,3.156681e-01,0.2354,1,1.919435e+00,4.262001e-16,2.621893e-22,1.393381e-01
strong,0.05,1.266,28,20,3.156681e-01,0.2354,1,1.919435e+00,4.262001e-16,1.064770e-48,1.393381e-01
strong,0.05,1.266,30,5,3.156681e-01,0.1870,1,1.456040e+00,3.233059e-16,1.354788e-11,1.215458e-01
strong,0.05,1.266,30,10,3.156681e-01,0.1870,1,1.456040e+00,3.233059e-16,1.616646e-23,1.215458e-01
strong,0.05,1.266,30,20,3.156681e-01,0.1870,1,1.456040e+00,3.233059e-16,6.565319e-51,1.215458e-01
strong,0.05,1.266,32,5,3.156681e-01,0.1485,1,1.104519e+00,2.452526e-16,2.641625e-12,1.053474e-01
strong,0.05,1.266,32,10,3.156681e-01,0.1485,1,1.104519e+00,2.452526e-16,9.968157e-25,1.053474e-01
strong,0.05,1.266,32,20,3.156681e-01,0.1485,1,1.104519e+00,2.452526e-16,4.048143e-53,1.053474e-01
strong,0.05,1.266,34,5,3.156681e-01,0.1180,1,8.378637e-01,1.860431e-16,5.150759e-13,9.075305e-02
strong,0.05,1.266,34,10,3.156681e-01,0.1180,1,8.378637e-01,1.860431e-16,6.146316e-26,9.075305e-02
strong,0.05,1.266,34,20,3.156681e-01,0.1180,1,8.378637e-01,1.860431e-16,2.496065e-55,9.075305e-02
strong,0.05,1.266,36,5,3.156681e-01,0.0937,1,6.411681e-01,1.423679e-16,1.004318e-13,7.773057e-02
strong,0.05,1.266,36,10,3.156681e-01,0.0937,1,6.411681e-01,1.423679e-16,3.789788e-27,7.773057e-02
strong,0.05,1.266,36,20,3.156681e-01,0.0937,1,6.411681e-01,1.423679e-16,1.539061e-57,7.773057e-02
strong,0.05,1.266,38,5,3.156681e-01,0.0744,1,4.977049e-01,1.105127e-16,1.958264e-14,6.621466e-02
strong,0.05,1.266,38,10,3.156681e-01,0.0744,1,4.977049e-01,1.105127e-16,2.336764e-28,6.621466e-02
strong,0.05,1.266,38,20,3.156681e-01,0.0744,1,4.977049e-01,1.105127e-16,9.489773e-60,6.621466e-02
strong,0.05,1.266,40,5,3.156681e-01,0.0591,1,3.863420e-01,8.578515e-17,3.818310e-15,5.611553e-02
strong,0.05,1.266,40,10,3.156681e-01,0.0591,1,3.863420e-01,8.578515e-17,1.440837e-29,5.611553e-02
strong,0.05,1.266,40,20,3.156681e-01,0.0591,1,3.863420e-01,8.578515e-17,5.851346e-62,5.611553e-02
strong,0.05,1.266,42,5,3.156681e-01,0.0470,1,2.998968e-01,6.659047e-17,7.445112e-16,4.732706e-02
strong,0.05,1.266,42,10,3.156681e-01,0.0470,1,2.998968e-01,6.659047e-17,8.884130e-31,4.732706e-02
strong,0.05,1.266,42,20,3.156681e-01,0.0470,1,2.998968e-01,6.659047e-17,3.607911e-64,4.732706e-02
strong,0.05,1.266,44,5,3.156681e-01,0.0373,1,2.327941e-01,5.169066e-17,1.451681e-16,3.973369e-02
strong,0.05,1.266,44,10,3.156681e-01,0.0373,1,2.327941e-01,5.169066e-17,5.477910e-32,3.973369e-02
strong,0.05,1.266,44,20,3.156681e-01,0.0373,1,2.327941e-01,5.169066e-17,2.224620e-66,3.973369e-02
strong,0.05,1.266,46,5,3.156681e-01,0.0296,1,1.807057e-01,4.012473e-17,2.830553e-17,3.321631e-02
strong,0.05,1.266,46,10,3.156681e-01,0.0296,1,1.807057e-01,4.012473e-17,3.377652e-33,3.321631e-02
strong,0.05,1.266,46,20,3.156681e-01,0.0296,1,1.807057e-01,4.012473e-17,1.371689e-68,3.321631e-02
strong,0.05,1.266,48,5,3.156681e-01,0.0235,1,1.402723e-01,3.114670e-17,5.519138e-18,2.765674e-02
strong,0.05,1.266,48,10,3.156681e-01,0.0235,1,1.402723e-01,3.114670e-17,2.082643e-34,2.765674e-02
strong,0.05,1.266,48,20,3.156681e-01,0.0235,1,1.402723e-01,3.114670e-17,8.457769e-71,2.765674e-02
strong,0.05,1.266,50,5,3.156681e-01,0.0187,1,1.088860e-01,2.417754e-17,1.076146e-18,2.294118e-02
strong,0.05,1.266,50,10,3.156681e-01,0.0187,1,1.088860e-01,2.417754e-17,1.284147e-35,2.294118e-02
strong,0.05,1.266,50,20,3.156681e-01,0.0187,1,1.088860e-01,2.417754e-17,5.215018e-73,2.294118e-02
strong,0.05,1.548,20,5,2.096053e-01,0.8906,0,1.205504e+01,2.676757e-15,1.537564e-06,2.461081e-01
strong,0.05,1.548,20,10,2.096053e-01,0.8906,1,1.205504e+01,2.676757e-15,4.160557e-15,2.461077e-01
strong,0.05,1.548,20,20,2.096053e-01,0.8906,1,1.205504e+01,2.676757e-15,9.751835e-36,2.461077e-01
strong,0.05,1.548,22,5,2.096053e-01,0.7074,0,7.263880e+00,1.612905e-15,2.998012e-07,2.217740e-01
strong,0.05,1.548,22,10,2.096053e-01,0.7074,1,7.263880e+00,1.612905e-15,2.565379e-16,2.217739e-01
strong,0.05,1.548,22,20,2.096053e-01,0.7074,1,7.263880e+00,1.612905e-15,6.012933e-38,2.217739e-01
strong,0.05,1.548,24,5,2.096053e-01,0.5619,0,4.376921e+00,9.718716e-16,5.845657e-08,1.981848e-01
strong,0.05,1.548,24,10,2.096053e-01,0.5619,1,4.376921e+00,9.718716e-16,1.581800e-17,1.981848e-01
strong,0.05,1.548,24,20,2.096053e-01,0.5619,1,4.376921e+00,9.718716e-16,3.707544e-40,1.981848e-01
strong,0.05,1.548,26,5,2.096053e-01,0.4464,1,2.637355e+00,5.856106e-16,1.139812e-08,1.756737e-01
strong,0.05,1.548,26,10,2.096053e-01,0.4464,1,2.637355e+00,5.856106e-16,9.753298e-19,1.756737e-01
strong,0.05,1.548,26,20,2.096053e-01,0.4464,1,2.637355e+00,5.856106e-16,2.286053e-42,1.756737e-01
strong,0.05,1.548,28,5,2.096053e-01,0.3546,1,1.606601e+00,3.567371e-16,2.222457e-09,1.545056e-01
strong,0.05,1.548,28,10,2.096053e-01,0.3546,1,1.606601e+00,3.567371e-16,6.013835e-20,1.545056e-01
strong,0.05,1.548,28,20,2.096053e-01,0.3546,1,1.606601e+00,3.567371e-16,1.409569e-44,1.545056e-01
strong,0.05,1.548,30,5,2.096053e-01,0.2816,1,1.247119e+00,2.769161e-16,4.333445e-10,1.348727e-01
strong,0.05,1.548,30,10,2.096053e-01,0.2816,1,1.247119e+00,2.769161e-16,3.708100e-21,1.348727e-01
strong,0.05,1.548,30,20,2.096053e-01,0.2816,1,1.247119e+00,2.769161e-16,8.691332e-47,1.348727e-01
strong,0.05,1.548,32,5,2.096053e-01,0.2237,1,9.680729e-01,2.149554e-16,8.449545e-11,1.168960e-01
strong,0.05,1.548,32,10,2.096053e-01,0.2237,1,9.680729e-01,2.149554e-16,2.286396e-22,1.168960e-01
strong,0.05,1.548,32,20,2.096053e-01,0.2237,1,9.680729e-01,2.149554e-16,5.359032e-49,1.168960e-01
strong,0.05,1.548,34,5,2.096053e-01,0.1777,1,7.514638e-01,1.668585e-16,1.647530e-11,1.006309e-01
strong,0.05,1.548,34,10,2.096053e-01,0.1777,1,7.514638e-01,1.668585e-16,1.409780e-23,1.006309e-01
strong,0.05,1.548,34,20,2.096053e-01,0.1777,1,7.514638e-01,1.668585e-16,3.304352e-51,1.006309e-01
strong,0.05,1.548,36,5,2.096053e-01,0.1412,1,5.833216e-01,1.295234e-16,3.212427e-12,8.607619e-02
strong,0.05,1.548,36,10,2.096053e-01,0.1412,1,5.833216e-01,1.295234e-16,8.692636e-25,8.607619e-02
strong,0.05,1.548,36,20,2.096053e-01,0.1412,1,5.833216e-01,1.295234e-16,2.037447e-53,8.607619e-02
strong,0.05,1.548,38,5,2.096053e-01,0.1121,1,4.528017e-01,1.005422e-16,6.263734e-13,7.318431e-02
strong,0.05,1.548,38,10,2.096053e-01,0.1121,1,4.528017e-01,1.005422e-16,5.359836e-26,7.318431e-02
strong,0.05,1.548,38,20,2.096053e-01,0.1121,1,4.528017e-01,1.005422e-16,1.256280e-55,7.318431e-02
strong,0.05,1.548,40,5,2.096053e-01,0.0891,1,3.514860e-01,7.804557e-17,1.221331e-13,6.187255e-02
strong,0.05,1.548,40,10,2.096053e-01,0.0891,1,3.514860e-01,7.804557e-17,3.304848e-27,6.187255e-02
strong,0.05,1.548,40,20,2.096053e-01,0.0891,1,3.514860e-01,7.804557e-17,7.746158e-58,6.187255e-02
strong,0.05,1.548,42,5,2.096053e-01,0.0707,1,2.728400e-01,6.058265e-17,2.381405e-14,5.203319e-02
strong,0.05,1.548,42,10,2.096053e-01,0.0707,1,2.728400e-01,6.058265e-17,2.037753e-28,5.203319e-02
strong,0.05,1.548,42,20,2.096053e-01,0.0707,1,2.728400e-01,6.058265e-17,4.776242e-60,5.203319e-02
strong,0.05,1.548,44,5,2.096053e-01,0.0562,1,2.117913e-01,4.702711e-17,4.643370e-15,4.354287e-02
strong,0.05,1.548,44,10,2.096053e-01,0.0562,1,2.117913e-01,4.702711e-17,1.256468e-29,4.354287e-02
strong,0.05,1.548,44,20,2.096053e-01,0.0562,1,2.117913e-01,4.702711e-17,2.945007e-62,4.354287e-02
strong,0.05,1.548,46,5,2.096053e-01,0.0446,1,1.644024e-01,3.650466e-17,9.053851e-16,3.627045e-02
strong,0.05,1.548,46,10,2.096053e-01,0.0446,1,1.644024e-01,3.650466e-17,7.747320e-31,3.627045e-02
strong,0.05,1.548,46,20,2.096053e-01,0.0446,1,1.644024e-01,3.650466e-17,1.815877e-64,3.627045e-02
strong,0.05,1.548,48,5,2.096053e-01,0.0355,1,1.276169e-01,2.833664e-17,1.765360e-16,3.008333e-02
strong,0.05,1.548,48,10,2.096053e-01,0.0355,1,1.276169e-01,2.833664e-17,4.776959e-32,3.008333e-02
strong,0.05,1.548,48,20,2.096053e-01,0.0355,1,1.276169e-01,2.833664e-17,1.119660e-66,3.008333e-02
strong,0.05,1.548,50,5,2.096053e-01,0.0282,1,9.906222e-02,2.199623e-17,3.442178e-17,2.485229e-02
strong,0.05,1.548,50,10,2.096053e-01,0.0282,1,9.906222e-02,2.199623e-17,2.945449e-33,2.485229e-02
strong,0.05,1.548,50,20,2.096053e-01,0.0282,1,9.906222e-02,2.199623e-17,6.903770e-69,2.485229e-02
strong,0.05,1.967,20,5,1.294337e-01,1.4423,0,6.818594e+00,1.514032e-15,1.107735e-04,2.816835e-01
strong,0.05,1.967,20,10,1.294337e-01,1.4423,1,6.818594e+00,1.514032e-15,2.703364e-12,2.816520e-01
strong,0.05,1.967,20,20,1.294337e-01,1.4423,1,6.818594e+00,1.514032e-15,7.205111e-31,2.816520e-01
strong,0.05,1.967,22,5,1.294337e-01,1.1456,0,4.668893e+00,1.036702e-15,2.159910e-05,2.565229e-01
strong,0.05,1.967,22,10,1.294337e-01,1.1456,1,4.668893e+00,1.036702e-15,1.666881e-13,2.565164e-01
strong,0.05,1.967,22,20,1.294337e-01,1.1456,1,4.668893e+00,1.036702e-15,4.442635e-33,2.565164e-01
strong,0.05,1.967,24,5,1.294337e-01,0.9100,0,3.541717e+00,7.864192e-16,4.211490e-06,2.315572e-01
strong,0.05,1.967,24,10,1.294337e-01,0.9100,1,3.541717e+00,7.864192e-16,1.027790e-14,2.315559e-01
strong,0.05,1.967,24,20,1.294337e-01,0.9100,1,3.541717e+00,7.864192e-16,2.739307e-35,2.315559e-01
strong,0.05,1.967,26,5,1.294337e-01,0.7228,0,2.686667e+00,5.965600e-16,8.211750e-07,2.072057e-01
strong,0.05,1.967,26,10,1.294337e-01,0.7228,1,2.686667e+00,5.965600e-16,6.337304e-16,2.072054e-01
strong,0.05,1.967,26,20,1.294337e-01,0.7228,1,2.686667e+00,5.965600e-16,1.689043e-37,2.072054e-01
strong,0.05,1.967,28,5,1.294337e-01,0.5742,0,2.063647e+00,4.582217e-16,1.601164e-07,1.838455e-01
strong,0.05,1.967,28,10,1.294337e-01,0.5742,1,2.063647e+00,4.582217e-16,3.907550e-17,1.838454e-01
strong,0.05,1.967,28,20,1.294337e-01,0.5742,1,2.063647e+00,4.582217e-16,1.041455e-39,1.838454e-01
strong,0.05,1.967,30,5,1.294337e-01,0.4561,1,1.601900e+00,3.556933e-16,3.122020e-08,1.617860e-01
strong,0.05,1.967,30,10,1.294337e-01,0.4561,1,1.601900e+00,3.556933e-16,2.409376e-18,1.617860e-01
strong,0.05,1.967,30,20,1.294337e-01,0.4561,1,1.601900e+00,3.556933e-16,6.421562e-42,1.617860e-01
strong,0.05,1.967,32,5,1.294337e-01,0.3623,1,1.243470e+00,2.761059e-16,6.087455e-09,1.412593e-01
strong,0.05,1.967,32,10,1.294337e-01,0.3623,1,1.243470e+00,2.761059e-16,1.485609e-19,1.412593e-01
strong,0.05,1.967,32,20,1.294337e-01,0.3623,1,1.243470e+00,2.761059e-16,3.959503e-44,1.412593e-01
strong,0.05,1.967,34,5,1.294337e-01,0.2878,1,9.652403e-01,2.143264e-16,1.186959e-09,1.224184e-01
strong,0.05,1.967,34,10,1.294337e-01,0.2878,1,9.652403e-01,2.143264e-16,9.160191e-21,1.224184e-01
strong,0.05,1.967,34,20,1.294337e-01,0.2878,1,9.652403e-01,2.143264e-16,2.441410e-46,1.224184e-01
strong,0.05,1.967,36,5,1.294337e-01,0.2286,1,7.492650e-01,1.663702e-16,2.314386e-10,1.053430e-01
strong,0.05,1.967,36,10,1.294337e-01,0.2286,1,7.492650e-01,1.663702e-16,5.648128e-22,1.053430e-01
strong,0.05,1.967,36,20,1.294337e-01,0.2286,1,7.492650e-01,1.663702e-16,1.505361e-48,1.053430e-01
strong,0.05,1.967,38,5,1.294337e-01,0.1816,1,5.816148e-01,1.291444e-16,4.512693e-11,9.004791e-02
strong,0.05,1.967,38,10,1.294337e-01,0.1816,1,5.816148e-01,1.291444e-16,3.482607e-23,9.004791e-02
strong,0.05,1.967,38,20,1.294337e-01,0.1816,1,5.816148e-01,1.291444e-16,9.281980e-51,9.004791e-02
strong,0.05,1.967,40,5,1.294337e-01,0.1442,1,4.514768e-01,1.002480e-16,8.799049e-12,7.649455e-02
strong,0.05,1.967,40,10,1.294337e-01,0.1442,1,4.514768e-01,1.002480e-16,2.147358e-24,7.649455e-02
strong,0.05,1.967,40,20,1.294337e-01,0.1442,1,4.514768e-01,1.002480e-16,5.723223e-53,7.649455e-02
strong,0.05,1.967,42,5,1.294337e-01,0.1146,1,3.504576e-01,7.781721e-17,1.715678e-12,6.460318e-02
strong,0.05,1.967,42,10,1.294337e-01,0.1146,1,3.504576e-01,7.781721e-17,1.324050e-25,6.460318e-02
strong,0.05,1.967,42,20,1.294337e-01,0.1146,1,3.504576e-01,7.781721e-17,3.528911e-55,6.460318e-02
strong,0.05,1.967,44,5,1.294337e-01,0.0910,1,2.720417e-01,6.040539e-17,3.345305e-13,5.426457e-02
strong,0.05,1.967,44,10,1.294337e-01,0.0910,1,2.720417e-01,6.040539e-17,8.164029e-27,5.426457e-02
strong,0.05,1.967,44,20,1.294337e-01,0.0910,1,2.720417e-01,6.040539e-17,2.175909e-57,5.426457e-02
strong,0.05,1.967,46,5,1.294337e-01,0.0723,1,2.111716e-01,4.688951e-17,6.522825e-14,4.535068e-02
strong,0.05,1.967,46,10,1.294337e-01,0.0723,1,2.111716e-01,4.688951e-17,5.033899e-28,4.535068e-02
strong,0.05,1.967,46,20,1.294337e-01,0.0723,1,2.111716e-01,4.688951e-17,1.341654e-59,4.535068e-02
strong,0.05,1.967,48,5,1.294337e-01,0.0574,1,1.639213e-01,3.639784e-17,1.271850e-14,3.772369e-02
strong,0.05,1.967,48,10,1.294337e-01,0.0574,1,1.639213e-01,3.639784e-17,3.103877e-29,3.772369e-02
strong,0.05,1.967,48,20,1.294337e-01,0.0574,1,1.639213e-01,3.639784e-17,8.272574e-62,3.772369e-02
strong,0.05,1.967,50,5,1.294337e-01,0.0456,1,1.272435e-01,2.825372e-17,2.479909e-15,3.124328e-02
strong,0.05,1.967,50,10,1.294337e-01,0.0456,1,1.272435e-01,2.825372e-17,1.913835e-30,3.124328e-02
strong,0.05,1.967,50,20,1.294337e-01,0.0456,1,1.272435e-01,2.825372e-17,5.100828e-64,3.124328e-02
strong,0.05,2.511,20,5,7.934519e-02,2.3527,0,1.306341e+01,2.900660e-15,2.368553e-02,3.311886e-01
strong,0.05,2.511,20,10,7.934519e-02,2.3527,0,1.306341e+01,2.900660e-15,2.333266e-09,3.238212e-01
strong,0.05,2.511,20,20,7.934519e-02,2.3527,1,1.306341e+01,2.900660e-15,6.743024e-26,3.238212e-01
strong,0.05,2.511,22,5,7.934519e-02,1.8688,0,8.054833e+00,1.788532e-15,4.618310e-03,3.007977e-01
strong,0.05,2.511,22,10,7.934519e-02,1.8688,1,8.054833e+00,1.788532e-15,1.438680e-10,2.992955e-01
strong,0.05,2.511,22,20,7.934519e-02,1.8688,1,8.054833e+00,1.788532e-15,4.157715e-28,2.992955e-01
strong,0.05,2.511,24,5,7.934519e-02,1.4845,0,5.428596e+00,1.205390e-15,9.004987e-04,2.744401e-01
strong,0.05,2.511,24,10,7.934519e-02,1.4845,1,5.428596e+00,1.205390e-15,8.870831e-12,2.741345e-01
strong,0.05,2.511,24,20,7.934519e-02,1.4845,1,5.428596e+00,1.205390e-15,2.563626e-30,2.741345e-01
strong,0.05,2.511,26,5,7.934519e-02,1.1791,0,4.118011e+00,9.143821e-16,1.755833e-04,2.488831e-01
strong,0.05,2.511,26,10,7.934519e-02,1.1791,1,4.118011e+00,9.143821e-16,5.469710e-13,2.488211e-01
strong,0.05,2.511,26,20,7.934519e-02,1.1791,1,4.118011e+00,9.143821e-16,1.580719e-32,2.488211e-01
strong,0.05,2.511,28,5,7.934519e-02,0.9366,0,3.123831e+00,6.936298e-16,3.423601e-05,2.238394e-01
strong,0.05,2.511,28,10,7.934519e-02,0.9366,1,3.123831e+00,6.936298e-16,3.372596e-14,2.238268e-01
strong,0.05,2.511,28,20,7.934519e-02,0.9366,1,3.123831e+00,6.936298e-16,9.746635e-35,2.238268e-01
strong,0.05,2.511,30,5,7.934519e-02,0.7440,0,2.379060e+00,5.282575e-16,6.675489e-06,1.995849e-01
strong,0.05,2.511,30,10,7.934519e-02,0.7440,1,2.379060e+00,5.282575e-16,2.079526e-15,1.995824e-01
strong,0.05,2.511,30,20,7.934519e-02,0.7440,1,2.379060e+00,5.282575e-16,6.009727e-37,1.995824e-01
strong,0.05,2.511,32,5,7.934519e-02,0.5910,0,1.846739e+00,4.100584e-16,1.301617e-06,1.764562e-01
strong,0.05,2.511,32,10,7.934519e-02,0.5910,1,1.846739e+00,4.100584e-16,1.282225e-16,1.764557e-01
strong,0.05,2.511,32,20,7.934519e-02,0.5910,1,1.846739e+00,4.100584e-16,3.705567e-39,1.764557e-01
strong,0.05,2.511,34,5,7.934519e-02,0.4694,1,1.433526e+00,3.183066e-16,2.537950e-07,1.547385e-01
strong,0.05,2.511,34,10,7.934519e-02,0.4694,1,1.433526e+00,3.183066e-16,7.906137e-18,1.547384e-01
strong,0.05,2.511,34,20,7.934519e-02,0.4694,1,1.433526e+00,3.183066e-16,2.284834e-41,1.547384e-01
strong,0.05,2.511,36,5,7.934519e-02,0.3729,1,1.112770e+00,2.470846e-16,4.948608e-08,1.346399e-01
strong,0.05,2.511,36,10,7.934519e-02,0.3729,1,1.112770e+00,2.470846e-16,4.874884e-19,1.346399e-01
strong,0.05,2.511,36,20,7.934519e-02,0.3729,1,1.112770e+00,2.470846e-16,1.408817e-43,1.346399e-01
strong,0.05,2.511,38,5,7.934519e-02,0.2962,1,8.637846e-01,1.917987e-16,9.649018e-09,1.162894e-01
strong,0.05,2.511,38,10,7.934519e-02,0.2962,1,8.637846e-01,1.917987e-16,3.005829e-20,1.162894e-01
strong,0.05,2.511,38,20,7.934519e-02,0.2962,1,8.637846e-01,1.917987e-16,8.686698e-46,1.162894e-01
strong,0.05,2.511,40,5,7.934519e-02,0.2353,1,6.705103e-01,1.488832e-16,1.881408e-09,9.974269e-02
strong,0.05,2.511,40,10,7.934519e-02,0.2353,1,6.705103e-01,1.488832e-16,1.853379e-21,9.974269e-02
strong,0.05,2.511,40,20,7.934519e-02,0.2353,1,6.705103e-01,1.488832e-16,5.356174e-48,9.974269e-02
strong,0.05,2.511,42,5,7.934519e-02,0.1869,1,5.204817e-01,1.155702e-16,3.668454e-10,8.499316e-02
strong,0.05,2.511,42,10,7.934519e-02,0.1869,1,5.204817e-01,1.155702e-16,1.142784e-22,8.499316e-02
strong,0.05,2.511,42,20,7.934519e-02,0.1869,1,5.204817e-01,1.155702e-16,3.302590e-50,8.499316e-02
strong,0.05,2.511,44,5,7.934519e-02,0.1484,1,4.040224e-01,8.971100e-17,7.152916e-11,7.198366e-02
strong,0.05,2.511,44,10,7.934519e-02,0.1484,1,4.040224e-01,8.971100e-17,7.046352e-24,7.198366e-02
strong,0.05,2.511,44,20,7.934519e-02,0.1484,1,4.040224e-01,8.971100e-17,2.036361e-52,7.198366e-02
strong,0.05,2.511,46,5,7.934519e-02,0.1179,1,3.136212e-01,6.963790e-17,1.394707e-11,6.061946e-02
strong,0.05,2.511,46,10,7.934519e-02,0.1179,1,3.136212e-01,6.963790e-17,4.344745e-25,6.061946e-02
strong,0.05,2.511,46,20,7.934519e-02,0.1179,1,3.136212e-01,6.963790e-17,1.255610e-54,6.061946e-02
strong,0.05,2.511,48,5,7.934519e-02,0.0937,1,2.434476e-01,5.405622e-17,2.719463e-12,5.078004e-02
strong,0.05,2.511,48,10,7.934519e-02,0.0937,1,2.434476e-01,5.405622e-17,2.678948e-26,5.078004e-02
strong,0.05,2.511,48,20,7.934519e-02,0.0937,1,2.434476e-01,5.405622e-17,7.742027e-57,5.078004e-02
strong,0.05,2.511,50,5,7.934519e-02,0.0744,1,1.889755e-01,4.196099e-17,5.302530e-13,4.232954e-02
strong,0.05,2.511,50,10,7.934519e-02,0.0744,1,1.889755e-01,4.196099e-17,1.651826e-27,4.232954e-02
strong,0.05,2.511,50,20,7.934519e-02,0.0744,1,1.889755e-01,4.196099e-17,4.773695e-59,4.232954e-02
strong,0.05,3.104,20,5,5.190725e-02,3.5963,0,2.758751e+01,6.125658e-15,2.309218e-01,3.209205e-01
strong,0.05,3.104,20,10,5.190725e-02,3.5963,0,2.758751e+01,6.125658e-15,1.423146e-06,3.609689e-01
strong,0.05,3.104,20,20,5.190725e-02,3.5963,1,2.758751e+01,6.125658e-15,1.544146e-21,3.609685e-01
strong,0.05,3.104,22,5,5.190725e-02,2.8567,0,1.674661e+01,3.718494e-15,4.502617e-02,3.297399e-01
strong,0.05,3.104,22,10,5.190725e-02,2.8567,0,1.674661e+01,3.718494e-15,8.775050e-08,3.383640e-01
strong,0.05,3.104,22,20,5.190725e-02,2.8567,1,1.674661e+01,3.718494e-15,9.521127e-24,3.383640e-01
strong,0.05,3.104,24,5,5.190725e-02,2.2691,0,1.032587e+01,2.292805e-15,8.779403e-03,3.125697e-01
strong,0.05,3.104,24,10,5.190725e-02,2.2691,0,1.032587e+01,2.292805e-15,5.410652e-09,3.143963e-01
strong,0.05,3.104,24,20,5.190725e-02,2.2691,1,1.032587e+01,2.292805e-15,5.870680e-26,3.143963e-01
strong,0.05,3.104,26,5,5.190725e-02,1.8024,0,6.366882e+00,1.413732e-15,1.711847e-03,2.891180e-01
strong,0.05,3.104,26,10,5.190725e-02,1.8024,1,6.366882e+00,1.413732e-15,3.336181e-10,2.895010e-01
strong,0.05,3.104,26,20,5.190725e-02,1.8024,1,6.366882e+00,1.413732e-15,3.619832e-28,2.895010e-01
strong,0.05,3.104,28,5,5.190725e-02,1.4317,0,4.807497e+00,1.067479e-15,3.337836e-04,2.640769e-01
strong,0.05,3.104,28,10,5.190725e-02,1.4317,1,4.807497e+00,1.067479e-15,2.057072e-11,2.641567e-01
strong,0.05,3.104,28,20,5.190725e-02,1.4317,1,4.807497e+00,1.067479e-15,2.231970e-30,2.641567e-01
strong,0.05,3.104,30,5,5.190725e-02,1.1373,0,3.646859e+00,8.097655e-16,6.508262e-05,2.388338e-01
strong,0.05,3.104,30,10,5.190725e-02,1.1373,1,3.646859e+00,8.097655e-16,1.268381e-12,2.388503e-01
strong,0.05,3.104,30,20,5.190725e-02,1.1373,1,3.646859e+00,8.097655e-16,1.376222e-32,2.388503e-01
strong,0.05,3.104,32,5,5.190725e-02,0.9034,0,2.766426e+00,6.142699e-16,1.269010e-05,2.140409e-01
strong,0.05,3.104,32,10,5.190725e-02,0.9034,1,2.766426e+00,6.142699e-16,7.820771e-14,2.140443e-01
strong,0.05,3.104,32,20,5.190725e-02,0.9034,1,2.766426e+00,6.142699e-16,8.485714e-35,2.140443e-01
strong,0.05,3.104,34,5,5.190725e-02,0.7176,0,2.130659e+00,4.731014e-16,2.474372e-06,1.901493e-01
strong,0.05,3.104,34,10,5.190725e-02,0.7176,1,2.130659e+00,4.731014e-16,4.822248e-15,1.901500e-01
strong,0.05,3.104,34,20,5.190725e-02,0.7176,1,2.130659e+00,4.731014e-16,5.232249e-37,1.901500e-01
strong,0.05,3.104,36,5,5.190725e-02,0.5700,0,1.653918e+00,3.672436e-16,4.824641e-07,1.675083e-01
strong,0.05,3.104,36,10,5.190725e-02,0.5700,1,1.653918e+00,3.672436e-16,2.973374e-16,1.675085e-01
strong,0.05,3.104,36,20,5.190725e-02,0.5700,1,1.653918e+00,3.672436e-16,3.226178e-39,1.675085e-01
strong,0.05,3.104,38,5,5.190725e-02,0.4528,1,1.283849e+00,2.850718e-16,9.407300e-08,1.463798e-01
strong,0.05,3.104,38,10,5.190725e-02,0.4528,1,1.283849e+00,2.850718e-16,1.833368e-17,1.463799e-01
strong,0.05,3.104,38,20,5.190725e-02,0.4528,1,1.283849e+00,2.850718e-16,1.989245e-41,1.463799e-01
strong,0.05,3.104,40,5,5.190725e-02,0.3596,1,9.965841e-01,2.212861e-16,1.834277e-08,1.269414e-01
strong,0.05,3.104,40,10,5.190725e-02,0.3596,1,9.965841e-01,2.212861e-16,1.130445e-18,1.269414e-01
strong,0.05,3.104,40,20,5.190725e-02,0.3596,1,9.965841e-01,2.212861e-16,1.226559e-43,1.269414e-01
strong,0.05,3.104,42,5,5.190725e-02,0.2857,1,7.735956e-01,1.717727e-16,3.576556e-09,1.092913e-01
strong,0.05,3.104,42,10,5.190725e-02,0.2857,1,7.735956e-01,1.717727e-16,6.970270e-20,1.092913e-01
strong,0.05,3.104,42,20,5.190725e-02,0.2857,1,7.735956e-01,1.717727e-16,7.562900e-46,1.092913e-01
strong,0.05,3.104,44,5,5.190725e-02,0.2269,1,6.005013e-01,1.333381e-16,6.973728e-10,9.345808e-02
strong,0.05,3.104,44,10,5.190725e-02,0.2269,1,6.005013e-01,1.333381e-16,4.297833e-21,9.345808e-02
strong,0.05,3.104,44,20,5.190725e-02,0.2269,1,6.005013e-01,1.333381e-16,4.663246e-48,9.345808e-02
strong,0.05,3.104,46,5,5.190725e-02,0.1802,1,4.661374e-01,1.035033e-16,1.359769e-10,7.941184e-02
strong,0.05,3.104,46,10,5.190725e-02,0.1802,1,4.661374e-01,1.035033e-16,2.650023e-22,7.941184e-02
strong,0.05,3.104,46,20,5.190725e-02,0.1802,1,4.661374e-01,1.035033e-16,2.875334e-50,7.941184e-02
strong,0.05,3.104,48,5,5.190725e-02,0.1432,1,3.618378e-01,8.034414e-17,2.651337e-11,6.707744e-02
strong,0.05,3.104,48,10,5.190725e-02,0.1432,1,3.618378e-01,8.034414e-17,1.633991e-23,6.707744e-02
strong,0.05,3.104,48,20,5.190725e-02,0.1432,1,3.618378e-01,8.034414e-17,1.772917e-52,6.707744e-02
strong,0.05,3.104,50,5,5.190725e-02,0.1137,1,2.808756e-01,6.236691e-17,5.169696e-12,5.634696e-02
strong,0.05,3.104,50,10,5.190725e-02,0.1137,1,2.808756e-01,6.236691e-17,1.007511e-24,5.634696e-02
strong,0.05,3.104,50,20,5.190725e-02,0.1137,1,2.808756e-01,6.236691e-17,1.093172e-54,5.634696e-02
strong,0.05,3.912,20,5,3.267471e-02,5.7132,0,8.245858e+01,1.830948e-14,3.030885e+00,-1.203121e-01
strong,0.05,3.912,20,10,3.267471e-02,5.7132,0,8.245858e+01,1.830948e-14,4.706444e-04,3.979542e-01
strong,0.05,3.912,20,20,3.267471e-02,5.7132,1,8.245858e+01,1.830948e-14,1.246041e-16,3.980504e-01
strong,0.05,3.912,22,5,3.267471e-02,4.5381,0,4.147415e+01,9.209112e-15,5.909755e-01,2.696286e-01
strong,0.05,3.912,22,10,3.267471e-02,4.5381,0,4.147415e+01,9.209112e-15,2.901970e-05,3.788185e-01
strong,0.05,3.912,22,20,3.267471e-02,4.5381,1,4.147415e+01,9.209112e-15,7.683026e-19,3.788250e-01
strong,0.05,3.912,24,5,3.267471e-02,3.6048,0,2.499065e+01,5.549038e-15,1.152310e-01,3.347284e-01
strong,0.05,3.912,24,10,3.267471e-02,3.6048,0,2.499065e+01,5.549038e-15,1.789340e-06,3.576394e-01
strong,0.05,3.912,24,20,3.267471e-02,3.6048,1,2.499065e+01,5.549038e-15,4.737315e-21,3.576398e-01
strong,0.05,3.912,26,5,3.267471e-02,2.8634,0,1.525425e+01,3.387124e-15,2.246826e-02,3.299857e-01
strong,0.05,3.912,26,10,3.267471e-02,2.8634,0,1.525425e+01,3.387124e-15,1.103298e-07,3.347744e-01
strong,0.05,3.912,26,20,3.267471e-02,2.8634,1,1.525425e+01,3.387124e-15,2.921005e-23,3.347745e-01
strong,0.05,3.912,28,5,3.267471e-02,2.2745,0,9.405696e+00,2.088484e-15,4.380962e-03,3.096078e-01
strong,0.05,3.912,28,10,3.267471e-02,2.2745,0,9.405696e+00,2.088484e-15,6.802881e-09,3.106050e-01
strong,0.05,3.912,28,20,3.267471e-02,2.2745,1,9.405696e+00,2.088484e-15,1.801077e-25,3.106050e-01
strong,0.05,3.912,30,5,3.267471e-02,1.8067,0,6.037179e+00,1.340523e-15,8.542195e-04,2.853711e-01
strong,0.05,3.912,30,10,3.267471e-02,1.8067,1,6.037179e+00,1.340523e-15,4.194622e-10,2.855780e-01
strong,0.05,3.912,30,20,3.267471e-02,1.8067,1,6.037179e+00,1.340523e-15,1.110535e-27,2.855780e-01
strong,0.05,3.912,32,5,3.267471e-02,1.4351,0,4.579669e+00,1.016891e-15,1.665595e-04,2.601349e-01
strong,0.05,3.912,32,10,3.267471e-02,1.4351,1,4.579669e+00,1.016891e-15,2.586383e-11,2.601777e-01
strong,0.05,3.912,32,20,3.267471e-02,1.4351,1,4.579669e+00,1.016891e-15,6.847504e-30,2.601777e-01
strong,0.05,3.912,34,5,3.267471e-02,1.1399,0,3.474034e+00,7.713905e-16,3.247652e-05,2.348825e-01
strong,0.05,3.912,34,10,3.267471e-02,1.1399,1,3.474034e+00,7.713905e-16,1.594751e-12,2.348913e-01
strong,0.05,3.912,34,20,3.267471e-02,1.1399,1,3.474034e+00,7.713905e-16,4.222137e-32,2.348913e-01
strong,0.05,3.912,36,5,3.267471e-02,0.9055,0,2.635324e+00,5.851595e-16,6.332417e-06,2.101748e-01
strong,0.05,3.912,36,10,3.267471e-02,0.9055,1,2.635324e+00,5.851595e-16,9.833154e-14,2.101766e-01
strong,0.05,3.912,36,20,3.267471e-02,0.9055,1,2.635324e+00,5.851595e-16,2.603348e-34,2.101766e-01
strong,0.05,3.912,38,5,3.267471e-02,0.7192,0,2.038814e+00,4.527076e-16,1.234723e-06,1.864359e-01
strong,0.05,3.912,38,10,3.267471e-02,0.7192,1,2.038814e+00,4.527076e-16,6.063074e-15,1.864363e-01
strong,0.05,3.912,38,20,3.267471e-02,0.7192,1,2.038814e+00,4.527076e-16,1.605212e-36,1.864363e-01
strong,0.05,3.912,40,5,3.267471e-02,0.5713,0,1.582623e+00,3.514129e-16,2.407518e-07,1.639998e-01
strong,0.05,3.912,40,10,3.267471e-02,0.5713,1,1.582623e+00,3.514129e-16,3.738461e-16,1.639998e-01
strong,0.05,3.912,40,20,3.267471e-02,0.5713,1,1.582623e+00,3.514129e-16,9.897654e-39,1.639998e-01
strong,0.05,3.912,42,5,3.267471e-02,0.4538,1,1.228507e+00,2.727833e-16,4.694285e-08,1.431147e-01
strong,0.05,3.912,42,10,3.267471e-02,0.4538,1,1.228507e+00,2.727833e-16,2.305116e-17,1.431147e-01
strong,0.05,3.912,42,20,3.267471e-02,0.4538,1,1.228507e+00,2.727833e-16,6.102844e-41,1.431147e-01
strong,0.05,3.912,44,5,3.267471e-02,0.3605,1,9.536248e-01,2.117472e-16,9.153127e-09,1.239450e-01
strong,0.05,3.912,44,10,3.267471e-02,0.3605,1,9.536248e-01,2.117472e-16,1.421323e-18,1.239450e-01
strong,0.05,3.912,44,20,3.267471e-02,0.3605,1,9.536248e-01,2.117472e-16,3.762983e-43,1.239450e-01
strong,0.05,3.912,46,5,3.267471e-02,0.2863,1,7.402485e-01,1.643682e-16,1.784718e-09,1.065770e-01
strong,0.05,3.912,46,10,3.267471e-02,0.2863,1,7.402485e-01,1.643682e-16,8.763808e-20,1.065770e-01
strong,0.05,3.912,46,20,3.267471e-02,0.2863,1,7.402485e-01,1.643682e-16,2.320237e-45,1.065770e-01
strong,0.05,3.912,48,5,3.267471e-02,0.2274,1,5.746157e-01,1.275903e-16,3.479922e-10,9.102845e-02
strong,0.05,3.912,48,10,3.267471e-02,0.2274,1,5.746157e-01,1.275903e-16,5.403720e-21,9.102845e-02
strong,0.05,3.912,48,20,3.267471e-02,0.2274,1,5.746157e-01,1.275903e-16,1.430646e-47,9.102845e-02
strong,0.05,3.912,50,5,3.267471e-02,0.1807,1,4.460438e-01,9.904162e-17,6.785307e-11,7.726070e-02
strong,0.05,3.912,50,10,3.267471e-02,0.1807,1,4.460438e-01,9.904162e-17,3.331907e-22,7.726070e-02
strong,0.05,3.912,50,20,3.267471e-02,0.1807,1,4.460438e-01,9.904162e-17,8.821294e-50,7.726070e-02
strong,0.05,4.888,20,5,2.092780e-02,8.9200,0,3.300435e+02,7.328438e-14,5.466327e+01,-7.714535e+00
strong,0.05,4.888,20,10,2.092780e-02,8.9200,0,3.300435e+02,7.328438e-14,4.379398e-02,4.191802e-01
strong,0.05,4.888,20,20,2.092780e-02,8.9200,0,3.300435e+02,7.328438e-14,1.392787e-11,4.277719e-01
strong,0.05,4.888,22,5,2.092780e-02,7.0854,0,1.484286e+02,3.295778e-14,1.065849e+01,-1.314757e+00
strong,0.05,4.888,22,10,2.092780e-02,7.0854,0,1.484286e+02,3.295778e-14,2.700315e-03,4.119260e-01
strong,0.05,4.888,22,20,2.092780e-02,7.0854,1,1.484286e+02,3.295778e-14,8.587857e-14,4.124942e-01
strong,0.05,4.888,24,5,2.092780e-02,5.6281,0,7.212723e+01,1.601546e-14,2.078240e+00,3.016506e-02
strong,0.05,4.888,24,10,2.092780e-02,5.6281,0,7.212723e+01,1.601546e-14,1.665001e-04,3.949956e-01
strong,0.05,4.888,24,20,2.092780e-02,5.6281,1,7.212723e+01,1.601546e-14,5.295230e-16,3.950331e-01
strong,0.05,4.888,26,5,2.092780e-02,4.4706,0,3.784435e+01,8.403133e-15,4.052244e-01,2.987002e-01
strong,0.05,4.888,26,10,2.092780e-02,4.4706,0,3.784435e+01,8.403133e-15,1.026631e-05,3.754590e-01
strong,0.05,4.888,26,20,2.092780e-02,4.4706,1,3.784435e+01,8.403133e-15,3.265012e-18,3.754615e-01
strong,0.05,4.888,28,5,2.092780e-02,3.5511,0,2.280348e+01,5.063389e-15,7.901246e-02,3.378811e-01
strong,0.05,4.888,28,10,2.092780e-02,3.5511,0,2.280348e+01,5.063389e-15,6.330155e-07,3.539665e-01
strong,0.05,4.888,28,20,2.092780e-02,3.5511,1,2.280348e+01,5.063389e-15,2.013190e-20,3.539667e-01
strong,0.05,4.888,30,5,2.092780e-02,2.8208,0,1.398202e+01,3.104632e-15,1.540620e-02,3.274881e-01
strong,0.05,4.888,30,10,2.092780e-02,2.8208,0,1.398202e+01,3.104632e-15,3.903142e-08,3.308461e-01
strong,0.05,4.888,30,20,2.092780e-02,2.8208,1,1.398202e+01,3.104632e-15,1.241323e-22,3.308461e-01
strong,0.05,4.888,32,5,2.092780e-02,2.2406,0,8.621243e+00,1.914300e-15,3.003970e-03,3.057918e-01
strong,0.05,4.888,32,10,2.092780e-02,2.2406,0,8.621243e+00,1.914300e-15,2.406658e-09,3.064903e-01
strong,0.05,4.888,32,20,2.092780e-02,2.2406,1,8.621243e+00,1.914300e-15,7.653936e-25,3.064903e-01
strong,0.05,4.888,34,5,2.092780e-02,1.7798,0,5.753548e+00,1.277544e-15,5.857275e-04,2.812103e-01
strong,0.05,4.888,34,10,2.092780e-02,1.7798,1,5.753548e+00,1.277544e-15,1.483933e-10,2.813551e-01
strong,0.05,4.888,34,20,2.092780e-02,1.7798,1,5.753548e+00,1.277544e-15,4.719378e-27,2.813551e-01
strong,0.05,4.888,36,5,2.092780e-02,1.4137,0,4.364513e+00,9.691165e-16,1.142078e-04,2.558988e-01
strong,0.05,4.888,36,10,2.092780e-02,1.4137,1,4.364513e+00,9.691165e-16,9.149858e-12,2.559288e-01
strong,0.05,4.888,36,20,2.092780e-02,1.4137,1,4.364513e+00,9.691165e-16,2.909945e-29,2.559288e-01
strong,0.05,4.888,38,5,2.092780e-02,1.1230,0,3.310822e+00,7.351501e-16,2.226874e-05,2.306901e-01
strong,0.05,4.888,38,10,2.092780e-02,1.1230,1,3.310822e+00,7.351501e-16,5.641757e-13,2.306963e-01
strong,0.05,4.888,38,20,2.092780e-02,1.1230,1,3.310822e+00,7.351501e-16,1.794258e-31,2.306963e-01
strong,0.05,4.888,40,5,2.092780e-02,0.8920,0,2.513560e+00,5.581224e-16,4.342058e-06,2.061073e-01
strong,0.05,4.888,40,10,2.092780e-02,0.8920,1,2.513560e+00,5.581224e-16,3.478679e-14,2.061085e-01
strong,0.05,4.888,40,20,2.092780e-02,0.8920,1,2.513560e+00,5.581224e-16,1.106330e-33,2.061085e-01
strong,0.05,4.888,42,5,2.092780e-02,0.7085,0,1.951143e+00,4.332409e-16,8.466338e-07,1.825571e-01
strong,0.05,4.888,42,10,2.092780e-02,0.7085,1,1.951143e+00,4.332409e-16,2.144936e-15,1.825573e-01
strong,0.05,4.888,42,20,2.092780e-02,0.7085,1,1.951143e+00,4.332409e-16,6.821577e-36,1.825573e-01
strong,0.05,4.888,44,5,2.092780e-02,0.5628,0,1.514570e+00,3.363020e-16,1.650804e-07,1.603591e-01
strong,0.05,4.888,44,10,2.092780e-02,0.5628,1,1.514570e+00,3.363020e-16,1.322557e-16,1.603592e-01
strong,0.05,4.888,44,20,2.092780e-02,0.5628,1,1.514570e+00,3.363020e-16,4.206150e-38,1.603592e-01
strong,0.05,4.888,46,5,2.092780e-02,0.4471,1,1.175680e+00,2.610534e-16,3.218812e-08,1.397475e-01
strong,0.05,4.888,46,10,2.092780e-02,0.4471,1,1.175680e+00,2.610534e-16,8.154820e-18,1.397475e-01
strong,0.05,4.888,46,20,2.092780e-02,0.4471,1,1.175680e+00,2.610534e-16,2.593491e-40,1.397475e-01
strong,0.05,4.888,48,5,2.092780e-02,0.3551,1,9.126184e-01,2.026420e-16,6.276183e-09,1.208728e-01
strong,0.05,4.888,48,10,2.092780e-02,0.3551,1,9.126184e-01,2.026420e-16,5.028221e-19,1.208728e-01
strong,0.05,4.888,48,20,2.092780e-02,0.3551,1,9.126184e-01,2.026420e-16,1.599134e-42,1.208728e-01
strong,0.05,4.888,50,5,2.092780e-02,0.2821,1,7.084174e-01,1.573003e-16,1.223758e-09,1.038089e-01
strong,0.05,4.888,50,10,2.092780e-02,0.2821,1,7.084174e-01,1.573003e-16,3.100376e-20,1.038089e-01
strong,0.05,4.888,50,20,2.092780e-02,0.2821,1,7.084174e-01,1.573003e-16,9.860179e-45,1.038089e-01
strong,0.1,0.5,20,5,5.228863e-01,0.3570,1,2.575661e-01,5.719116e-17,1.672034e-10,3.567277e-01
strong,0.1,0.5,20,10,5.228863e-01,0.3570,1,2.575661e-01,5.719116e-17,5.584818e-21,3.567277e-01
strong,0.1,0.5,20,20,5.228863e-01,0.3570,1,2.575661e-01,5.719116e-17,1.544444e-45,3.567277e-01
strong,0.1,0.5,22,5,5.228863e-01,0.2836,1,1.999349e-01,4.439447e-17,3.260207e-11,3.428921e-01
strong,0.1,0.5,22,10,5.228863e-01,0.2836,1,1.999349e-01,4.439447e-17,3.443571e-22,3.428921e-01
strong,0.1,0.5,22,20,5.228863e-01,0.2836,1,1.999349e-01,4.439447e-17,9.522965e-48,3.428921e-01
strong,0.1,0.5,24,5,5.228863e-01,0.2253,1,1.551989e-01,3.446108e-17,6.356898e-12,3.289435e-01
strong,0.1,0.5,24,10,5.228863e-01,0.2253,1,1.551989e-01,3.446108e-17,2.123288e-23,3.289435e-01
strong,0.1,0.5,24,20,5.228863e-01,0.2253,1,1.551989e-01,3.446108e-17,5.871812e-50,3.289435e-01
strong,0.1,0.5,26,5,5.228863e-01,0.1789,1,1.204727e-01,2.675032e-17,1.239496e-12,3.149883e-01
strong,0.1,0.5,26,10,5.228863e-01,0.1789,1,1.204727e-01,2.675032e-17,1.309209e-24,3.149883e-01
strong,0.1,0.5,26,20,5.228863e-01,0.1789,1,1.204727e-01,2.675032e-17,3.620530e-52,3.149883e-01
strong,0.1,0.5,28,5,5.228863e-01,0.1421,1,9.351659e-02,2.076486e-17,2.416825e-13,3.011230e-01
strong,0.1,0.5,28,10,5.228863e-01,0.1421,1,9.351659e-02,2.076486e-17,8.072517e-26,3.011230e-01
strong,0.1,0.5,28,20,5.228863e-01,0.1421,1,9.351659e-02,2.076486e-17,2.232401e-54,3.011230e-01
strong,0.1,0.5,30,5,5.228863e-01,0.1129,1,7.259199e-02,1.611866e-17,4.712433e-14,2.874323e-01
strong,0.1,0.5,30,10,5.228863e-01,0.1129,1,7.259199e-02,1.611866e-17,4.977474e-27,2.874323e-01
strong,0.1,0.5,30,20,5.228863e-01,0.1129,1,7.259199e-02,1.611866e-17,1.376487e-56,2.874323e-01
strong,0.1,0.5,32,5,5.228863e-01,0.0897,1,5.634932e-02,1.251206e-17,9.188513e-15,2.739892e-01
strong,0.1,0.5,32,10,5.228863e-01,0.0897,1,5.634932e-02,1.251206e-17,3.069086e-28,2.739892e-01
strong,0.1,0.5,32,20,5.228863e-01,0.0897,1,5.634932e-02,1.251206e-17,8.487351e-59,2.739892e-01
strong,0.1,0.5,34,5,5.228863e-01,0.0712,1,4.374100e-02,9.712453e-18,1.791617e-15,2.608545e-01
strong,0.1,0.5,34,10,5.228863e-01,0.0712,1,4.374100e-02,9.712453e-18,1.892383e-29,2.608545e-01
strong,0.1,0.5,34,20,5.228863e-01,0.0712,1,4.374100e-02,9.712453e-18,5.233258e-61,2.608545e-01
strong,0.1,0.5,36,5,5.228863e-01,0.0566,1,3.395382e-02,7.539263e-18,3.493375e-16,2.480777e-01
strong,0.1,0.5,36,10,5.228863e-01,0.0566,1,3.395382e-02,7.539263e-18,1.166834e-30,2.480777e-01
strong,0.1,0.5,36,20,5.228863e-01,0.0566,1,3.395382e-02,7.539263e-18,3.226801e-63,2.480777e-01
strong,0.1,0.5,38,5,5.228863e-01,0.0449,1,2.635656e-02,5.852331e-18,6.811539e-17,2.356975e-01
strong,0.1,0.5,38,10,5.228863e-01,0.0449,1,2.635656e-02,5.852331e-18,7.194639e-32,2.356975e-01
strong,0.1,0.5,38,20,5.228863e-01,0.0449,1,2.635656e-02,5.852331e-18,1.989629e-65,2.356975e-01
strong,0.1,0.5,40,5,5.228863e-01,0.0357,1,2.045920e-02,4.542855e-18,1.328144e-17,2.237428e-01
strong,0.1,0.5,40,10,5.228863e-01,0.0357,1,2.045920e-02,4.542855e-18,4.436178e-33,2.237428e-01
strong,0.1,0.5,40,20,5.228863e-01,0.0357,1,2.045920e-02,4.542855e-18,1.226795e-67,2.237428e-01
strong,0.1,0.5,42,5,5.228863e-01,0.0284,1,1.588140e-02,3.526378e-18,2.589675e-18,2.122339e-01
strong,0.1,0.5,42,10,5.228863e-01,0.0284,1,1.588140e-02,3.526378e-18,2.735325e-34,2.122339e-01
strong,0.1,0.5,42,20,5.228863e-01,0.0284,1,1.588140e-02,3.526378e-18,7.564360e-70,2.122339e-01
strong,0.1,0.5,44,5,5.228863e-01,0.0225,1,1.232789e-02,2.737341e-18,5.049463e-19,2.011837e-01
strong,0.1,0.5,44,10,5.228863e-01,0.0225,1,1.232789e-02,2.737341e-18,1.686588e-35,2.011837e-01
strong,0.1,0.5,44,20,5.228863e-01,0.0225,1,1.232789e-02,2.737341e-18,4.664146e-72,2.011837e-01
strong,0.1,0.5,46,5,5.228863e-01,0.0179,1,9.569488e-03,2.124853e-18,9.845669e-20,1.905986e-01
strong,0.1,0.5,46,10,5.228863e-01,0.0179,1,9.569488e-03,2.124853e-18,1.039942e-36,1.905986e-01
strong,0.1,0.5,46,20,5.228863e-01,0.0179,1,9.569488e-03,2.124853e-18,2.875889e-74,1.905986e-01
strong,0.1,0.5,48,5,5.228863e-01,0.0142,1,7.428287e-03,1.649411e-18,1.919752e-20,1.804796e-01
strong,0.1,0.5,48,10,5.228863e-01,0.0142,1,7.428287e-03,1.649411e-18,6.412228e-38,1.804796e-01
strong,0.1,0.5,48,20,5.228863e-01,0.0142,1,7.428287e-03,1.649411e-18,1.773259e-76,1.804796e-01
strong,0.1,0.5,50,5,5.228863e-01,0.0113,1,5.766186e-03,1.280351e-18,3.743219e-21,1.708233e-01
strong,0.1,0.5,50,10,5.228863e-01,0.0113,1,5.766186e-03,1.280351e-18,3.953748e-39,1.708233e-01
strong,0.1,0.5,50,20,5.228863e-01,0.0113,1,5.766186e-03,1.280351e-18,1.093383e-78,1.708233e-01
strong,0.1,0.628,20,5,3.208683e-01,0.5818,0,8.375426e-01,1.859718e-16,8.634697e-09,3.442026e-01
strong,0.1,0.628,20,10,3.208683e-01,0.5818,1,8.375426e-01,1.859718e-16,3.284618e-18,3.442026e-01
strong,0.1,0.628,20,20,3.208683e-01,0.5818,1,8.375426e-01,1.859718e-16,1.192908e-40,3.442026e-01
strong,0.1,0.628,22,5,3.208683e-01,0.4621,1,6.501400e-01,1.443601e-16,1.683632e-09,3.272532e-01
strong,0.1,0.628,22,10,3.208683e-01,0.4621,1,6.501400e-01,1.443601e-16,2.025279e-19,3.272532e-01
strong,0.1,0.628,22,20,3.208683e-01,0.4621,1,6.501400e-01,1.443601e-16,7.355414e-43,3.272532e-01
strong,0.1,0.628,24,5,3.208683e-01,0.3671,1,5.046693e-01,1.120591e-16,3.282820e-10,3.100671e-01
strong,0.1,0.628,24,10,3.208683e-01,0.3671,1,5.046693e-01,1.120591e-16,1.248777e-20,3.100671e-01
strong,0.1,0.628,24,20,3.208683e-01,0.3671,1,5.046693e-01,1.120591e-16,4.535311e-45,3.100671e-01
strong,0.1,0.628,26,5,3.208683e-01,0.2916,1,3.917481e-01,8.698555e-17,6.400989e-11,2.928198e-01
strong,0.1,0.628,26,10,3.208683e-01,0.2916,1,3.917481e-01,8.698555e-17,7.699897e-22,2.928198e-01
strong,0.1,0.628,26,20,3.208683e-01,0.2916,1,3.917481e-01,8.698555e-17,2.796450e-47,2.928198e-01
strong,0.1,0.628,28,5,3.208683e-01,0.2316,1,3.040933e-01,6.752228e-17,1.248093e-11,2.756746e-01
strong,0.1,0.628,28,10,3.208683e-01,0.2316,1,3.040933e-01,6.752228e-17,4.747718e-23,2.756746e-01
strong,0.1,0.628,28,20,3.208683e-01,0.2316,1,3.040933e-01,6.752228e-17,1.724277e-49,2.756746e-01
strong,0.1,0.628,30,5,3.208683e-01,0.1840,1,2.360516e-01,5.241398e-17,2.433588e-12,2.587788e-01
strong,0.1,0.628,30,10,3.208683e-01,0.1840,1,2.360516e-01,5.241398e-17,2.927419e-24,2.587788e-01
strong,0.1,0.628,30,20,3.208683e-01,0.1840,1,2.360516e-01,5.241398e-17,1.063181e-51,2.587788e-01
strong,0.1,0.628,32,5,3.208683e-01,0.1461,1,1.832343e-01,4.068620e-17,4.745119e-13,2.422605e-01
strong,0.1,0.628,32,10,3.208683e-01,0.1461,1,1.832343e-01,4.068620e-17,1.805032e-25,2.422605e-01
strong,0.1,0.628,32,20,3.208683e-01,0.1461,1,1.832343e-01,4.068620e-17,6.555519e-54,2.422605e-01
strong,0.1,0.628,34,5,3.208683e-01,0.1161,1,1.422351e-01,3.158254e-17,9.252244e-14,2.262276e-01
strong,0.1,0.628,34,10,3.208683e-01,0.1161,1,1.422351e-01,3.158254e-17,1.112974e-26,2.262276e-01
strong,0.1,0.628,34,20,3.208683e-01,0.1161,1,1.422351e-01,3.158254e-17,4.042101e-56,2.262276e-01
strong,0.1,0.628,36,5,3.208683e-01,0.0922,1,1.104096e-01,2.451586e-17,1.804044e-14,2.107677e-01
strong,0.1,0.628,36,10,3.208683e-01,0.0922,1,1.104096e-01,2.451586e-17,6.862540e-28,2.107677e-01
strong,0.1,0.628,36,20,3.208683e-01,0.0922,1,1.104096e-01,2.451586e-17,2.492339e-58,2.107677e-01
strong,0.1,0.628,38,5,3.208683e-01,0.0732,1,8.570514e-02,1.903036e-17,3.517605e-15,1.959485e-01
strong,0.1,0.628,38,10,3.208683e-01,0.0732,1,8.570514e-02,1.903036e-17,4.231408e-29,1.959485e-01
strong,0.1,0.628,38,20,3.208683e-01,0.0732,1,8.570514e-02,1.903036e-17,1.536764e-60,1.959485e-01
strong,0.1,0.628,40,5,3.208683e-01,0.0582,1,6.652837e-02,1.477227e-17,6.858783e-16,1.818193e-01
strong,0.1,0.628,40,10,3.208683e-01,0.0582,1,6.652837e-02,1.477227e-17,2.609065e-30,1.818193e-01
strong,0.1,0.628,40,20,3.208683e-01,0.0582,1,6.652837e-02,1.477227e-17,9.475609e-63,1.818193e-01
strong,0.1,0.628,42,5,3.208683e-01,0.0462,1,5.164246e-02,1.146693e-17,1.337356e-16,1.684128e-01
strong,0.1,0.628,42,10,3.208683e-01,0.0462,1,5.164246e-02,1.146693e-17,1.608736e-31,1.684128e-01
strong,0.1,0.628,42,20,3.208683e-01,0.0462,1,5.164246e-02,1.146693e-17,5.842613e-65,1.684128e-01
strong,0.1,0.628,44,5,3.208683e-01,0.0367,1,4.008731e-02,8.901170e-18,2.607637e-17,1.557469e-01
strong,0.1,0.628,44,10,3.208683e-01,0.0367,1,4.008731e-02,8.901170e-18,9.919389e-33,1.557469e-01
strong,0.1,0.628,44,20,3.208683e-01,0.0367,1,4.008731e-02,8.901170e-18,3.602526e-67,1.557469e-01
strong,0.1,0.628,46,5,3.208683e-01,0.0292,1,3.111766e-02,6.909508e-18,5.084486e-18,1.438272e-01
strong,0.1,0.628,46,10,3.208683e-01,0.0292,1,3.111766e-02,6.909508e-18,6.116246e-34,1.438272e-01
strong,0.1,0.628,46,20,3.208683e-01,0.0292,1,3.111766e-02,6.909508e-18,2.221299e-69,1.438272e-01
strong,0.1,0.628,48,5,3.208683e-01,0.0232,1,2.415499e-02,5.363485e-18,9.913958e-19,1.326485e-01
strong,0.1,0.628,48,10,3.208683e-01,0.0232,1,2.415499e-02,5.363485e-18,3.771246e-35,1.326485e-01
strong,0.1,0.628,48,20,3.208683e-01,0.0232,1,2.415499e-02,5.363485e-18,1.369642e-71,1.326485e-01
strong,0.1,0.628,50,5,3.208683e-01,0.0184,1,1.875024e-02,4.163390e-18,1.933068e-19,1.221972e-01
strong,0.1,0.628,50,10,3.208683e-01,0.0184,1,1.875024e-02,4.163390e-18,2.325332e-36,1.221972e-01
strong,0.1,0.628,50,20,3.208683e-01,0.0184,1,1.875024e-02,4.163390e-18,8.445145e-74,1.221972e-01
strong,0.1,0.789,20,5,2.016348e-01,0.9258,0,3.256816e+00,7.231584e-16,3.819618e-07,3.398835e-01
strong,0.1,0.789,20,10,2.016348e-01,0.9258,1,3.256816e+00,7.231584e-16,1.460762e-15,3.398834e-01
strong,0.1,0.789,20,20,2.016348e-01,0.9258,1,3.256816e+00,7.231584e-16,5.474648e-36,3.398834e-01
strong,0.1,0.789,22,5,2.016348e-01,0.7354,0,2.528094e+00,5.613496e-16,7.447662e-08,3.203294e-01
strong,0.1,0.789,22,10,2.016348e-01,0.7354,1,2.528094e+00,5.613496e-16,9.006988e-17,3.203293e-01
strong,0.1,0.789,22,20,2.016348e-01,0.7354,1,2.528094e+00,5.613496e-16,3.375641e-38,3.203293e-01
strong,0.1,0.789,24,5,2.016348e-01,0.5841,0,1.962426e+00,4.357460e-16,1.452178e-08,3.003340e-01
strong,0.1,0.789,24,10,2.016348e-01,0.5841,1,1.962426e+00,4.357460e-16,5.553664e-18,3.003340e-01
strong,0.1,0.789,24,20,2.016348e-01,0.5841,1,1.962426e+00,4.357460e-16,2.081403e-40,3.003340e-01
strong,0.1,0.789,26,5,2.016348e-01,0.4640,1,1.523327e+00,3.382466e-16,2.831522e-09,2.801547e-01
strong,0.1,0.789,26,10,2.016348e-01,0.4640,1,1.523327e+00,3.382466e-16,3.424361e-19,2.801547e-01
strong,0.1,0.789,26,20,2.016348e-01,0.4640,1,1.523327e+00,3.382466e-16,1.283383e-42,2.801547e-01
strong,0.1,0.789,28,5,2.016348e-01,0.3686,1,1.182478e+00,2.625630e-16,5.521028e-10,2.600396e-01
strong,0.1,0.789,28,10,2.016348e-01,0.3686,1,1.182478e+00,2.625630e-16,2.111444e-20,2.600396e-01
strong,0.1,0.789,28,20,2.016348e-01,0.3686,1,1.182478e+00,2.625630e-16,7.913274e-45,2.600396e-01
strong,0.1,0.789,30,5,2.016348e-01,0.2928,1,9.178955e-01,2.038137e-16,1.076515e-10,2.402183e-01
strong,0.1,0.789,30,10,2.016348e-01,0.2928,1,9.178955e-01,2.038137e-16,1.301906e-21,2.402183e-01
strong,0.1,0.789,30,20,2.016348e-01,0.2928,1,9.178955e-01,2.038137e-16,4.879285e-47,2.402183e-01
strong,0.1,0.789,32,5,2.016348e-01,0.2326,1,7.125137e-01,1.582098e-16,2.099036e-11,2.208946e-01
strong,0.1,0.789,32,10,2.016348e-01,0.2326,1,7.125137e-01,1.582098e-16,8.027487e-23,2.208946e-01
strong,0.1,0.789,32,20,2.016348e-01,0.2326,1,7.125137e-01,1.582098e-16,3.008543e-49,2.208946e-01
strong,0.1,0.789,34,5,2.016348e-01,0.1847,1,5.530867e-01,1.228099e-16,4.092795e-12,2.022423e-01
strong,0.1,0.789,34,10,2.016348e-01,0.1847,1,5.530867e-01,1.228099e-16,4.949708e-24,2.022423e-01
strong,0.1,0.789,34,20,2.016348e-01,0.1847,1,5.530867e-01,1.228099e-16,1.855053e-51,2.022423e-01
strong,0.1,0.789,36,5,2.016348e-01,0.1467,1,4.293320e-01,9.533085e-17,7.980314e-13,1.844023e-01
strong,0.1,0.789,36,10,2.016348e-01,0.1467,1,4.293320e-01,9.533085e-17,3.051965e-25,1.844023e-01
strong,0.1,0.789,36,20,2.016348e-01,0.1467,1,4.293320e-01,9.533085e-17,1.143816e-53,1.844023e-01
strong,0.1,0.789,38,5,2.016348e-01,0.1166,1,3.332677e-01,7.400029e-17,1.556037e-13,1.674828e-01
strong,0.1,0.789,38,10,2.016348e-01,0.1166,1,3.332677e-01,7.400029e-17,1.881827e-26,1.674828e-01
strong,0.1,0.789,38,20,2.016348e-01,0.1166,1,3.332677e-01,7.400029e-17,7.052713e-56,1.674828e-01
strong,0.1,0.789,40,5,2.016348e-01,0.0926,1,2.586981e-01,5.744251e-17,3.034031e-14,1.515606e-01
strong,0.1,0.789,40,10,2.016348e-01,0.0926,1,2.586981e-01,5.744251e-17,1.160325e-27,1.515606e-01
strong,0.1,0.789,40,20,2.016348e-01,0.0926,1,2.586981e-01,5.744251e-17,4.348668e-58,1.515606e-01
strong,0.1,0.789,42,5,2.016348e-01,0.0735,1,2.008136e-01,4.458959e-17,5.915888e-15,1.366835e-01
strong,0.1,0.789,42,10,2.016348e-01,0.0735,1,2.008136e-01,4.458959e-17,7.154505e-29,1.366835e-01
strong,0.1,0.789,42,20,2.016348e-01,0.0735,1,2.008136e-01,4.458959e-17,2.681367e-60,1.366835e-01
strong,0.1,0.789,44,5,2.016348e-01,0.0584,1,1.558810e-01,3.461254e-17,1.153506e-15,1.228736e-01
strong,0.1,0.789,44,10,2.016348e-01,0.0584,1,1.558810e-01,3.461254e-17,4.411432e-30,1.228736e-01
strong,0.1,0.789,44,20,2.016348e-01,0.0584,1,1.558810e-01,3.461254e-17,1.653317e-62,1.228736e-01
strong,0.1,0.789,46,5,2.016348e-01,0.0464,1,1.210022e-01,2.686788e-17,2.249158e-16,1.101310e-01
strong,0.1,0.789,46,10,2.016348e-01,0.0464,1,1.210022e-01,2.686788e-17,2.720067e-31,1.101310e-01
strong,0.1,0.789,46,20,2.016348e-01,0.0464,1,1.210022e-01,2.686788e-17,1.019427e-64,1.101310e-01
strong,0.1,0.789,48,5,2.016348e-01,0.0369,1,9.392760e-02,2.085612e-17,4.385509e-17,9.843760e-02
strong,0.1,0.789,48,10,2.016348e-01,0.0369,1,9.392760e-02,2.085612e-17,1.677180e-32,9.843760e-02
strong,0.1,0.789,48,20,2.016348e-01,0.0369,1,9.392760e-02,2.085612e-17,6.285737e-67,9.843760e-02
strong,0.1,0.789,50,5,2.016348e-01,0.0293,1,7.291103e-02,1.618950e-17,8.551060e-18,8.776078e-02
strong,0.1,0.789,50,10,2.016348e-01,0.0293,1,7.291103e-02,1.618950e-17,1.034141e-33,8.776078e-02
strong,0.1,0.789,50,20,2.016348e-01,0.0293,1,7.291103e-02,1.618950e-17,3.875754e-69,8.776078e-02
strong,0.1,0.992,20,5,1.272177e-01,1.4674,0,3.518991e+01,7.813730e-15,1.682516e-05,3.465188e-01
strong,0.1,0.992,20,10,1.272177e-01,1.4674,1,3.518991e+01,7.813730e-15,6.274302e-13,3.465142e-01
strong,0.1,0.992,20,20,1.272177e-01,1.4674,1,3.518991e+01,7.813730e-15,2.317358e-31,3.465142e-01
strong,0.1,0.992,22,5,1.272177e-01,1.1656,0,2.731607e+01,6.065385e-15,3.280644e-06,3.253834e-01
strong,0.1,0.992,22,10,1.272177e-01,1.1656,1,2.731607e+01,6.065385e-15,3.868703e-14,3.253825e-01
strong,0.1,0.992,22,20,1.272177e-01,1.1656,1,2.731607e+01,6.065385e-15,1.428871e-33,3.253825e-01
strong,0.1,0.992,24,5,1.272177e-01,0.9259,0,2.120402e+01,4.708238e-15,6.396746e-07,3.034814e-01
strong,0.1,0.992,24,10,1.272177e-01,0.9259,1,2.120402e+01,4.708238e-15,2.385423e-15,3.034812e-01
strong,0.1,0.992,24,20,1.272177e-01,0.9259,1,2.120402e+01,4.708238e-15,8.810348e-36,3.034812e-01
strong,0.1,0.992,26,5,1.272177e-01,0.7354,0,1.645956e+01,3.654756e-15,1.247266e-07,2.811414e-01
strong,0.1,0.992,26,10,1.272177e-01,0.7354,1,1.645956e+01,3.654756e-15,1.470840e-16,2.811413e-01
strong,0.1,0.992,26,20,1.272177e-01,0.7354,1,1.645956e+01,3.654756e-15,5.432417e-38,2.811413e-01
strong,0.1,0.992,28,5,1.272177e-01,0.5842,0,1.277668e+01,2.836994e-15,2.431975e-08,2.586981e-01
strong,0.1,0.992,28,10,1.272177e-01,0.5842,1,1.277668e+01,2.836994e-15,9.069126e-18,2.586981e-01
strong,0.1,0.992,28,20,1.272177e-01,0.5842,1,1.277668e+01,2.836994e-15,3.349601e-40,2.586981e-01
strong,0.1,0.992,30,5,1.272177e-01,0.4640,1,9.917864e+00,2.202208e-15,4.741974e-09,2.364740e-01
strong,0.1,0.992,30,10,1.272177e-01,0.4640,1,9.917864e+00,2.202208e-15,5.591977e-19,2.364740e-01
strong,0.1,0.992,30,20,1.272177e-01,0.4640,1,9.917864e+00,2.202208e-15,2.065347e-42,2.364740e-01
strong,0.1,0.992,32,5,1.272177e-01,0.3686,1,7.698713e+00,1.709458e-15,9.246112e-10,2.147644e-01
strong,0.1,0.992,32,10,1.272177e-01,0.3686,1,7.698713e+00,1.709458e-15,3.447985e-20,2.147644e-01
strong,0.1,0.992,32,20,1.272177e-01,0.3686,1,7.698713e+00,1.709458e-15,1.273483e-44,2.147644e-01
strong,0.1,0.992,34,5,1.272177e-01,0.2928,1,5.976104e+00,1.326962e-15,1.802848e-10,1.938267e-01
strong,0.1,0.992,34,10,1.272177e-01,0.2928,1,5.976104e+00,1.326962e-15,2.126011e-21,1.938267e-01
strong,0.1,0.992,34,20,1.272177e-01,0.2928,1,5.976104e+00,1.326962e-15,7.852231e-47,1.938267e-01
strong,0.1,0.992,36,5,1.272177e-01,0.2326,1,4.638934e+00,1.030050e-15,3.515274e-11,1.738734e-01
strong,0.1,0.992,36,10,1.272177e-01,0.2326,1,4.638934e+00,1.030050e-15,1.310887e-22,1.738734e-01
strong,0.1,0.992,36,20,1.272177e-01,0.2326,1,4.638934e+00,1.030050e-15,4.841646e-49,1.738734e-01
strong,0.1,0.992,38,5,1.272177e-01,0.1847,1,3.600959e+00,7.995735e-16,6.854237e-12,1.550693e-01
strong,0.1,0.992,38,10,1.272177e-01,0.1847,1,3.600959e+00,7.995735e-16,8.082867e-24,1.550693e-01
strong,0.1,0.992,38,20,1.272177e-01,0.1847,1,3.600959e+00,7.995735e-16,2.985335e-51,1.550693e-01
strong,0.1,0.992,40,5,1.272177e-01,0.1467,1,2.795234e+00,6.206666e-16,1.336470e-12,1.375317e-01
strong,0.1,0.992,40,10,1.272177e-01,0.1467,1,2.795234e+00,6.206666e-16,4.983855e-25,1.375317e-01
strong,0.1,0.992,40,20,1.272177e-01,0.1467,1,2.795234e+00,6.206666e-16,1.840743e-53,1.375317e-01
strong,0.1,0.992,42,5,1.272177e-01,0.1166,1,2.169792e+00,4.817907e-16,2.605908e-13,1.213325e-01
strong,0.1,0.992,42,10,1.272177e-01,0.1166,1,2.169792e+00,4.817907e-16,3.073020e-26,1.213325e-01
strong,0.1,0.992,42,20,1.272177e-01,0.1166,1,2.169792e+00,4.817907e-16,1.134993e-55,1.213325e-01
strong,0.1,0.992,44,5,1.272177e-01,0.0926,1,1.684295e+00,3.739886e-16,5.081116e-14,1.065034e-01
strong,0.1,0.992,44,10,1.272177e-01,0.0926,1,1.684295e+00,3.739886e-16,1.894809e-27,1.065034e-01
strong,0.1,0.992,44,20,1.272177e-01,0.0926,1,1.684295e+00,3.739886e-16,6.998308e-58,1.065034e-01
strong,0.1,0.992,46,5,1.272177e-01,0.0735,1,1.307429e+00,2.903076e-16,9.907387e-15,9.304111e-02
strong,0.1,0.992,46,10,1.272177e-01,0.0735,1,1.307429e+00,2.903076e-16,1.168330e-28,9.304111e-02
strong,0.1,0.992,46,20,1.272177e-01,0.0735,1,1.307429e+00,2.903076e-16,4.315122e-60,9.304111e-02
strong,0.1,0.992,48,5,1.272177e-01,0.0584,1,1.014888e+00,2.253504e-16,1.931787e-15,8.091385e-02
strong,0.1,0.992,48,10,1.272177e-01,0.0584,1,1.014888e+00,2.253504e-16,7.203862e-30,8.091385e-02
strong,0.1,0.992,48,20,1.272177e-01,0.0584,1,1.014888e+00,2.253504e-16,2.660683e-62,8.091385e-02
strong,0.1,0.992,50,5,1.272177e-01,0.0464,1,7.878040e-01,1.749276e-16,3.766684e-16,7.006726e-02
strong,0.1,0.992,50,10,1.272177e-01,0.0464,1,7.878040e-01,1.749276e-16,4.441866e-31,7.006726e-02
strong,0.1,0.992,50,20,1.272177e-01,0.0464,1,7.878040e-01,1.749276e-16,1.640564e-64,7.006726e-02
strong,0.1,1.266,20,5,7.803300e-02,2.3923,0,3.101104e+01,6.885833e-15,9.800168e-04,3.649147e-01
strong,0.1,1.266,20,10,7.803300e-02,2.3923,0,3.101104e+01,6.885833e-15,4.006262e-10,3.646759e-01
strong,0.1,1.266,20,20,7.803300e-02,2.3923,1,3.101104e+01,6.885833e-15,1.909434e-26,3.646759e-01
strong,0.1,1.266,22,5,7.803300e-02,1.9002,0,2.352428e+01,5.223439e-15,1.910880e-04,3.434653e-01
strong,0.1,1.266,22,10,7.803300e-02,1.9002,1,2.352428e+01,5.223439e-15,2.470241e-11,3.434160e-01
strong,0.1,1.266,22,20,7.803300e-02,1.9002,1,2.352428e+01,5.223439e-15,1.177347e-28,3.434160e-01
strong,0.1,1.266,24,5,7.803300e-02,1.5094,0,1.784499e+01,3.962383e-15,3.725920e-05,3.209170e-01
strong,0.1,1.266,24,10,7.803300e-02,1.5094,1,1.784499e+01,3.962383e-15,1.523138e-12,3.209068e-01
strong,0.1,1.266,24,20,7.803300e-02,1.5094,1,1.784499e+01,3.962383e-15,7.259465e-31,3.209068e-01
strong,0.1,1.266,26,5,7.803300e-02,1.1990,0,1.353681e+01,3.005775e-15,7.264965e-06,2.975108e-01
strong,0.1,1.266,26,10,7.803300e-02,1.1990,1,1.353681e+01,3.005775e-15,9.391595e-14,2.975087e-01
strong,0.1,1.266,26,20,7.803300e-02,1.1990,1,1.353681e+01,3.005775e-15,4.476150e-33,2.975087e-01
strong,0.1,1.266,28,5,7.803300e-02,0.9524,0,1.026872e+01,2.280114e-15,1.416555e-06,2.736173e-01
strong,0.1,1.266,28,10,7.803300e-02,0.9524,1,1.026872e+01,2.280114e-15,5.790811e-15,2.736169e-01
strong,0.1,1.266,28,20,7.803300e-02,0.9524,1,1.026872e+01,2.280114e-15,2.759972e-35,2.736169e-01
strong,0.1,1.266,30,5,7.803300e-02,0.7565,0,7.789620e+00,1.729643e-15,2.762063e-07,2.496364e-01
strong,0.1,1.266,30,10,7.803300e-02,0.7565,1,7.789620e+00,1.729643e-15,3.570585e-16,2.496364e-01
strong,0.1,1.266,30,20,7.803300e-02,0.7565,1,7.789620e+00,1.729643e-15,1.701785e-37,2.496364e-01
strong,0.1,1.266,32,5,7.803300e-02,0.6009,0,5.909031e+00,1.312068e-15,5.385593e-08,2.259587e-01
strong,0.1,1.266,32,10,7.803300e-02,0.6009,1,5.909031e+00,1.312068e-15,2.201605e-17,2.259587e-01
strong,0.1,1.266,32,20,7.803300e-02,0.6009,1,5.909031e+00,1.312068e-15,1.049312e-39,2.259587e-01
strong,0.1,1.266,34,5,7.803300e-02,0.4773,1,4.482459e+00,9.953057e-16,1.050107e-08,2.029414e-01
strong,0.1,1.266,34,10,7.803300e-02,0.4773,1,4.482459e+00,9.953057e-16,1.357499e-18,2.029414e-01
strong,0.1,1.266,34,20,7.803300e-02,0.4773,1,4.482459e+00,9.953057e-16,6.470005e-42,2.029414e-01
strong,0.1,1.266,36,5,7.803300e-02,0.3791,1,3.400293e+00,7.550166e-16,2.047545e-09,1.808924e-01
strong,0.1,1.266,36,10,7.803300e-02,0.3791,1,3.400293e+00,7.550166e-16,8.370268e-20,1.808924e-01
strong,0.1,1.266,36,20,7.803300e-02,0.3791,1,3.400293e+00,7.550166e-16,3.989373e-44,1.808924e-01
strong,0.1,1.266,38,5,7.803300e-02,0.3012,1,2.579386e+00,5.727387e-16,3.992395e-10,1.600611e-01
strong,0.1,1.266,38,10,7.803300e-02,0.3012,1,2.579386e+00,5.727387e-16,5.161065e-21,1.600611e-01
strong,0.1,1.266,38,20,7.803300e-02,0.3012,1,2.579386e+00,5.727387e-16,2.459827e-46,1.600611e-01
strong,0.1,1.266,40,5,7.803300e-02,0.2392,1,1.956664e+00,4.344667e-16,7.784550e-11,1.406331e-01
strong,0.1,1.266,40,10,7.803300e-02,0.2392,1,1.956664e+00,4.344667e-16,3.182287e-22,1.406331e-01
strong,0.1,1.266,40,20,7.803300e-02,0.2392,1,1.956664e+00,4.344667e-16,1.516717e-48,1.406331e-01
strong,0.1,1.266,42,5,7.803300e-02,0.1900,1,1.484282e+00,3.295767e-16,1.517866e-11,1.227317e-01
strong,0.1,1.266,42,10,7.803300e-02,0.1900,1,1.484282e+00,3.295767e-16,1.962182e-23,1.227317e-01
strong,0.1,1.266,42,20,7.803300e-02,0.1900,1,1.484282e+00,3.295767e-16,9.352003e-51,1.227317e-01
strong,0.1,1.266,44,5,7.803300e-02,0.1509,1,1.125943e+00,2.500095e-16,2.959603e-12,1.064216e-01
strong,0.1,1.266,44,10,7.803300e-02,0.1509,1,1.125943e+00,2.500095e-16,1.209872e-24,1.064216e-01
strong,0.1,1.266,44,20,7.803300e-02,0.1509,1,1.125943e+00,2.500095e-16,5.766398e-53,1.064216e-01
strong,0.1,1.266,46,5,7.803300e-02,0.1199,1,8.541149e-01,1.896516e-16,5.770767e-13,9.171630e-02
strong,0.1,1.266,46,10,7.803300e-02,0.1199,1,8.541149e-01,1.896516e-16,7.460009e-26,9.171630e-02
strong,0.1,1.266,46,20,7.803300e-02,0.1199,1,8.541149e-01,1.896516e-16,3.555532e-55,9.171630e-02
strong,0.1,1.266,48,5,7.803300e-02,0.0952,1,6.525587e-01,1.448971e-16,1.125210e-13,7.858631e-02
strong,0.1,1.266,48,10,7.803300e-02,0.0952,1,6.525587e-01,1.448971e-16,4.599804e-27,7.858631e-02
strong,0.1,1.266,48,20,7.803300e-02,0.0952,1,6.525587e-01,1.448971e-16,2.192323e-57,7.858631e-02
strong,0.1,1.266,50,5,7.803300e-02,0.0757,1,5.065468e-01,1.124760e-16,2.193984e-14,6.696832e-02
strong,0.1,1.266,50,10,7.803300e-02,0.0757,1,5.065468e-01,1.124760e-16,2.836216e-28,6.696832e-02
strong,0.1,1.266,50,20,7.803300e-02,0.0757,1,5.065468e-01,1.124760e-16,1.351776e-59,6.696832e-02
strong,0.1,1.548,20,5,5.217598e-02,3.5778,0,2.569321e+02,5.705038e-14,2.983652e-02,3.919112e-01
strong,0.1,1.548,20,10,5.217598e-02,3.5778,0,2.569321e+02,5.705038e-14,8.447432e-08,3.853418e-01
strong,0.1,1.548,20,20,5.217598e-02,3.5778,1,2.569321e+02,5.705038e-14,2.167586e-22,3.853418e-01
strong,0.1,1.548,22,5,5.217598e-02,2.8420,0,1.548169e+02,3.437626e-14,5.817658e-03,3.666377e-01
strong,0.1,1.548,22,10,5.217598e-02,2.8420,0,1.548169e+02,3.437626e-14,5.208645e-09,3.652721e-01
strong,0.1,1.548,22,20,5.217598e-02,2.8420,1,1.548169e+02,3.437626e-14,1.336523e-24,3.652721e-01
strong,0.1,1.548,24,5,5.217598e-02,2.2575,0,9.328640e+01,2.071374e-14,1.134353e-03,3.438127e-01
strong,0.1,1.548,24,10,5.217598e-02,2.2575,0,9.328640e+01,2.071374e-14,3.211624e-10,3.435298e-01
strong,0.1,1.548,24,20,5.217598e-02,2.2575,1,9.328640e+01,2.071374e-14,8.240932e-27,3.435298e-01
strong,0.1,1.548,26,5,5.217598e-02,1.7932,0,5.621062e+01,1.248126e-14,2.211812e-04,3.204913e-01
strong,0.1,1.548,26,10,5.217598e-02,1.7932,1,5.621062e+01,1.248126e-14,1.980271e-11,3.204329e-01
strong,0.1,1.548,26,20,5.217598e-02,1.7932,1,5.621062e+01,1.248126e-14,5.081317e-29,3.204329e-01
strong,0.1,1.548,28,5,5.217598e-02,1.4244,0,3.387025e+01,7.520705e-15,4.312690e-05,2.963808e-01
strong,0.1,1.548,28,10,5.217598e-02,1.4244,1,3.387025e+01,7.520705e-15,1.221025e-12,2.963688e-01
strong,0.1,1.548,28,20,5.217598e-02,1.4244,1,3.387025e+01,7.520705e-15,3.133115e-31,2.963688e-01
strong,0.1,1.548,30,5,5.217598e-02,1.1314,0,2.040884e+01,4.531673e-15,8.409075e-06,2.717703e-01
strong,0.1,1.548,30,10,5.217598e-02,1.1314,1,2.040884e+01,4.531673e-15,7.528782e-14,2.717678e-01
strong,0.1,1.548,30,20,5.217598e-02,1.1314,1,2.040884e+01,4.531673e-15,1.931863e-33,2.717678e-01
strong,0.1,1.548,32,5,5.217598e-02,0.8987,0,1.229754e+01,2.730603e-15,1.639639e-06,2.470749e-01
strong,0.1,1.548,32,10,5.217598e-02,0.8987,1,1.229754e+01,2.730603e-15,4.642209e-15,2.470744e-01
strong,0.1,1.548,32,20,5.217598e-02,0.8987,1,1.229754e+01,2.730603e-15,1.191177e-35,2.470744e-01
strong,0.1,1.548,34,5,5.217598e-02,0.7139,0,7.410002e+00,1.645351e-15,3.197041e-07,2.227191e-01
strong,0.1,1.548,34,10,5.217598e-02,0.7139,1,7.410002e+00,1.645351e-15,2.862363e-16,2.227190e-01
strong,0.1,1.548,34,20,5.217598e-02,0.7139,1,7.410002e+00,1.645351e-15,7.344738e-38,2.227190e-01
strong,0.1,1.548,36,5,5.217598e-02,0.5670,0,4.464968e+00,9.914221e-16,6.233733e-08,1.990939e-01
strong,0.1,1.548,36,10,5.217598e-02,0.5670,1,4.464968e+00,9.914221e-16,1.764919e-17,1.990939e-01
strong,0.1,1.548,36,20,5.217598e-02,0.5670,1,4.464968e+00,9.914221e-16,4.528729e-40,1.990939e-01
strong,0.1,1.548,38,5,5.217598e-02,0.4504,1,2.690409e+00,5.973909e-16,1.215481e-08,1.765349e-01
strong,0.1,1.548,38,10,5.217598e-02,0.4504,1,2.690409e+00,5.973909e-16,1.088240e-18,1.765349e-01
strong,0.1,1.548,38,20,5.217598e-02,0.4504,1,2.690409e+00,5.973909e-16,2.792392e-42,1.765349e-01
strong,0.1,1.548,40,5,5.217598e-02,0.3578,1,1.622680e+00,3.603073e-16,2.369999e-09,1.553099e-01
strong,0.1,1.548,40,10,5.217598e-02,0.3578,1,1.622680e+00,3.603073e-16,6.710034e-20,1.553099e-01
strong,0.1,1.548,40,20,5.217598e-02,0.3578,1,1.622680e+00,3.603073e-16,1.721775e-44,1.553099e-01
strong,0.1,1.548,42,5,5.217598e-02,0.2842,1,1.259601e+00,2.796875e-16,4.621130e-10,1.356139e-01
strong,0.1,1.548,42,10,5.217598e-02,0.2842,1,1.259601e+00,2.796875e-16,4.137374e-21,1.356139e-01
strong,0.1,1.548,42,20,5.217598e-02,0.2842,1,1.259601e+00,2.796875e-16,1.061638e-46,1.356139e-01
strong,0.1,1.548,44,5,5.217598e-02,0.2257,1,9.777614e-01,2.171066e-16,9.010486e-11,1.175707e-01
strong,0.1,1.548,44,10,5.217598e-02,0.2257,1,9.777614e-01,2.171066e-16,2.551084e-22,1.175707e-01
strong,0.1,1.548,44,20,5.217598e-02,0.2257,1,9.777614e-01,2.171066e-16,6.546005e-49,1.175707e-01
strong,0.1,1.548,46,5,5.217598e-02,0.1793,1,7.589845e-01,1.685284e-16,1.756905e-11,1.012380e-01
strong,0.1,1.548,46,10,5.217598e-02,0.1793,1,7.589845e-01,1.685284e-16,1.572986e-23,1.012380e-01
strong,0.1,1.548,46,20,5.217598e-02,0.1793,1,7.589845e-01,1.685284e-16,4.036234e-51,1.012380e-01
strong,0.1,1.548,48,5,5.217598e-02,0.1424,1,5.891595e-01,1.308197e-16,3.425691e-12,8.661659e-02
strong,0.1,1.548,48,10,5.217598e-02,0.1424,1,5.891595e-01,1.308197e-16,9.698950e-25,8.661659e-02
strong,0.1,1.548,48,20,5.217598e-02,0.1424,1,5.891595e-01,1.308197e-16,2.488722e-53,8.661659e-02
strong,0.1,1.548,50,5,5.217598e-02,0.1131,1,4.573334e-01,1.015484e-16,6.679565e-13,7.366070e-02
strong,0.1,1.548,50,10,5.217598e-02,0.1131,1,4.573334e-01,1.015484e-16,5.980324e-26,7.366070e-02
strong,0.1,1.548,50,20,5.217598e-02,0.1131,1,4.573334e-01,1.015484e-16,1.534533e-55,7.366070e-02
strong,0.1,1.967,20,5,3.231021e-02,5.7776,0,7.720545e+02,1.714305e-13,2.106969e+00,8.260961e-01
strong,0.1,1.967,20,10,3.231021e-02,5.7776,0,7.720545e+02,1.714305e-13,5.304737e-05,4.120943e-01
strong,0.1,1.967,20,20,3.231021e-02,5.7776,1,7.720545e+02,1.714305e-13,1.504783e-17,4.120818e-01
strong,0.1,1.967,22,5,3.231021e-02,4.5893,0,3.003640e+02,6.669421e-14,4.108262e-01,4.813071e-01
strong,0.1,1.967,22,10,3.231021e-02,4.5893,0,3.003640e+02,6.669421e-14,3.270874e-06,3.947381e-01
strong,0.1,1.967,22,20,3.231021e-02,4.5893,1,3.003640e+02,6.669421e-14,9.278416e-20,3.947372e-01
strong,0.1,1.967,24,5,3.231021e-02,3.6454,0,1.168552e+02,2.594706e-14,8.010473e-02,3.933744e-01
strong,0.1,1.967,24,10,3.231021e-02,3.6454,0,1.168552e+02,2.594706e-14,2.016805e-07,3.753389e-01
strong,0.1,1.967,24,20,3.231021e-02,3.6454,1,1.168552e+02,2.594706e-14,5.721025e-22,3.753389e-01
strong,0.1,1.967,26,5,3.231021e-02,2.8957,0,4.546194e+01,1.009458e-14,1.561918e-02,3.578149e-01
strong,0.1,1.967,26,10,3.231021e-02,2.8957,0,4.546194e+01,1.009458e-14,1.243552e-08,3.540707e-01
strong,0.1,1.967,26,20,3.231021e-02,2.8957,1,4.546194e+01,1.009458e-14,3.527555e-24,3.540707e-01
strong,0.1,1.967,28,5,3.231021e-02,2.3001,0,2.030589e+01,4.508814e-15,3.045497e-03,3.319945e-01
strong,0.1,1.967,28,10,3.231021e-02,2.3001,0,2.030589e+01,4.508814e-15,7.667678e-10,3.312198e-01
strong,0.1,1.967,28,20,3.231021e-02,2.3001,1,2.030589e+01,4.508814e-15,2.175073e-26,3.312198e-01
strong,0.1,1.967,30,5,3.231021e-02,1.8270,0,1.120419e+01,2.487829e-15,5.938246e-04,3.073207e-01
strong,0.1,1.967,30,10,3.231021e-02,1.8270,1,1.120419e+01,2.487829e-15,4.727852e-11,3.071609e-01
strong,0.1,1.967,30,20,3.231021e-02,1.8270,1,1.120419e+01,2.487829e-15,1.341139e-28,3.071609e-01
strong,0.1,1.967,32,5,3.231021e-02,1.4513,0,6.908446e+00,1.533983e-15,1.157866e-04,2.823635e-01
strong,0.1,1.967,32,10,3.231021e-02,1.4513,1,6.908446e+00,1.533983e-15,2.915170e-12,2.823307e-01
strong,0.1,1.967,32,20,3.231021e-02,1.4513,1,6.908446e+00,1.533983e-15,8.269397e-31,2.823307e-01
strong,0.1,1.967,34,5,3.231021e-02,1.1528,0,4.703951e+00,1.044487e-15,2.257658e-05,2.572034e-01
strong,0.1,1.967,34,10,3.231021e-02,1.1528,1,4.703951e+00,1.044487e-15,1.797479e-13,2.571967e-01
strong,0.1,1.967,34,20,3.231021e-02,1.1528,1,4.703951e+00,1.044487e-15,5.098869e-33,2.571967e-01
strong,0.1,1.967,36,5,3.231021e-02,0.9157,0,3.568311e+00,7.923243e-16,4.402082e-06,2.322269e-01
strong,0.1,1.967,36,10,3.231021e-02,0.9157,1,3.568311e+00,7.923243e-16,1.108317e-14,2.322255e-01
strong,0.1,1.967,36,20,3.231021e-02,0.9157,1,3.568311e+00,7.923243e-16,3.143937e-35,2.322255e-01
strong,0.1,1.967,38,5,3.231021e-02,0.7274,0,2.706841e+00,6.010394e-16,8.583377e-07,2.078535e-01
strong,0.1,1.967,38,10,3.231021e-02,0.7274,1,2.706841e+00,6.010394e-16,6.833825e-16,2.078532e-01
strong,0.1,1.967,38,20,3.231021e-02,0.7274,1,2.706841e+00,6.010394e-16,1.938536e-37,2.078532e-01
strong,0.1,1.967,40,5,3.231021e-02,0.5778,0,2.077847e+00,4.613747e-16,1.673625e-07,1.844620e-01
strong,0.1,1.967,40,10,3.231021e-02,0.5778,1,2.077847e+00,4.613747e-16,4.213703e-17,1.844620e-01
strong,0.1,1.967,40,20,3.231021e-02,0.5778,1,2.077847e+00,4.613747e-16,1.195291e-39,1.844620e-01
strong,0.1,1.967,42,5,3.231021e-02,0.4589,1,1.612923e+00,3.581408e-16,3.263309e-08,1.623640e-01
strong,0.1,1.967,42,10,3.231021e-02,0.4589,1,1.612923e+00,3.581408e-16,2.598148e-18,1.623639e-01
strong,0.1,1.967,42,20,3.231021e-02,0.4589,1,1.612923e+00,3.581408e-16,7.370108e-42,1.623639e-01
strong,0.1,1.967,44,5,3.231021e-02,0.3645,1,1.252027e+00,2.780058e-16,6.362945e-09,1.417933e-01
strong,0.1,1.967,44,10,3.231021e-02,0.3645,1,1.252027e+00,2.780058e-16,1.602005e-19,1.417933e-01
strong,0.1,1.967,44,20,3.231021e-02,0.3645,1,1.252027e+00,2.780058e-16,4.544372e-44,1.417933e-01
strong,0.1,1.967,46,5,3.231021e-02,0.2896,1,9.718821e-01,2.158012e-16,1.240675e-09,1.229055e-01
strong,0.1,1.967,46,10,3.231021e-02,0.2896,1,9.718821e-01,2.158012e-16,9.877883e-21,1.229055e-01
strong,0.1,1.967,46,20,3.231021e-02,0.2896,1,9.718821e-01,2.158012e-16,2.802037e-46,1.229055e-01
strong,0.1,1.967,48,5,3.231021e-02,0.2300,1,7.544206e-01,1.675150e-16,2.419124e-10,1.057818e-01
strong,0.1,1.967,48,10,3.231021e-02,0.2300,1,7.544206e-01,1.675150e-16,6.090653e-22,1.057818e-01
strong,0.1,1.967,48,20,3.231021e-02,0.2300,1,7.544206e-01,1.675150e-16,1.727722e-48,1.057818e-01
strong,0.1,1.967,50,5,3.231021e-02,0.1827,1,5.856168e-01,1.300331e-16,4.716916e-11,9.043879e-02
strong,0.1,1.967,50,10,3.231021e-02,0.1827,1,5.856168e-01,1.300331e-16,3.755466e-23,9.043879e-02
strong,0.1,1.967,50,20,3.231021e-02,0.1827,1,5.856168e-01,1.300331e-16,1.065305e-50,9.043879e-02
strong,0.1,2.511,20,5,1.982581e-02,9.4158,0,7.536628e+03,1.673468e-12,4.474455e+02,1.012830e+02
strong,0.1,2.511,20,10,1.982581e-02,9.4158,0,7.536628e+03,1.673468e-12,4.525535e-02,4.467205e-01
strong,0.1,2.511,20,20,1.982581e-02,9.4158,0,7.536628e+03,1.673468e-12,1.378661e-12,4.372732e-01
strong,0.1,2.511,22,5,1.982581e-02,7.4792,0,1.807911e+03,4.014369e-13,8.724491e+01,2.131034e+01
strong,0.1,2.511,22,10,1.982581e-02,7.4792,0,1.807911e+03,4.014369e-13,2.790422e-03,4.241932e-01
strong,0.1,2.511,22,20,1.982581e-02,7.4792,1,1.807911e+03,4.014369e-13,8.500755e-15,4.235706e-01
strong,0.1,2.511,24,5,1.982581e-02,5.9410,0,4.336877e+02,9.629801e-14,1.701140e+01,4.721274e+00
strong,0.1,2.511,24,10,1.982581e-02,5.9410,0,4.336877e+02,9.629801e-14,1.720560e-04,4.077584e-01
strong,0.1,2.511,24,20,1.982581e-02,5.9410,1,4.336877e+02,9.629801e-14,5.241523e-17,4.077175e-01
strong,0.1,2.511,26,5,1.982581e-02,4.7191,0,1.040344e+02,2.310028e-14,3.316959e+00,1.278083e+00
strong,0.1,2.511,26,10,1.982581e-02,4.7191,0,1.040344e+02,2.310028e-14,1.060889e-05,3.897141e-01
strong,0.1,2.511,26,20,1.982581e-02,4.7191,1,1.040344e+02,2.310028e-14,3.231897e-19,3.897114e-01
strong,0.1,2.511,28,5,1.982581e-02,3.7485,0,3.581793e+01,7.953178e-15,6.467555e-01,5.521285e-01
strong,0.1,2.511,28,10,1.982581e-02,3.7485,0,3.581793e+01,7.953178e-15,6.541388e-07,3.696571e-01
strong,0.1,2.511,28,20,1.982581e-02,3.7485,1,3.581793e+01,7.953178e-15,1.992772e-21,3.696569e-01
strong,0.1,2.511,30,5,1.982581e-02,2.9775,0,2.158244e+01,4.792264e-15,1.261073e-01,3.851542e-01
strong,0.1,2.511,30,10,1.982581e-02,2.9775,0,2.158244e+01,4.792264e-15,4.033387e-08,3.477701e-01
strong,0.1,2.511,30,20,1.982581e-02,2.9775,1,2.158244e+01,4.792264e-15,1.228733e-23,3.477701e-01
strong,0.1,2.511,32,5,1.982581e-02,2.3651,0,1.320885e+01,2.932954e-15,2.458896e-02,3.320120e-01
strong,0.1,2.511,32,10,1.982581e-02,2.3651,0,1.320885e+01,2.932954e-15,2.486966e-09,3.243716e-01
strong,0.1,2.511,32,20,1.982581e-02,2.3651,1,1.320885e+01,2.932954e-15,7.576306e-26,3.243716e-01
strong,0.1,2.511,34,5,1.982581e-02,1.8787,0,8.144510e+00,1.808445e-15,4.794464e-03,3.014239e-01
strong,0.1,2.511,34,10,1.982581e-02,1.8787,1,8.144510e+00,1.808445e-15,1.533451e-10,2.998660e-01
strong,0.1,2.511,34,20,1.982581e-02,1.8787,1,8.144510e+00,1.808445e-15,4.671512e-28,2.998660e-01
strong,0.1,2.511,36,5,1.982581e-02,1.4923,0,5.463050e+00,1.213041e-15,9.348461e-04,2.750311e-01
strong,0.1,2.511,36,10,1.982581e-02,1.4923,1,5.463050e+00,1.213041e-15,9.455183e-12,2.747141e-01
strong,0.1,2.511,36,20,1.982581e-02,1.4923,1,5.463050e+00,1.213041e-15,2.880431e-30,2.747141e-01
strong,0.1,2.511,38,5,1.982581e-02,1.1854,0,4.144147e+00,9.201855e-16,1.822805e-04,2.494632e-01
strong,0.1,2.511,38,10,1.982581e-02,1.1854,1,4.144147e+00,9.201855e-16,5.830018e-13,2.493988e-01
strong,0.1,2.511,38,20,1.982581e-02,1.1854,1,4.144147e+00,9.201855e-16,1.776060e-32,2.493988e-01
strong,0.1,2.511,40,5,1.982581e-02,0.9416,0,3.143657e+00,6.980321e-16,3.554186e-05,2.244053e-01
strong,0.1,2.511,40,10,1.982581e-02,0.9416,1,3.143657e+00,6.980321e-16,3.594760e-14,2.243922e-01
strong,0.1,2.511,40,20,1.982581e-02,0.9416,1,3.143657e+00,6.980321e-16,1.095109e-34,2.243922e-01
strong,0.1,2.511,42,5,1.982581e-02,0.7479,0,2.392898e+00,5.313301e-16,6.930110e-06,2.001289e-01
strong,0.1,2.511,42,10,1.982581e-02,0.7479,1,2.392898e+00,5.313301e-16,2.216511e-15,2.001262e-01
strong,0.1,2.511,42,20,1.982581e-02,0.7479,1,2.392898e+00,5.313301e-16,6.752390e-37,2.001262e-01
strong,0.1,2.511,44,5,1.982581e-02,0.5941,0,1.857480e+00,4.124434e-16,1.351264e-06,1.769710e-01
strong,0.1,2.511,44,10,1.982581e-02,0.5941,1,1.857480e+00,4.124434e-16,1.366690e-16,1.769705e-01
strong,0.1,2.511,44,20,1.982581e-02,0.5941,1,1.857480e+00,4.124434e-16,4.163490e-39,1.769705e-01
strong,0.1,2.511,46,5,1.982581e-02,0.4719,1,1.441864e+00,3.201580e-16,2.634754e-07,1.552183e-01
strong,0.1,2.511,46,10,1.982581e-02,0.4719,1,1.441864e+00,3.201580e-16,8.426940e-18,1.552182e-01
strong,0.1,2.511,46,20,1.982581e-02,0.4719,1,1.441864e+00,3.201580e-16,2.567187e-41,1.552182e-01
strong,0.1,2.511,48,5,1.982581e-02,0.3749,1,1.119242e+00,2.485217e-16,5.137361e-08,1.350809e-01
strong,0.1,2.511,48,10,1.982581e-02,0.3749,1,1.119242e+00,2.485217e-16,5.196009e-19,1.350809e-01
strong,0.1,2.511,48,20,1.982581e-02,0.3749,1,1.119242e+00,2.485217e-16,1.582915e-43,1.350809e-01
strong,0.1,2.511,50,5,1.982581e-02,0.2978,1,8.688087e-01,1.929143e-16,1.001706e-08,1.166894e-01
strong,0.1,2.511,50,10,1.982581e-02,0.2978,1,8.688087e-01,1.929143e-16,3.203833e-20,1.166894e-01
strong,0.1,2.511,50,20,1.982581e-02,0.2978,1,8.688087e-01,1.929143e-16,9.760173e-46,1.166894e-01
strong,0.1,3.104,20,5,1.297396e-02,14.3885,0,4.913509e+03,1.091018e-12,4.352794e+03,9.140360e+02
strong,0.1,3.104,20,10,1.297396e-02,14.3885,0,4.938955e+03,1.096668e-12,2.749980e+01,5.878835e+00
strong,0.1,3.104,20,20,1.297396e-02,14.3885,0,4.938955e+03,1.096668e-12,3.135610e-08,4.552426e-01
strong,0.1,3.104,22,5,1.297396e-02,11.4292,0,1.437739e+03,3.192422e-13,8.487272e+02,4.990329e+01
strong,0.1,3.104,22,10,1.297396e-02,11.4292,0,1.437739e+03,3.192422e-13,1.695624e+00,8.031913e-01
strong,0.1,3.104,22,20,1.297396e-02,11.4292,0,1.437739e+03,3.192422e-13,1.933401e-10,4.447912e-01
strong,0.1,3.104,24,5,1.297396e-02,9.0785,0,5.118390e+02,1.136511e-13,1.654886e+02,-4.834562e+00
strong,0.1,3.104,24,10,1.297396e-02,9.0785,0,5.118390e+02,1.136511e-13,1.045513e-01,4.559683e-01
strong,0.1,3.104,24,20,1.297396e-02,9.0785,0,5.118390e+02,1.136511e-13,1.192126e-12,4.323692e-01
strong,0.1,3.104,26,5,1.297396e-02,7.2113,0,2.036383e+02,4.521678e-14,3.226771e+01,-2.416162e+00
strong,0.1,3.104,26,10,1.297396e-02,7.2113,0,2.036383e+02,4.521678e-14,6.446583e-03,4.193838e-01
strong,0.1,3.104,26,20,1.297396e-02,7.2113,1,2.036383e+02,4.521678e-14,7.350587e-15,4.178352e-01
strong,0.1,3.104,28,5,1.297396e-02,5.7282,0,9.774001e+01,2.170264e-14,6.291702e+00,-3.853086e-01
strong,0.1,3.104,28,10,1.297396e-02,5.7282,0,9.774001e+01,2.170264e-14,3.974931e-04,4.012271e-01
strong,0.1,3.104,28,20,1.297396e-02,5.7282,1,9.774001e+01,2.170264e-14,4.532335e-17,4.011258e-01
strong,0.1,3.104,30,5,1.297396e-02,4.5501,0,4.787098e+01,1.062949e-14,1.226784e+00,1.960272e-01
strong,0.1,3.104,30,10,1.297396e-02,4.5501,0,4.787098e+01,1.062949e-14,2.450922e-05,3.822840e-01
strong,0.1,3.104,30,20,1.297396e-02,4.5501,1,4.787098e+01,1.062949e-14,2.794615e-19,3.822774e-01
strong,0.1,3.104,32,5,1.297396e-02,3.6142,0,2.789037e+01,6.192907e-15,2.392038e-01,3.200532e-01
strong,0.1,3.104,32,10,1.297396e-02,3.6142,0,2.789037e+01,6.192907e-15,1.511226e-06,3.614382e-01
strong,0.1,3.104,32,20,1.297396e-02,3.6142,1,2.789037e+01,6.192907e-15,1.723146e-21,3.614378e-01
strong,0.1,3.104,34,5,1.297396e-02,2.8709,0,1.692205e+01,3.757451e-15,4.664103e-02,3.299509e-01
strong,0.1,3.104,34,10,1.297396e-02,2.8709,0,1.692205e+01,3.757451e-15,9.318147e-08,3.388671e-01
strong,0.1,3.104,34,20,1.297396e-02,2.8709,1,1.692205e+01,3.757451e-15,1.062483e-23,3.388670e-01
strong,0.1,3.104,36,5,1.297396e-02,2.2804,0,1.043405e+01,2.316826e-15,9.094276e-03,3.130353e-01
strong,0.1,3.104,36,10,1.297396e-02,2.2804,0,1.043405e+01,2.316826e-15,5.745523e-09,3.149243e-01
strong,0.1,3.104,36,20,1.297396e-02,2.2804,1,1.043405e+01,2.316826e-15,6.551218e-26,3.149243e-01
strong,0.1,3.104,38,5,1.297396e-02,1.8114,0,6.433586e+00,1.428543e-15,1.773242e-03,2.896479e-01
strong,0.1,3.104,38,10,1.297396e-02,1.8114,1,6.433586e+00,1.428543e-15,3.542661e-10,2.900441e-01
strong,0.1,3.104,38,20,1.297396e-02,1.8114,1,6.433586e+00,1.428543e-15,4.039448e-28,2.900441e-01
strong,0.1,3.104,40,5,1.297396e-02,1.4389,0,4.836213e+00,1.073855e-15,3.457547e-04,2.646218e-01
strong,0.1,3.104,40,10,1.297396e-02,1.4389,1,4.836213e+00,1.073855e-15,2.184387e-11,2.647043e-01
strong,0.1,3.104,40,20,1.297396e-02,1.4389,1,4.836213e+00,1.073855e-15,2.490704e-30,2.647043e-01
strong,0.1,3.104,42,5,1.297396e-02,1.1429,0,3.668643e+00,8.146024e-16,6.741680e-05,2.393749e-01
strong,0.1,3.104,42,10,1.297396e-02,1.1429,1,3.668643e+00,8.146024e-16,1.346882e-12,2.393920e-01
strong,0.1,3.104,42,20,1.297396e-02,1.1429,1,3.668643e+00,8.146024e-16,1.535755e-32,2.393920e-01
strong,0.1,3.104,44,5,1.297396e-02,0.9079,0,2.782950e+00,6.179391e-16,1.314523e-05,2.145672e-01
strong,0.1,3.104,44,10,1.297396e-02,0.9079,1,2.782950e+00,6.179391e-16,8.304807e-14,2.145707e-01
strong,0.1,3.104,44,20,1.297396e-02,0.9079,1,2.782950e+00,6.179391e-16,9.469391e-35,2.145707e-01
strong,0.1,3.104,46,5,1.297396e-02,0.7211,0,2.142323e+00,4.756912e-16,2.563115e-06,1.906522e-01
strong,0.1,3.104,46,10,1.297396e-02,0.7211,1,2.142323e+00,4.756912e-16,5.120703e-15,1.906529e-01
strong,0.1,3.104,46,20,1.297396e-02,0.7211,1,2.142323e+00,4.756912e-16,5.838779e-37,1.906529e-01
strong,0.1,3.104,48,5,1.297396e-02,0.5728,0,1.662972e+00,3.692539e-16,4.997676e-07,1.679812e-01
strong,0.1,3.104,48,10,1.297396e-02,0.5728,1,1.662972e+00,3.692539e-16,3.157400e-16,1.679813e-01
strong,0.1,3.104,48,20,1.297396e-02,0.5728,1,1.662972e+00,3.692539e-16,3.600162e-39,1.679813e-01
strong,0.1,3.104,50,5,1.297396e-02,0.4550,1,1.290877e+00,2.866323e-16,9.744692e-08,1.468179e-01
strong,0.1,3.104,50,10,1.297396e-02,0.4550,1,1.290877e+00,2.866323e-16,1.946837e-17,1.468179e-01
strong,0.1,3.104,50,20,1.297396e-02,0.4550,1,1.290877e+00,2.866323e-16,2.219842e-41,1.468179e-01
strong,0.1,3.912,20,5,8.167981e-03,22.8546,0,5.710535e+04,1.267993e-11,5.710535e+04,-1.461767e+03
strong,0.1,3.912,20,10,8.167981e-03,22.8546,0,5.710535e+04,1.267993e-11,9.079598e+03,2.957334e+03
strong,0.1,3.912,20,20,8.167981e-03,22.8546,0,5.710535e+04,1.267993e-11,2.522761e-03,4.706163e-01
strong,0.1,3.912,22,5,8.167981e-03,18.1541,0,1.237633e+04,2.748097e-12,1.112905e+04,-1.088159e+03
strong,0.1,3.912,22,10,8.167981e-03,18.1541,0,1.237633e+04,2.748097e-12,5.598435e+02,4.286683e+01
strong,0.1,3.912,22,20,8.167981e-03,18.1541,0,1.237633e+04,2.748097e-12,1.555522e-05,4.627570e-01
strong,0.1,3.912,24,5,8.167981e-03,14.4203,0,3.333654e+03,7.402198e-13,2.169992e+03,-2.565552e+02
strong,0.1,3.912,24,10,8.167981e-03,14.4203,0,3.333654e+03,7.402198e-13,3.451967e+01,-1.294584e+00
strong,0.1,3.912,24,20,8.167981e-03,14.4203,0,3.333654e+03,7.402198e-13,9.591269e-08,4.538271e-01
strong,0.1,3.912,26,5,8.167981e-03,11.4544,0,1.056395e+03,2.345669e-13,4.231148e+02,-5.530180e+01
strong,0.1,3.912,26,10,8.167981e-03,11.4544,0,1.056395e+03,2.345669e-13,2.128466e+00,1.915588e-01
strong,0.1,3.912,26,20,8.167981e-03,11.4544,0,1.056395e+03,2.345669e-13,5.913929e-10,4.430897e-01
strong,0.1,3.912,28,5,8.167981e-03,9.0986,0,4.050804e+02,8.994592e-14,8.250081e+01,-1.148329e+01
strong,0.1,3.912,28,10,8.167981e-03,9.0986,0,4.050804e+02,8.994592e-14,1.312401e-01,4.096531e-01
strong,0.1,3.912,28,20,8.167981e-03,9.0986,0,4.050804e+02,8.994592e-14,3.646499e-12,4.303526e-01
strong,0.1,3.912,30,5,8.167981e-03,7.2273,0,1.731791e+02,3.845349e-14,1.608638e+01,-2.116060e+00
strong,0.1,3.912,30,10,8.167981e-03,7.2273,0,1.731791e+02,3.845349e-14,8.092200e-03,4.139939e-01
strong,0.1,3.912,30,20,8.167981e-03,7.2273,1,1.731791e+02,3.845349e-14,2.248413e-14,4.154831e-01
strong,0.1,3.912,32,5,8.167981e-03,5.7408,0,8.370214e+01,1.858561e-14,3.136593e+00,-1.371179e-01
strong,0.1,3.912,32,10,8.167981e-03,5.7408,0,8.370214e+01,1.858561e-14,4.989610e-04,3.983293e-01
strong,0.1,3.912,32,20,8.167981e-03,5.7408,1,8.370214e+01,1.858561e-14,1.386360e-16,3.984312e-01
strong,0.1,3.912,34,5,8.167981e-03,4.5601,0,4.191707e+01,9.307459e-15,6.115870e-01,2.664226e-01
strong,0.1,3.912,34,10,8.167981e-03,4.5601,0,4.191707e+01,9.307459e-15,3.076569e-05,3.792422e-01
strong,0.1,3.912,34,20,8.167981e-03,4.5601,1,4.191707e+01,9.307459e-15,8.548228e-19,3.792490e-01
strong,0.1,3.912,36,5,8.167981e-03,3.6222,0,2.525753e+01,5.608299e-15,1.192500e-01,3.344275e-01
strong,0.1,3.912,36,10,8.167981e-03,3.6222,0,2.525753e+01,5.608299e-15,1.896997e-06,3.581020e-01
strong,0.1,3.912,36,20,8.167981e-03,3.6222,1,2.525753e+01,5.608299e-15,5.270794e-21,3.581024e-01
strong,0.1,3.912,38,5,8.167981e-03,2.8772,0,1.540972e+01,3.421644e-15,2.325189e-02,3.303200e-01
strong,0.1,3.912,38,10,8.167981e-03,2.8772,0,1.540972e+01,3.421644e-15,1.169679e-07,3.352688e-01
strong,0.1,3.912,38,20,8.167981e-03,2.8772,1,1.540972e+01,3.421644e-15,3.249946e-23,3.352688e-01
strong,0.1,3.912,40,5,8.167981e-03,2.2855,0,9.501554e+00,2.109769e-15,4.533757e-03,3.100916e-01
strong,0.1,3.912,40,10,8.167981e-03,2.2855,0,9.501554e+00,2.109769e-15,7.212181e-09,3.111223e-01
strong,0.1,3.912,40,20,8.167981e-03,2.2855,1,9.501554e+00,2.109769e-15,2.003900e-25,3.111223e-01
strong,0.1,3.912,42,5,8.167981e-03,1.8154,0,6.072262e+00,1.348313e-15,8.840121e-04,2.858945e-01
strong,0.1,3.912,42,10,8.167981e-03,1.8154,1,6.072262e+00,1.348313e-15,4.446995e-10,2.861084e-01
strong,0.1,3.912,42,20,8.167981e-03,1.8154,1,6.072262e+00,1.348313e-15,1.235595e-27,2.861084e-01
strong,0.1,3.912,44,5,8.167981e-03,1.4420,0,4.606282e+00,1.022800e-15,1.723686e-04,2.606666e-01
strong,0.1,3.912,44,10,8.167981e-03,1.4420,1,4.606282e+00,1.022800e-15,2.741995e-11,2.607109e-01
strong,0.1,3.912,44,20,8.167981e-03,1.4420,1,4.606282e+00,1.022800e-15,7.618616e-30,2.607109e-01
strong,0.1,3.912,46,5,8.167981e-03,1.1454,0,3.494222e+00,7.758731e-16,3.360920e-05,2.354081e-01
strong,0.1,3.912,46,10,8.167981e-03,1.1454,1,3.494222e+00,7.758731e-16,1.690700e-12,2.354172e-01
strong,0.1,3.912,46,20,8.167981e-03,1.1454,1,3.494222e+00,7.758731e-16,4.697601e-32,2.354172e-01
strong,0.1,3.912,48,5,8.167981e-03,0.9099,0,2.650638e+00,5.885599e-16,6.553272e-06,2.106843e-01
strong,0.1,3.912,48,10,8.167981e-03,0.9099,1,2.650638e+00,5.885599e-16,1.042477e-13,2.106862e-01
strong,0.1,3.912,48,20,8.167981e-03,0.9099,1,2.650638e+00,5.885599e-16,2.896517e-34,2.106862e-01
strong,0.1,3.912,50,5,8.167981e-03,0.7227,0,2.049671e+00,4.551185e-16,1.277786e-06,1.869214e-01
strong,0.1,3.912,50,10,8.167981e-03,0.7227,1,2.049671e+00,4.551185e-16,6.427863e-15,1.869218e-01
strong,0.1,3.912,50,20,8.167981e-03,0.7227,1,2.049671e+00,4.551185e-16,1.785978e-36,1.869218e-01
strong,0.1,4.888,20,5,5.231769e-03,35.6813,0,1.069697e+06,2.375204e-10,1.069697e+06,-8.397300e+04
strong,0.1,4.888,20,10,5.231769e-03,35.6813,0,1.541573e+06,3.422980e-10,8.443484e+05,-9.976759e+04
strong,0.1,4.888,20,20,5.231769e-03,35.6813,0,1.541573e+06,3.422980e-10,2.816709e+02,3.177476e+01
strong,0.1,4.888,22,5,5.231769e-03,28.3426,0,2.038266e+05,4.525859e-11,2.038266e+05,-1.831198e+04
strong,0.1,4.888,22,10,5.231769e-03,28.3426,0,2.141488e+05,4.755060e-11,5.206210e+04,-6.767196e+03
strong,0.1,4.888,22,20,5.231769e-03,28.3426,0,2.141488e+05,4.755060e-11,1.736769e+00,4.968566e-01
strong,0.1,4.888,24,5,5.231769e-03,22.5134,0,3.912263e+04,8.686968e-12,3.912263e+04,-3.971829e+03
strong,0.1,4.888,24,10,5.231769e-03,22.5134,0,3.912263e+04,8.686968e-12,3.210123e+03,-4.563188e+02
strong,0.1,4.888,24,20,5.231769e-03,22.5134,0,3.912263e+04,8.686968e-12,1.070883e-02,4.683788e-01
strong,0.1,4.888,26,5,5.231769e-03,17.8830,0,9.118562e+03,2.024727e-12,7.628304e+03,-8.573084e+02
strong,0.1,4.888,26,10,5.231769e-03,17.8830,0,9.118562e+03,2.024727e-12,1.979346e+02,-3.023641e+01
strong,0.1,4.888,26,20,5.231769e-03,17.8830,0,9.118562e+03,2.024727e-12,6.603010e-05,4.614069e-01
strong,0.1,4.888,28,5,5.231769e-03,14.2050,0,2.607570e+03,5.789968e-13,1.487401e+03,-1.839408e+02
strong,0.1,4.888,28,10,5.231769e-03,14.2050,0,2.607570e+03,5.789968e-13,1.220455e+01,-1.602147e+00
strong,0.1,4.888,28,20,5.231769e-03,14.2050,0,2.607570e+03,5.789968e-13,4.071383e-07,4.522046e-01
strong,0.1,4.888,30,5,5.231769e-03,11.2834,0,8.730044e+02,1.938459e-13,2.900200e+02,-3.902081e+01
strong,0.1,4.888,30,10,5.231769e-03,11.2834,0,8.730044e+02,1.938459e-13,7.525263e-01,3.042296e-01
strong,0.1,4.888,30,20,5.231769e-03,11.2834,0,8.730044e+02,1.938459e-13,2.510395e-09,4.411492e-01
strong,0.1,4.888,32,5,5.231769e-03,8.9627,0,3.365725e+02,7.473410e-14,5.654940e+01,-7.980086e+00
strong,0.1,4.888,32,10,5.231769e-03,8.9627,0,3.365725e+02,7.473410e-14,4.640040e-02,4.189764e-01
strong,0.1,4.888,32,20,5.231769e-03,8.9627,0,3.365725e+02,7.473410e-14,1.547897e-11,4.280658e-01
strong,0.1,4.888,34,5,5.231769e-03,7.1193,0,1.507154e+02,3.346555e-14,1.102625e+01,-1.370971e+00
strong,0.1,4.888,34,10,5.231769e-03,7.1193,0,1.507154e+02,3.346555e-14,2.861025e-03,4.122323e-01
strong,0.1,4.888,34,20,5.231769e-03,7.1193,1,1.507154e+02,3.346555e-14,9.544254e-14,4.128334e-01
strong,0.1,4.888,36,5,5.231769e-03,5.6551,0,7.320348e+01,1.625444e-14,2.149948e+00,1.857057e-02
strong,0.1,4.888,36,10,5.231769e-03,5.6551,0,7.320348e+01,1.625444e-14,1.764094e-04,3.953777e-01
strong,0.1,4.888,36,20,5.231769e-03,5.6551,1,7.320348e+01,1.625444e-14,5.884939e-16,3.954173e-01
strong,0.1,4.888,38,5,5.231769e-03,4.4920,0,3.824424e+01,8.491927e-15,4.192065e-01,2.965999e-01
strong,0.1,4.888,38,10,5.231769e-03,4.4920,0,3.824424e+01,8.491927e-15,1.087731e-05,3.758854e-01
strong,0.1,4.888,38,20,5.231769e-03,4.4920,1,3.824424e+01,8.491927e-15,3.628624e-18,3.758880e-01
strong,0.1,4.888,40,5,5.231769e-03,3.5681,0,2.304443e+01,5.116892e-15,8.173875e-02,3.378140e-01
strong,0.1,4.888,40,10,5.231769e-03,3.5681,0,2.304443e+01,5.116892e-15,6.706898e-07,3.544303e-01
strong,0.1,4.888,40,20,5.231769e-03,3.5681,1,2.304443e+01,5.116892e-15,2.237392e-20,3.544304e-01
strong,0.1,4.888,42,5,5.231769e-03,2.8343,0,1.412301e+01,3.135939e-15,1.593779e-02,3.278708e-01
strong,0.1,4.888,42,10,5.231769e-03,2.8343,0,1.412301e+01,3.135939e-15,4.135440e-08,3.313399e-01
strong,0.1,4.888,42,20,5.231769e-03,2.8343,1,1.412301e+01,3.135939e-15,1.379564e-22,3.313399e-01
strong,0.1,4.888,44,5,5.231769e-03,2.2513,0,8.708179e+00,1.933604e-15,3.107621e-03,3.062836e-01
strong,0.1,4.888,44,10,5.231769e-03,2.2513,0,8.708179e+00,1.933604e-15,2.549891e-09,3.070052e-01
strong,0.1,4.888,44,20,5.231769e-03,2.2513,1,8.708179e+00,1.933604e-15,8.506325e-25,3.070052e-01
strong,0.1,4.888,46,5,5.231769e-03,1.7883,0,5.786631e+00,1.284890e-15,6.059377e-04,2.817318e-01
strong,0.1,4.888,46,10,5.231769e-03,1.7883,1,5.786631e+00,1.284890e-15,1.572250e-10,2.818813e-01
strong,0.1,4.888,46,20,5.231769e-03,1.7883,1,5.786631e+00,1.284890e-15,5.244958e-27,2.818813e-01
strong,0.1,4.888,48,5,5.231769e-03,1.4205,0,4.389608e+00,9.746888e-16,1.181484e-04,2.564251e-01
strong,0.1,4.888,48,10,5.231769e-03,1.4205,1,4.389608e+00,9.746888e-16,9.694417e-12,2.564560e-01
strong,0.1,4.888,48,20,5.231769e-03,1.4205,1,4.389608e+00,9.746888e-16,3.234015e-29,2.564560e-01
strong,0.1,4.888,50,5,5.231769e-03,1.1283,0,3.329858e+00,7.393771e-16,2.303711e-05,2.312084e-01
strong,0.1,4.888,50,10,5.231769e-03,1.1283,1,3.329858e+00,7.393771e-16,5.977529e-13,2.312147e-01
strong,0.1,4.888,50,20,5.231769e-03,1.1283,1,3.329858e+00,7.393771e-16,1.994077e-31,2.312147e-01
strong,0.2,0.5,20,5,1.251839e-01,1.4912,0,1.241175e+00,2.755963e-16,4.278993e-06,4.329608e-01
strong,0.2,0.5,20,10,1.251839e-01,1.4912,1,1.241175e+00,2.755963e-16,1.817182e-13,4.329596e-01
strong,0.2,0.5,20,20,1.251839e-01,1.4912,1,1.241175e+00,2.755963e-16,8.123591e-32,4.329596e-01
strong,0.2,0.5,22,5,1.251839e-01,1.1845,0,9.634589e-01,2.139308e-16,8.343371e-07,4.224126e-01
strong,0.2,0.5,22,10,1.251839e-01,1.1845,1,9.634589e-01,2.139308e-16,1.120466e-14,4.224124e-01
strong,0.2,0.5,22,20,1.251839e-01,1.1845,1,9.634589e-01,2.139308e-16,5.008965e-34,4.224124e-01
strong,0.2,0.5,24,5,1.251839e-01,0.9409,0,7.478822e-01,1.660632e-16,1.626828e-07,4.110578e-01
strong,0.2,0.5,24,10,1.251839e-01,0.9409,1,7.478822e-01,1.660632e-16,6.908734e-16,4.110577e-01
strong,0.2,0.5,24,20,1.251839e-01,0.9409,1,7.478822e-01,1.660632e-16,3.088503e-36,4.110577e-01
strong,0.2,0.5,26,5,1.251839e-01,0.7474,0,5.805414e-01,1.289061e-16,3.172061e-08,3.989872e-01
strong,0.2,0.5,26,10,1.251839e-01,0.7474,1,5.805414e-01,1.289061e-16,4.259891e-17,3.989872e-01
strong,0.2,0.5,26,20,1.251839e-01,0.7474,1,5.805414e-01,1.289061e-16,1.904356e-38,3.989872e-01
strong,0.2,0.5,28,5,1.251839e-01,0.5937,0,4.506436e-01,1.000630e-16,6.185026e-09,3.863074e-01
strong,0.2,0.5,28,10,1.251839e-01,0.5937,1,4.506436e-01,1.000630e-16,2.626628e-18,3.863074e-01
strong,0.2,0.5,28,20,1.251839e-01,0.5937,1,4.506436e-01,1.000630e-16,1.174216e-40,3.863074e-01
strong,0.2,0.5,30,5,1.251839e-01,0.4716,1,3.498108e-01,7.767360e-17,1.205984e-09,3.731344e-01
strong,0.2,0.5,30,10,1.251839e-01,0.4716,1,3.498108e-01,7.767360e-17,1.619565e-19,3.731344e-01
strong,0.2,0.5,30,20,1.251839e-01,0.4716,1,3.498108e-01,7.767360e-17,7.240158e-43,3.731344e-01
strong,0.2,0.5,32,5,1.251839e-01,0.3746,1,2.715396e-01,6.029390e-17,2.351481e-10,3.595889e-01
strong,0.2,0.5,32,10,1.251839e-01,0.3746,1,2.715396e-01,6.029390e-17,9.986159e-21,3.595889e-01
strong,0.2,0.5,32,20,1.251839e-01,0.3746,1,2.715396e-01,6.029390e-17,4.464245e-45,3.595889e-01
strong,0.2,0.5,34,5,1.251839e-01,0.2975,1,2.107818e-01,4.680297e-17,4.585023e-11,3.457911e-01
strong,0.2,0.5,34,10,1.251839e-01,0.2975,1,2.107818e-01,4.680297e-17,6.157416e-22,3.457911e-01
strong,0.2,0.5,34,20,1.251839e-01,0.2975,1,2.107818e-01,4.680297e-17,2.752631e-47,3.457911e-01
strong,0.2,0.5,36,5,1.251839e-01,0.2363,1,1.636188e-01,3.633067e-17,8.940083e-12,3.318569e-01
strong,0.2,0.5,36,10,1.251839e-01,0.2363,1,1.636188e-01,3.633067e-17,3.796632e-23,3.318569e-01
strong,0.2,0.5,36,20,1.251839e-01,0.2363,1,1.636188e-01,3.633067e-17,1.697259e-49,3.318569e-01
strong,0.2,0.5,38,5,1.251839e-01,0.1877,1,1.270086e-01,2.820158e-17,1.743177e-12,3.178948e-01
strong,0.2,0.5,38,10,1.251839e-01,0.1877,1,1.270086e-01,2.820158e-17,2.340984e-24,3.178948e-01
strong,0.2,0.5,38,20,1.251839e-01,0.1877,1,1.270086e-01,2.820158e-17,1.046521e-51,3.178948e-01
strong,0.2,0.5,40,5,1.251839e-01,0.1491,1,9.859007e-02,2.189139e-17,3.398925e-13,3.040033e-01
strong,0.2,0.5,40,10,1.251839e-01,0.1491,1,9.859007e-02,2.189139e-17,1.443439e-25,3.040033e-01
strong,0.2,0.5,40,20,1.251839e-01,0.1491,1,9.859007e-02,2.189139e-17,6.452798e-54,3.040033e-01
strong,0.2,0.5,42,5,1.251839e-01,0.1185,1,7.653026e-02,1.699313e-17,6.627375e-14,2.902698e-01
strong,0.2,0.5,42,10,1.251839e-01,0.1185,1,7.653026e-02,1.699313e-17,8.900174e-27,2.902698e-01
strong,0.2,0.5,42,20,1.251839e-01,0.1185,1,7.653026e-02,1.699313e-17,3.978763e-56,2.902698e-01
strong,0.2,0.5,44,5,1.251839e-01,0.0941,1,5.940639e-02,1.319087e-17,1.292235e-14,2.767696e-01
strong,0.2,0.5,44,10,1.251839e-01,0.0941,1,5.940639e-02,1.319087e-17,5.487803e-28,2.767696e-01
strong,0.2,0.5,44,20,1.251839e-01,0.0941,1,5.940639e-02,1.319087e-17,2.453285e-58,2.767696e-01
strong,0.2,0.5,46,5,1.251839e-01,0.0747,1,4.611404e-02,1.023937e-17,2.519658e-15,2.635662e-01
strong,0.2,0.5,46,10,1.251839e-01,0.0747,1,4.611404e-02,1.023937e-17,3.383752e-29,2.635662e-01
strong,0.2,0.5,46,20,1.251839e-01,0.0747,1,4.611404e-02,1.023937e-17,1.512683e-60,2.635662e-01
strong,0.2,0.5,48,5,1.251839e-01,0.0594,1,3.579589e-02,7.948285e-18,4.912941e-16,2.507112e-01
strong,0.2,0.5,48,10,1.251839e-01,0.0594,1,3.579589e-02,7.948285e-18,2.086404e-30,2.507112e-01
strong,0.2,0.5,48,20,1.251839e-01,0.0594,1,3.579589e-02,7.948285e-18,9.327130e-63,2.507112e-01
strong,0.2,0.5,50,5,1.251839e-01,0.0472,1,2.778646e-02,6.169833e-18,9.579472e-17,2.382455e-01
strong,0.2,0.5,50,10,1.251839e-01,0.0472,1,2.778646e-02,6.169833e-18,1.286467e-31,2.382455e-01
strong,0.2,0.5,50,20,1.251839e-01,0.0472,1,2.778646e-02,6.169833e-18,5.751062e-65,2.382455e-01
strong,0.2,0.628,20,5,7.928196e-02,2.3546,0,3.898294e+00,8.655952e-16,1.766159e-04,4.320962e-01
strong,0.2,0.628,20,10,7.928196e-02,2.3546,0,3.898294e+00,8.655952e-16,7.295077e-11,4.320534e-01
strong,0.2,0.628,20,20,7.928196e-02,2.3546,1,3.898294e+00,8.655952e-16,3.123754e-27,4.320534e-01
strong,0.2,0.628,22,5,7.928196e-02,1.8703,0,3.026040e+00,6.719158e-16,3.443735e-05,4.201330e-01
strong,0.2,0.628,22,10,7.928196e-02,1.8703,1,3.026040e+00,6.719158e-16,4.498108e-12,4.201242e-01
strong,0.2,0.628,22,20,7.928196e-02,1.8703,1,3.026040e+00,6.719158e-16,1.926091e-29,4.201242e-01
strong,0.2,0.628,24,5,7.928196e-02,1.4856,0,2.348955e+00,5.215727e-16,6.714747e-06,4.070342e-01
strong,0.2,0.628,24,10,7.928196e-02,1.4856,1,2.348955e+00,5.215727e-16,2.773511e-13,4.070324e-01
strong,0.2,0.628,24,20,7.928196e-02,1.4856,1,2.348955e+00,5.215727e-16,1.187618e-31,4.070324e-01
strong,0.2,0.628,26,5,7.928196e-02,1.1801,0,1.823369e+00,4.048693e-16,1.309271e-06,3.928741e-01
strong,0.2,0.628,26,10,7.928196e-02,1.1801,1,1.823369e+00,4.048693e-16,1.710133e-14,3.928737e-01
strong,0.2,0.628,26,20,7.928196e-02,1.1801,1,1.823369e+00,4.048693e-16,7.322795e-34,3.928737e-01
strong,0.2,0.628,28,5,7.928196e-02,0.9374,0,1.415385e+00,3.142786e-16,2.552876e-07,3.777766e-01
strong,0.2,0.628,28,10,7.928196e-02,0.9374,1,1.415385e+00,3.142786e-16,1.054459e-15,3.777765e-01
strong,0.2,0.628,28,20,7.928196e-02,0.9374,1,1.415385e+00,3.142786e-16,4.515199e-36,3.777765e-01
strong,0.2,0.628,30,5,7.928196e-02,0.7446,0,1.098689e+00,2.439579e-16,4.977711e-08,3.618951e-01
strong,0.2,0.628,30,10,7.928196e-02,0.7446,1,1.098689e+00,2.439579e-16,6.501745e-17,3.618951e-01
strong,0.2,0.628,30,20,7.928196e-02,0.7446,1,1.098689e+00,2.439579e-16,2.784049e-38,3.618951e-01
strong,0.2,0.628,32,5,7.928196e-02,0.5914,0,8.528538e-01,1.893716e-16,9.705763e-09,3.454011e-01
strong,0.2,0.628,32,10,7.928196e-02,0.5914,1,8.528538e-01,1.893716e-16,4.008943e-18,3.454011e-01
strong,0.2,0.628,32,20,7.928196e-02,0.5914,1,8.528538e-01,1.893716e-16,1.716631e-40,3.454011e-01
strong,0.2,0.628,34,5,7.928196e-02,0.4698,1,6.620253e-01,1.469992e-16,1.892473e-09,3.284755e-01
strong,0.2,0.628,34,10,7.928196e-02,0.4698,1,6.620253e-01,1.469992e-16,2.471894e-19,3.284755e-01
strong,0.2,0.628,34,20,7.928196e-02,0.4698,1,6.620253e-01,1.469992e-16,1.058466e-42,3.284755e-01
strong,0.2,0.628,36,5,7.928196e-02,0.3732,1,5.138953e-01,1.141077e-16,3.690028e-10,3.113003e-01
strong,0.2,0.628,36,10,7.928196e-02,0.3732,1,5.138953e-01,1.141077e-16,1.524158e-20,3.113003e-01
strong,0.2,0.628,36,20,7.928196e-02,0.3732,1,5.138953e-01,1.141077e-16,6.526448e-45,3.113003e-01
strong,0.2,0.628,38,5,7.928196e-02,0.2964,1,3.989097e-01,8.857575e-17,7.194981e-11,2.940518e-01
strong,0.2,0.628,38,10,7.928196e-02,0.2964,1,3.989097e-01,8.857575e-17,9.397880e-22,2.940518e-01
strong,0.2,0.628,38,20,7.928196e-02,0.2964,1,3.989097e-01,8.857575e-17,4.024175e-47,2.940518e-01
strong,0.2,0.628,40,5,7.928196e-02,0.2355,1,3.096525e-01,6.875667e-17,1.402910e-11,2.768943e-01
strong,0.2,0.628,40,10,7.928196e-02,0.2355,1,3.096525e-01,6.875667e-17,5.794686e-23,2.768943e-01
strong,0.2,0.628,40,20,7.928196e-02,0.2355,1,3.096525e-01,6.875667e-17,2.481286e-49,2.768943e-01
strong,0.2,0.628,42,5,7.928196e-02,0.1870,1,2.403669e-01,5.337217e-17,2.735456e-12,2.599761e-01
strong,0.2,0.628,42,10,7.928196e-02,0.1870,1,2.403669e-01,5.337217e-17,3.572974e-24,2.599761e-01
strong,0.2,0.628,42,20,7.928196e-02,0.1870,1,2.403669e-01,5.337217e-17,1.529949e-51,2.599761e-01
strong,0.2,0.628,44,5,7.928196e-02,0.1486,1,1.865841e-01,4.142999e-17,5.333713e-13,2.434270e-01
strong,0.2,0.628,44,10,7.928196e-02,0.1486,1,1.865841e-01,4.142999e-17,2.203078e-25,2.434270e-01
strong,0.2,0.628,44,20,7.928196e-02,0.1486,1,1.865841e-01,4.142999e-17,9.433588e-54,2.434270e-01
strong,0.2,0.628,46,5,7.928196e-02,0.1180,1,1.448354e-01,3.215991e-17,1.039991e-13,2.273562e-01
strong,0.2,0.628,46,10,7.928196e-02,0.1180,1,1.448354e-01,3.215991e-17,1.358407e-26,2.273562e-01
strong,0.2,0.628,46,20,7.928196e-02,0.1180,1,1.448354e-01,3.215991e-17,5.816703e-56,2.273562e-01
strong,0.2,0.628,48,5,7.928196e-02,0.0937,1,1.124280e-01,2.496404e-17,2.027821e-14,2.118529e-01
strong,0.2,0.628,48,10,7.928196e-02,0.0937,1,1.124280e-01,2.496404e-17,8.375869e-28,2.118529e-01
strong,0.2,0.628,48,20,7.928196e-02,0.0937,1,1.124280e-01,2.496404e-17,3.586550e-58,2.118529e-01
strong,0.2,0.628,50,5,7.928196e-02,0.0745,1,8.727194e-02,1.937826e-17,3.953936e-15,1.969860e-01
strong,0.2,0.628,50,10,7.928196e-02,0.0745,1,8.727194e-02,1.937826e-17,5.164519e-29,1.969860e-01
strong,0.2,0.628,50,20,7.928196e-02,0.0745,1,8.727194e-02,1.937826e-17,2.211449e-60,1.969860e-01
strong,0.2,0.789,20,5,5.021007e-02,3.7179,0,1.502953e+01,3.337226e-15,7.392997e-03,4.374229e-01
strong,0.2,0.789,20,10,5.021007e-02,3.7179,0,1.502953e+01,3.337226e-15,2.952935e-08,4.358401e-01
strong,0.2,0.789,20,20,5.021007e-02,3.7179,1,1.502953e+01,3.337226e-15,1.207196e-22,4.358401e-01
strong,0.2,0.789,22,5,5.021007e-02,2.9532,0,1.166663e+01,2.590512e-15,1.441520e-03,4.237291e-01
strong,0.2,0.789,22,10,5.021007e-02,2.9532,0,1.166663e+01,2.590512e-15,1.820765e-09,4.233996e-01
strong,0.2,0.789,22,20,5.021007e-02,2.9532,1,1.166663e+01,2.590512e-15,7.443510e-25,4.233996e-01
strong,0.2,0.789,24,5,5.021007e-02,2.3458,0,9.056188e+00,2.010878e-15,2.810739e-04,4.095139e-01
strong,0.2,0.789,24,10,5.021007e-02,2.3458,0,9.056188e+00,2.010878e-15,1.122674e-10,4.094455e-01
strong,0.2,0.789,24,20,5.021007e-02,2.3458,1,9.056188e+00,2.010878e-15,4.589631e-27,4.094455e-01
strong,0.2,0.789,26,5,5.021007e-02,1.8634,0,7.029840e+00,1.560938e-15,5.480505e-05,3.940588e-01
strong,0.2,0.789,26,10,5.021007e-02,1.8634,1,7.029840e+00,1.560938e-15,6.922354e-12,3.940446e-01
strong,0.2,0.789,26,20,5.021007e-02,1.8634,1,7.029840e+00,1.560938e-15,2.829943e-29,3.940446e-01
strong,0.2,0.789,28,5,5.021007e-02,1.4801,0,5.456893e+00,1.211674e-15,1.068613e-05,3.773209e-01
strong,0.2,0.789,28,10,5.021007e-02,1.4801,1,5.456893e+00,1.211674e-15,4.268289e-13,3.773180e-01
strong,0.2,0.789,28,20,5.021007e-02,1.4801,1,5.456893e+00,1.211674e-15,1.744929e-31,3.773180e-01
strong,0.2,0.789,30,5,5.021007e-02,1.1757,0,4.235897e+00,9.405581e-16,2.083630e-06,3.594367e-01
strong,0.2,0.789,30,10,5.021007e-02,1.1757,1,4.235897e+00,9.405581e-16,2.631806e-14,3.594361e-01
strong,0.2,0.789,30,20,5.021007e-02,1.1757,1,4.235897e+00,9.405581e-16,1.075914e-33,3.594361e-01
strong,0.2,0.789,32,5,5.021007e-02,0.9339,0,3.288103e+00,7.301055e-16,4.062754e-07,3.406095e-01
strong,0.2,0.789,32,10,5.021007e-02,0.9339,1,3.288103e+00,7.301055e-16,1.622758e-15,3.406094e-01
strong,0.2,0.789,32,20,5.021007e-02,0.9339,1,3.288103e+00,7.301055e-16,6.634035e-36,3.406094e-01
strong,0.2,0.789,34,5,5.021007e-02,0.7418,0,2.552381e+00,5.667423e-16,7.921739e-08,3.210771e-01
strong,0.2,0.789,34,10,5.021007e-02,0.7418,1,2.552381e+00,5.667423e-16,1.000585e-16,3.210771e-01
strong,0.2,0.789,34,20,5.021007e-02,0.7418,1,2.552381e+00,5.667423e-16,4.090513e-38,3.210771e-01
strong,0.2,0.789,36,5,5.021007e-02,0.5892,0,1.981278e+00,4.399321e-16,1.544616e-08,3.010937e-01
strong,0.2,0.789,36,10,5.021007e-02,0.5892,1,1.981278e+00,4.399321e-16,6.169555e-18,3.010937e-01
strong,0.2,0.789,36,20,5.021007e-02,0.5892,1,1.981278e+00,4.399321e-16,2.522190e-40,3.010937e-01
strong,0.2,0.789,38,5,5.021007e-02,0.4681,1,1.537961e+00,3.414960e-16,3.011761e-09,2.809167e-01
strong,0.2,0.789,38,10,5.021007e-02,0.4681,1,1.537961e+00,3.414960e-16,3.804117e-19,2.809167e-01
strong,0.2,0.789,38,20,5.021007e-02,0.4681,1,1.537961e+00,3.414960e-16,1.555170e-42,2.809167e-01
strong,0.2,0.789,40,5,5.021007e-02,0.3718,1,1.193838e+00,2.650853e-16,5.872467e-10,2.607949e-01
strong,0.2,0.789,40,10,5.021007e-02,0.3718,1,1.193838e+00,2.650853e-16,2.345599e-20,2.607949e-01
strong,0.2,0.789,40,20,5.021007e-02,0.3718,1,1.193838e+00,2.650853e-16,9.589098e-45,2.607949e-01
strong,0.2,0.789,42,5,5.021007e-02,0.2953,1,9.267134e-01,2.057717e-16,1.145040e-10,2.409586e-01
strong,0.2,0.789,42,10,5.021007e-02,0.2953,1,9.267134e-01,2.057717e-16,1.446285e-21,2.409586e-01
strong,0.2,0.789,42,20,5.021007e-02,0.2953,1,9.267134e-01,2.057717e-16,5.912590e-47,2.409586e-01
strong,0.2,0.789,44,5,5.021007e-02,0.2346,1,7.193586e-01,1.597297e-16,2.232650e-11,2.216129e-01
strong,0.2,0.789,44,10,5.021007e-02,0.2346,1,7.193586e-01,1.597297e-16,8.917720e-23,2.216129e-01
strong,0.2,0.789,44,20,5.021007e-02,0.2346,1,7.193586e-01,1.597297e-16,3.645673e-49,2.216129e-01
strong,0.2,0.789,46,5,5.021007e-02,0.1863,1,5.584000e-01,1.239897e-16,4.353320e-12,2.029324e-01
strong,0.2,0.789,46,10,5.021007e-02,0.1863,1,5.584000e-01,1.239897e-16,5.498621e-24,2.029324e-01
strong,0.2,0.789,46,20,5.021007e-02,0.1863,1,5.584000e-01,1.239897e-16,2.247904e-51,2.029324e-01
strong,0.2,0.789,48,5,5.021007e-02,0.1480,1,4.334564e-01,9.624666e-17,8.488297e-13,1.850595e-01
strong,0.2,0.789,48,10,5.021007e-02,0.1480,1,4.334564e-01,9.624666e-17,3.390423e-25,1.850595e-01
strong,0.2,0.789,48,20,5.021007e-02,0.1480,1,4.334564e-01,9.624666e-17,1.386046e-53,1.850595e-01
strong,0.2,0.789,50,5,5.021007e-02,0.1176,1,3.364693e-01,7.471119e-17,1.655086e-13,1.681037e-01
strong,0.2,0.789,50,10,5.021007e-02,0.1176,1,3.364693e-01,7.471119e-17,2.090518e-26,1.681037e-01
strong,0.2,0.789,50,20,5.021007e-02,0.1176,1,3.364693e-01,7.471119e-17,8.546293e-56,1.681037e-01
strong,0.2,0.992,20,5,3.175879e-02,5.8779,0,1.619460e+02,3.595924e-14,3.198998e-01,5.034364e-01
strong,0.2,0.992,20,10,3.175879e-02,5.8779,0,1.619460e+02,3.595924e-14,1.230380e-05,4.438058e-01
strong,0.2,0.992,20,20,3.175879e-02,5.8779,1,1.619460e+02,3.595924e-14,4.833979e-18,4.438029e-01
strong,0.2,0.992,22,5,3.175879e-02,4.6690,0,1.257101e+02,2.791326e-14,6.237550e-02,4.444302e-01
strong,0.2,0.992,22,10,3.175879e-02,4.6690,0,1.257101e+02,2.791326e-14,7.586461e-07,4.319244e-01
strong,0.2,0.992,22,20,3.175879e-02,4.6690,1,1.257101e+02,2.791326e-14,2.980607e-20,4.319242e-01
strong,0.2,0.992,24,5,3.175879e-02,3.7087,0,9.758214e+01,2.166759e-14,1.216225e-02,4.208939e-01
strong,0.2,0.992,24,10,3.175879e-02,3.7087,0,9.758214e+01,2.166759e-14,4.677774e-08,4.182812e-01
strong,0.2,0.992,24,20,3.175879e-02,3.7087,1,9.758214e+01,2.166759e-14,1.837828e-22,4.182812e-01
strong,0.2,0.992,26,5,3.175879e-02,2.9459,0,7.574785e+01,1.681940e-14,2.371450e-03,4.034142e-01
strong,0.2,0.992,26,10,3.175879e-02,2.9459,0,7.574785e+01,1.681940e-14,2.884292e-09,4.028704e-01
strong,0.2,0.992,26,20,3.175879e-02,2.9459,1,7.574785e+01,1.681940e-14,1.133195e-24,4.028704e-01
strong,0.2,0.992,28,5,3.175879e-02,2.3400,0,5.879905e+01,1.305601e-14,4.623960e-04,3.858723e-01
strong,0.2,0.992,28,10,3.175879e-02,2.3400,0,5.879905e+01,1.305601e-14,1.778440e-10,3.857595e-01
strong,0.2,0.992,28,20,3.175879e-02,2.3400,1,5.879905e+01,1.305601e-14,6.987226e-27,3.857595e-01
strong,0.2,0.992,30,5,3.175879e-02,1.8588,0,4.564259e+01,1.013469e-14,9.016003e-05,3.671125e-01
strong,0.2,0.992,30,10,3.175879e-02,1.8588,1,4.564259e+01,1.013469e-14,1.096577e-11,3.670891e-01
strong,0.2,0.992,30,20,3.175879e-02,1.8588,1,4.564259e+01,1.013469e-14,4.308288e-29,3.670891e-01
strong,0.2,0.992,32,5,3.175879e-02,1.4765,0,3.542993e+01,7.867025e-15,1.757980e-05,3.470726e-01
strong,0.2,0.992,32,10,3.175879e-02,1.4765,1,3.542993e+01,7.867025e-15,6.761441e-13,3.470678e-01
strong,0.2,0.992,32,20,3.175879e-02,1.4765,1,3.542993e+01,7.867025e-15,2.656469e-31,3.470678e-01
strong,0.2,0.992,34,5,3.175879e-02,1.1728,0,2.750238e+01,6.106756e-15,3.427789e-06,3.259621e-01
strong,0.2,0.992,34,10,3.175879e-02,1.1728,1,2.750238e+01,6.106756e-15,4.169071e-14,3.259611e-01
strong,0.2,0.992,34,20,3.175879e-02,1.1728,1,2.750238e+01,6.106756e-15,1.637966e-33,3.259611e-01
strong,0.2,0.992,36,5,3.175879e-02,0.9316,0,2.134865e+01,4.740352e-15,6.683655e-07,3.040764e-01
strong,0.2,0.992,36,10,3.175879e-02,0.9316,1,2.134865e+01,4.740352e-15,2.570628e-15,3.040762e-01
strong,0.2,0.992,36,20,3.175879e-02,0.9316,1,2.134865e+01,4.740352e-15,1.009961e-35,3.040762e-01
strong,0.2,0.992,38,5,3.175879e-02,0.7400,0,1.657182e+01,3.679684e-15,1.303209e-07,2.817437e-01
strong,0.2,0.992,38,10,3.175879e-02,0.7400,1,1.657182e+01,3.679684e-15,1.585036e-16,2.817437e-01
strong,0.2,0.992,38,20,3.175879e-02,0.7400,1,1.657182e+01,3.679684e-15,6.227372e-38,2.817437e-01
strong,0.2,0.992,40,5,3.175879e-02,0.5878,0,1.286383e+01,2.856344e-15,2.541055e-08,2.592990e-01
strong,0.2,0.992,40,10,3.175879e-02,0.5878,1,1.286383e+01,2.856344e-15,9.773255e-18,2.592990e-01
strong,0.2,0.992,40,20,3.175879e-02,0.5878,1,1.286383e+01,2.856344e-15,3.839766e-40,2.592990e-01
strong,0.2,0.992,42,5,3.175879e-02,0.4669,1,9.985512e+00,2.217229e-15,4.954662e-09,2.370650e-01
strong,0.2,0.992,42,10,3.175879e-02,0.4669,1,9.985512e+00,2.217229e-15,6.026140e-19,2.370650e-01
strong,0.2,0.992,42,20,3.175879e-02,0.4669,1,9.985512e+00,2.217229e-15,2.367581e-42,2.370650e-01
strong,0.2,0.992,44,5,3.175879e-02,0.3709,1,7.751225e+00,1.721118e-15,9.660821e-10,2.153380e-01
strong,0.2,0.992,44,10,3.175879e-02,0.3709,1,7.751225e+00,1.721118e-15,3.715688e-20,2.153380e-01
strong,0.2,0.992,44,20,3.175879e-02,0.3709,1,7.751225e+00,1.721118e-15,1.459838e-44,2.153380e-01
strong,0.2,0.992,46,5,3.175879e-02,0.2946,1,6.016866e+00,1.336013e-15,1.883710e-10,1.943766e-01
strong,0.2,0.992,46,10,3.175879e-02,0.2946,1,6.016866e+00,1.336013e-15,2.291075e-21,1.943766e-01
strong,0.2,0.992,46,20,3.175879e-02,0.2946,1,6.016866e+00,1.336013e-15,9.001290e-47,1.943766e-01
strong,0.2,0.992,48,5,3.175879e-02,0.2340,1,4.670575e+00,1.037076e-15,3.672942e-11,1.743945e-01
strong,0.2,0.992,48,10,3.175879e-02,0.2340,1,4.670575e+00,1.037076e-15,1.412665e-22,1.743945e-01
strong,0.2,0.992,48,20,3.175879e-02,0.2340,1,4.670575e+00,1.037076e-15,5.550151e-49,1.743945e-01
strong,0.2,0.992,50,5,3.175879e-02,0.1859,1,3.625520e+00,8.050272e-16,7.161666e-12,1.555579e-01
strong,0.2,0.992,50,10,3.175879e-02,0.1859,1,3.625520e+00,8.050272e-16,8.710423e-24,1.555579e-01
strong,0.2,0.992,50,20,3.175879e-02,0.1859,1,3.625520e+00,8.050272e-16,3.422195e-51,1.555579e-01
strong,0.2,1.266,20,5,1.949829e-02,9.5740,0,5.351065e+02,1.188175e-13,1.851121e+01,3.393336e+00
strong,0.2,1.266,20,10,1.949829e-02,9.5740,0,5.351065e+02,1.188175e-13,7.768727e-03,4.565727e-01
strong,0.2,1.266,20,20,1.949829e-02,9.5740,0,5.351065e+02,1.188175e-13,3.902417e-13,4.549964e-01
strong,0.2,1.266,22,5,1.949829e-02,7.6049,0,3.299440e+02,7.326229e-14,3.609397e+00,1.066024e+00
strong,0.2,1.266,22,10,1.949829e-02,7.6049,0,3.299440e+02,7.326229e-14,4.790158e-04,4.448528e-01
strong,0.2,1.266,22,20,1.949829e-02,7.6049,1,3.299440e+02,7.326229e-14,2.406211e-15,4.447488e-01
strong,0.2,1.266,24,5,1.949829e-02,6.0408,0,2.034418e+02,4.517316e-14,7.037764e-01,5.634994e-01
strong,0.2,1.266,24,10,1.949829e-02,6.0408,0,2.034418e+02,4.517316e-14,2.953588e-05,4.326822e-01
strong,0.2,1.266,24,20,1.949829e-02,6.0408,1,2.034418e+02,4.517316e-14,1.483658e-17,4.326754e-01
strong,0.2,1.266,26,5,1.949829e-02,4.7984,0,1.254412e+02,2.785354e-14,1.372255e-01,4.461108e-01
strong,0.2,1.266,26,10,1.949829e-02,4.7984,0,1.254412e+02,2.785354e-14,1.821167e-06,4.186721e-01
strong,0.2,1.266,26,20,1.949829e-02,4.7984,1,1.254412e+02,2.785354e-14,9.148159e-20,4.186717e-01
strong,0.2,1.266,28,5,1.949829e-02,3.8115,0,7.734643e+01,1.717436e-14,2.675683e-02,4.084353e-01
strong,0.2,1.266,28,10,1.949829e-02,3.8115,0,7.734643e+01,1.717436e-14,1.122923e-07,4.027021e-01
strong,0.2,1.266,28,20,1.949829e-02,3.8115,1,7.734643e+01,1.717436e-14,5.640709e-22,4.027021e-01
strong,0.2,1.266,30,5,1.949829e-02,3.0276,0,4.769142e+01,1.058962e-14,5.217167e-03,3.860074e-01
strong,0.2,1.266,30,10,1.949829e-02,3.0276,0,4.769142e+01,1.058962e-14,6.923885e-09,3.848139e-01
strong,0.2,1.266,30,20,1.949829e-02,3.0276,1,4.769142e+01,1.058962e-14,3.478033e-24,3.848139e-01
strong,0.2,1.266,32,5,1.949829e-02,2.4049,0,3.120718e+01,6.929386e-15,1.017266e-03,3.653915e-01
strong,0.2,1.266,32,10,1.949829e-02,2.4049,0,3.120718e+01,6.929386e-15,4.269233e-10,3.651439e-01
strong,0.2,1.266,32,20,1.949829e-02,2.4049,1,3.120718e+01,6.929386e-15,2.144538e-26,3.651439e-01
strong,0.2,1.266,34,5,1.949829e-02,1.9103,0,2.367307e+01,5.256477e-15,1.983511e-04,3.439675e-01
strong,0.2,1.266,34,10,1.949829e-02,1.9103,1,2.367307e+01,5.256477e-15,2.632388e-11,3.439163e-01
strong,0.2,1.266,34,20,1.949829e-02,1.9103,1,2.367307e+01,5.256477e-15,1.322311e-28,3.439163e-01
strong,0.2,1.266,36,5,1.949829e-02,1.5174,0,1.795786e+01,3.987445e-15,3.867539e-05,3.214424e-01
strong,0.2,1.266,36,10,1.949829e-02,1.5174,1,1.795786e+01,3.987445e-15,1.623117e-12,3.214318e-01
strong,0.2,1.266,36,20,1.949829e-02,1.5174,1,1.795786e+01,3.987445e-15,8.153305e-31,3.214318e-01
strong,0.2,1.266,38,5,1.949829e-02,1.2053,0,1.362243e+01,3.024787e-15,7.541100e-06,2.980519e-01
strong,0.2,1.266,38,10,1.949829e-02,1.2053,1,1.362243e+01,3.024787e-15,1.000806e-13,2.980497e-01
strong,0.2,1.266,38,20,1.949829e-02,1.2053,1,1.362243e+01,3.024787e-15,5.027287e-33,2.980497e-01
strong,0.2,1.266,40,5,1.949829e-02,0.9574,0,1.033367e+01,2.294535e-15,1.470397e-06,2.741650e-01
strong,0.2,1.266,40,10,1.949829e-02,0.9574,1,1.033367e+01,2.294535e-15,6.170919e-15,2.741646e-01
strong,0.2,1.266,40,20,1.949829e-02,0.9574,1,1.033367e+01,2.294535e-15,3.099800e-35,2.741646e-01
strong,0.2,1.266,42,5,1.949829e-02,0.7605,0,7.838889e+00,1.740583e-15,2.867046e-07,2.501817e-01
strong,0.2,1.266,42,10,1.949829e-02,0.7605,1,7.838889e+00,1.740583e-15,3.804958e-16,2.501816e-01
strong,0.2,1.266,42,20,1.949829e-02,0.7605,1,7.838889e+00,1.740583e-15,1.911321e-37,2.501816e-01
strong,0.2,1.266,44,5,1.949829e-02,0.6041,0,5.946405e+00,1.320367e-15,5.590295e-08,2.264929e-01
strong,0.2,1.266,44,10,1.949829e-02,0.6041,1,5.946405e+00,1.320367e-15,2.346118e-17,2.264929e-01
strong,0.2,1.266,44,20,1.949829e-02,0.6041,1,5.946405e+00,1.320367e-15,1.178511e-39,2.264929e-01
strong,0.2,1.266,46,5,1.949829e-02,0.4798,1,4.510810e+00,1.001601e-15,1.090021e-08,2.034568e-01
strong,0.2,1.266,46,10,1.949829e-02,0.4798,1,4.510810e+00,1.001601e-15,1.446605e-18,2.034568e-01
strong,0.2,1.266,46,20,1.949829e-02,0.4798,1,4.510810e+00,1.001601e-15,7.266641e-42,2.034568e-01
strong,0.2,1.266,48,5,1.949829e-02,0.3811,1,3.421799e+00,7.597920e-16,2.125371e-09,1.813828e-01
strong,0.2,1.266,48,10,1.949829e-02,0.3811,1,3.421799e+00,7.597920e-16,8.919692e-20,1.813828e-01
strong,0.2,1.266,48,20,1.949829e-02,0.3811,1,3.421799e+00,7.597920e-16,4.480574e-44,1.813828e-01
strong,0.2,1.266,50,5,1.949829e-02,0.3028,1,2.595700e+00,5.763612e-16,4.144143e-10,1.605214e-01
strong,0.2,1.266,50,10,1.949829e-02,0.3028,1,2.595700e+00,5.763612e-16,5.499837e-21,1.605214e-01
strong,0.2,1.266,50,20,1.949829e-02,0.3028,1,2.595700e+00,5.763612e-16,2.762700e-46,1.605214e-01
strong,0.2,1.548,20,5,1.304110e-02,14.3144,0,5.427032e+03,1.205043e-12,5.624172e+02,7.813313e+01
strong,0.2,1.548,20,10,1.304110e-02,14.3144,0,5.427032e+03,1.205043e-12,1.632364e+00,7.567332e-01
strong,0.2,1.548,20,20,1.304110e-02,14.3144,0,5.427032e+03,1.205043e-12,4.401822e-09,4.646010e-01
strong,0.2,1.548,22,5,1.304110e-02,11.3704,0,3.270110e+03,7.261104e-13,1.096626e+02,1.698993e+01
strong,0.2,1.548,22,10,1.304110e-02,11.3704,0,3.270110e+03,7.261104e-13,1.006508e-01,4.755664e-01
strong,0.2,1.548,22,20,1.304110e-02,11.3704,0,3.270110e+03,7.261104e-13,2.714142e-11,4.561570e-01
strong,0.2,1.548,24,5,1.304110e-02,9.0318,0,1.970436e+03,4.375248e-13,2.138250e+01,3.950654e+00
strong,0.2,1.548,24,10,1.304110e-02,9.0318,0,1.970436e+03,4.375248e-13,6.206075e-03,4.472986e-01
strong,0.2,1.548,24,20,1.304110e-02,9.0318,0,1.970436e+03,4.375248e-13,1.673526e-13,4.460140e-01
strong,0.2,1.548,26,5,1.304110e-02,7.1742,0,1.187305e+03,2.636347e-13,4.169256e+00,1.173781e+00
strong,0.2,1.548,26,10,1.304110e-02,7.1742,0,1.187305e+03,2.636347e-13,3.826635e-04,4.340789e-01
strong,0.2,1.548,26,20,1.304110e-02,7.1742,1,1.187305e+03,2.636347e-13,1.031888e-15,4.339942e-01
strong,0.2,1.548,28,5,1.304110e-02,5.6987,0,7.154222e+02,1.588556e-13,8.129401e-01,5.754993e-01
strong,0.2,1.548,28,10,1.304110e-02,5.6987,0,7.154222e+02,1.588556e-13,2.359484e-05,4.199742e-01
strong,0.2,1.548,28,20,1.304110e-02,5.6987,1,7.154222e+02,1.588556e-13,6.362569e-18,4.199687e-01
strong,0.2,1.548,30,5,1.304110e-02,4.5266,0,4.310845e+02,9.571999e-14,1.585107e-01,4.364498e-01
strong,0.2,1.548,30,10,1.304110e-02,4.5266,0,4.310845e+02,9.571999e-14,1.454846e-06,4.038791e-01
strong,0.2,1.548,30,20,1.304110e-02,4.5266,1,4.310845e+02,9.571999e-14,3.923128e-20,4.038787e-01
strong,0.2,1.548,32,5,1.304110e-02,3.5956,0,2.597541e+02,5.767700e-14,3.090712e-02,3.925497e-01
strong,0.2,1.548,32,10,1.304110e-02,3.5956,0,2.597541e+02,5.767700e-14,8.970508e-08,3.857542e-01
strong,0.2,1.548,32,20,1.304110e-02,3.5956,1,2.597541e+02,5.767700e-14,2.418981e-22,3.857542e-01
strong,0.2,1.548,34,5,1.304110e-02,2.8561,0,1.565173e+02,3.475383e-14,6.026408e-03,3.671362e-01
strong,0.2,1.548,34,10,1.304110e-02,2.8561,0,1.565173e+02,3.475383e-14,5.531170e-09,3.657235e-01
strong,0.2,1.548,34,20,1.304110e-02,2.8561,1,1.565173e+02,3.475383e-14,1.491532e-24,3.657235e-01
strong,0.2,1.548,36,5,1.304110e-02,2.2687,0,9.431101e+01,2.094125e-14,1.175056e-03,3.443069e-01
strong,0.2,1.548,36,10,1.304110e-02,2.2687,0,9.431101e+01,2.094125e-14,3.410492e-10,3.440142e-01
strong,0.2,1.548,36,20,1.304110e-02,2.2687,1,9.431101e+01,2.094125e-14,9.196710e-27,3.440142e-01
strong,0.2,1.548,38,5,1.304110e-02,1.8021,0,5.682800e+01,1.261835e-14,2.291177e-04,3.210031e-01
strong,0.2,1.548,38,10,1.304110e-02,1.8021,1,5.682800e+01,1.261835e-14,2.102892e-11,3.209426e-01
strong,0.2,1.548,38,20,1.304110e-02,1.8021,1,5.682800e+01,1.261835e-14,5.670645e-29,3.209426e-01
strong,0.2,1.548,40,5,1.304110e-02,1.4314,0,3.424226e+01,7.603309e-15,4.467438e-05,2.969074e-01
strong,0.2,1.548,40,10,1.304110e-02,1.4314,1,3.424226e+01,7.603309e-15,1.296633e-12,2.968950e-01
strong,0.2,1.548,40,20,1.304110e-02,1.4314,1,3.424226e+01,7.603309e-15,3.496492e-31,2.968950e-01
strong,0.2,1.548,42,5,1.304110e-02,1.1370,0,2.063300e+01,4.581447e-15,8.710810e-06,2.723034e-01
strong,0.2,1.548,42,10,1.304110e-02,1.1370,1,2.063300e+01,4.581447e-15,7.994973e-14,2.723008e-01
strong,0.2,1.548,42,20,1.304110e-02,1.1370,1,2.063300e+01,4.581447e-15,2.155919e-33,2.723008e-01
strong,0.2,1.548,44,5,1.304110e-02,0.9032,0,1.243261e+01,2.760595e-15,1.698473e-06,2.476053e-01
strong,0.2,1.548,44,10,1.304110e-02,0.9032,1,1.243261e+01,2.760595e-15,4.929661e-15,2.476048e-01
strong,0.2,1.548,44,20,1.304110e-02,0.9032,1,1.243261e+01,2.760595e-15,1.329329e-35,2.476048e-01
strong,0.2,1.548,46,5,1.304110e-02,0.7174,0,7.491390e+00,1.663423e-15,3.311758e-07,2.232379e-01
strong,0.2,1.548,46,10,1.304110e-02,0.7174,1,7.491390e+00,1.663423e-15,3.039604e-16,2.232378e-01
strong,0.2,1.548,46,20,1.304110e-02,0.7174,1,7.491390e+00,1.663423e-15,8.196576e-38,2.232378e-01
strong,0.2,1.548,48,5,1.304110e-02,0.5699,0,4.514009e+00,1.002311e-15,6.457413e-08,1.995932e-01
strong,0.2,1.548,48,10,1.304110e-02,0.5699,1,4.514009e+00,1.002311e-15,1.874205e-17,1.995932e-01
strong,0.2,1.548,48,20,1.304110e-02,0.5699,1,4.514009e+00,1.002311e-15,5.053968e-40,1.995932e-01
strong,0.2,1.548,50,5,1.304110e-02,0.4527,1,2.719959e+00,6.039523e-16,1.259095e-08,1.770081e-01
strong,0.2,1.548,50,10,1.304110e-02,0.4527,1,2.719959e+00,6.039523e-16,1.155625e-18,1.770081e-01
strong,0.2,1.548,50,20,1.304110e-02,0.4527,1,2.719959e+00,6.039523e-16,3.116251e-42,1.770081e-01
strong,0.2,1.967,20,5,8.076880e-03,23.1124,0,2.271131e+05,5.042924e-11,3.967720e+04,4.701467e+03
strong,0.2,1.967,20,10,8.076880e-03,23.1124,0,2.271131e+05,5.042924e-11,1.023358e+03,1.563210e+02
strong,0.2,1.967,20,20,8.076880e-03,23.1124,0,2.271131e+05,5.042924e-11,3.046486e-04,4.749073e-01
strong,0.2,1.967,22,5,8.076880e-03,18.3588,0,8.835726e+04,1.961925e-11,7.736437e+03,1.008121e+03
strong,0.2,1.967,22,10,8.076880e-03,18.3588,0,8.835726e+04,1.961925e-11,6.309973e+01,1.090715e+01
strong,0.2,1.967,22,20,8.076880e-03,18.3588,0,8.835726e+04,1.961925e-11,1.878448e-06,4.686120e-01
strong,0.2,1.967,24,5,8.076880e-03,14.5829,0,3.437496e+04,7.632775e-12,1.508485e+03,2.155096e+02
strong,0.2,1.967,24,10,8.076880e-03,14.5829,0,3.437496e+04,7.632775e-12,3.890698e+00,1.157283e+00
strong,0.2,1.967,24,20,8.076880e-03,14.5829,0,3.437496e+04,7.632775e-12,1.158242e-08,4.609801e-01
strong,0.2,1.967,26,5,8.076880e-03,11.5836,0,1.337341e+04,2.969494e-12,2.941311e+02,4.614989e+01
strong,0.2,1.967,26,10,8.076880e-03,11.5836,0,1.337341e+04,2.969494e-12,2.398985e-01,4.979935e-01
strong,0.2,1.967,26,20,8.076880e-03,11.5836,0,1.337341e+04,2.969494e-12,7.141660e-11,4.517313e-01
strong,0.2,1.967,28,5,8.076880e-03,9.2012,0,5.202861e+03,1.155267e-12,5.735100e+01,1.011090e+01
strong,0.2,1.967,28,10,8.076880e-03,9.2012,0,5.202861e+03,1.155267e-12,1.479202e-02,4.437207e-01
strong,0.2,1.967,28,20,8.076880e-03,9.2012,0,5.202861e+03,1.155267e-12,4.403512e-13,4.406589e-01
strong,0.2,1.967,30,5,8.076880e-03,7.3088,0,2.024148e+03,4.494511e-13,1.118255e+01,2.465576e+00
strong,0.2,1.967,30,10,8.076880e-03,7.3088,0,2.024148e+03,4.494511e-13,9.120686e-04,4.277946e-01
strong,0.2,1.967,30,20,8.076880e-03,7.3088,1,2.024148e+03,4.494511e-13,2.715183e-15,4.275927e-01
strong,0.2,1.967,32,5,8.076880e-03,5.8056,0,7.874849e+02,1.748568e-13,2.180424e+00,8.402262e-01
strong,0.2,1.967,32,10,8.076880e-03,5.8056,0,7.874849e+02,1.748568e-13,5.623770e-05,4.124359e-01
strong,0.2,1.967,32,20,8.076880e-03,5.8056,1,7.874849e+02,1.748568e-13,1.674169e-17,4.124226e-01
strong,0.2,1.967,34,5,8.076880e-03,4.6115,0,3.063672e+02,6.802718e-14,4.251488e-01,4.845826e-01
strong,0.2,1.967,34,10,8.076880e-03,4.6115,0,3.063672e+02,6.802718e-14,3.467588e-06,3.951232e-01
strong,0.2,1.967,34,20,8.076880e-03,4.6115,1,3.063672e+02,6.802718e-14,1.032284e-19,3.951223e-01
strong,0.2,1.967,36,5,8.076880e-03,3.6631,0,1.191907e+02,2.646564e-14,8.289741e-02,3.944046e-01
strong,0.2,1.967,36,10,8.076880e-03,3.6631,0,1.191907e+02,2.646564e-14,2.138098e-07,3.757656e-01
strong,0.2,1.967,36,20,8.076880e-03,3.6631,1,1.191907e+02,2.646564e-14,6.365011e-22,3.757655e-01
strong,0.2,1.967,38,5,8.076880e-03,2.9097,0,4.637055e+01,1.029633e-14,1.616371e-02,3.584037e-01
strong,0.2,1.967,38,10,8.076880e-03,2.9097,0,4.637055e+01,1.029633e-14,1.318340e-08,3.545339e-01
strong,0.2,1.967,38,20,8.076880e-03,2.9097,1,4.637055e+01,1.029633e-14,3.924634e-24,3.545339e-01
strong,0.2,1.967,40,5,8.076880e-03,2.3112,0,2.062196e+01,4.578994e-15,3.151672e-03,3.325134e-01
strong,0.2,1.967,40,10,8.076880e-03,2.3112,0,2.062196e+01,4.578994e-15,8.128820e-10,3.317126e-01
strong,0.2,1.967,40,20,8.076880e-03,2.3112,1,2.062196e+01,4.578994e-15,2.419910e-26,3.317126e-01
strong,0.2,1.967,42,5,8.076880e-03,1.8359,0,1.131833e+01,2.513174e-15,6.145270e-04,3.078399e-01
strong,0.2,1.967,42,10,8.076880e-03,1.8359,1,1.131833e+01,2.513174e-15,5.012190e-11,3.076747e-01
strong,0.2,1.967,42,20,8.076880e-03,1.8359,1,1.131833e+01,2.513174e-15,1.492104e-28,3.076747e-01
strong,0.2,1.967,44,5,8.076880e-03,1.4583,0,6.978825e+00,1.549610e-15,1.198232e-04,2.828899e-01
strong,0.2,1.967,44,10,8.076880e-03,1.4583,1,6.978825e+00,1.549610e-15,3.090491e-12,2.828559e-01
strong,0.2,1.967,44,20,8.076880e-03,1.4583,1,6.978825e+00,1.549610e-15,9.200240e-31,2.828559e-01
strong,0.2,1.967,46,5,8.076880e-03,1.1584,0,4.731275e+00,1.050554e-15,2.336366e-05,2.577304e-01
strong,0.2,1.967,46,10,8.076880e-03,1.1584,1,4.731275e+00,1.050554e-15,1.905581e-13,2.577234e-01
strong,0.2,1.967,46,20,8.076880e-03,1.1584,1,4.731275e+00,1.050554e-15,5.672822e-33,2.577234e-01
strong,0.2,1.967,48,5,8.076880e-03,0.9201,0,3.589039e+00,7.969267e-16,4.555552e-06,2.327457e-01
strong,0.2,1.967,48,10,8.076880e-03,0.9201,1,3.589039e+00,7.969267e-16,1.174972e-14,2.327442e-01
strong,0.2,1.967,48,20,8.076880e-03,0.9201,1,3.589039e+00,7.969267e-16,3.497834e-35,2.327442e-01
strong,0.2,1.967,50,5,8.076880e-03,0.7309,0,2.722564e+00,6.045307e-16,8.882618e-07,2.083556e-01
strong,0.2,1.967,50,10,8.076880e-03,0.7309,1,2.722564e+00,6.045307e-16,7.244819e-16,2.083553e-01
strong,0.2,1.967,50,20,8.076880e-03,0.7309,1,2.722564e+00,6.045307e-16,2.156747e-37,2.083553e-01
strong,0.2,2.511,20,5,4.956299e-03,37.6644,0,4.074106e+07,9.046333e-09,8.422897e+06,1.236374e+06
strong,0.2,2.511,20,10,4.956299e-03,37.6644,0,4.074106e+07,9.046333e-09,8.724860e+05,1.122905e+05
strong,0.2,2.511,20,20,4.956299e-03,37.6644,0,4.074106e+07,9.046333e-09,2.787920e+01,5.327823e+00
strong,0.2,2.511,22,5,4.956299e-03,29.9179,0,9.773101e+06,2.170064e-09,1.642334e+06,2.609690e+05
strong,0.2,2.511,22,10,4.956299e-03,29.9179,0,9.773101e+06,2.170064e-09,5.379705e+04,7.581939e+03
strong,0.2,2.511,22,20,4.956299e-03,29.9179,0,9.773101e+06,2.170064e-09,1.719018e-01,5.110072e-01
strong,0.2,2.511,24,5,4.956299e-03,23.7647,0,2.344404e+06,5.205622e-10,3.202296e+05,5.490441e+04
strong,0.2,2.511,24,10,4.956299e-03,23.7647,0,2.344404e+06,5.205622e-10,3.317099e+03,5.101592e+02
strong,0.2,2.511,24,20,4.956299e-03,23.7647,0,2.344404e+06,5.205622e-10,1.059938e-03,4.736630e-01
strong,0.2,2.511,26,5,4.956299e-03,18.8769,0,5.623832e+05,1.248742e-10,6.243980e+04,1.151406e+04
strong,0.2,2.511,26,10,4.956299e-03,18.8769,0,5.623832e+05,1.248742e-10,2.045307e+02,3.458846e+01
strong,0.2,2.511,26,20,4.956299e-03,18.8769,0,5.623832e+05,1.248742e-10,6.535523e-06,4.668842e-01
strong,0.2,2.511,28,5,4.956299e-03,14.9945,0,1.349063e+05,2.995523e-11,1.217479e+04,2.407208e+03
strong,0.2,2.511,28,10,4.956299e-03,14.9945,0,1.349063e+05,2.995523e-11,1.261126e+01,2.733849e+00
strong,0.2,2.511,28,20,4.956299e-03,14.9945,0,1.349063e+05,2.995523e-11,4.029771e-08,4.588541e-01
strong,0.2,2.511,30,5,4.956299e-03,11.9105,0,3.236178e+04,7.185758e-12,2.373895e+03,5.019716e+02
strong,0.2,2.511,30,10,4.956299e-03,11.9105,0,3.236178e+04,7.185758e-12,7.776039e-01,6.002213e-01
strong,0.2,2.511,30,20,4.956299e-03,11.9105,0,3.236178e+04,7.185758e-12,2.484737e-10,4.491400e-01
strong,0.2,2.511,32,5,4.956299e-03,9.4609,0,7.763050e+03,1.723743e-12,4.628726e+02,1.046265e+02
strong,0.2,2.511,32,10,4.956299e-03,9.4609,0,7.763050e+03,1.723743e-12,4.794667e-02,4.475300e-01
strong,0.2,2.511,32,20,4.956299e-03,9.4609,0,7.763050e+03,1.723743e-12,1.532076e-12,4.375351e-01
strong,0.2,2.511,34,5,4.956299e-03,7.5150,0,1.862226e+03,4.134972e-13,9.025296e+01,2.200440e+01
strong,0.2,2.511,34,10,4.956299e-03,7.5150,0,1.862226e+03,4.134972e-13,2.956368e-03,4.245351e-01
strong,0.2,2.511,34,20,4.956299e-03,7.5150,1,1.862226e+03,4.134972e-13,9.446705e-15,4.238763e-01
strong,0.2,2.511,36,5,4.956299e-03,5.9694,0,4.467169e+02,9.919107e-14,1.759793e+01,4.865161e+00
strong,0.2,2.511,36,10,4.956299e-03,5.9694,0,4.467169e+02,9.919107e-14,1.822882e-04,4.081115e-01
strong,0.2,2.511,36,20,4.956299e-03,5.9694,1,4.467169e+02,9.919107e-14,5.824791e-17,4.080682e-01
strong,0.2,2.511,38,5,4.956299e-03,4.7417,0,1.071599e+02,2.379428e-14,3.431322e+00,1.308090e+00
strong,0.2,2.511,38,10,4.956299e-03,4.7417,0,1.071599e+02,2.379428e-14,1.123980e-05,3.901090e-01
strong,0.2,2.511,38,20,4.956299e-03,4.7417,1,1.071599e+02,2.379428e-14,3.591537e-19,3.901061e-01
strong,0.2,2.511,40,5,4.956299e-03,3.7664,0,3.619612e+01,8.037153e-15,6.690545e-01,5.586566e-01
strong,0.2,2.511,40,10,4.956299e-03,3.7664,0,3.619612e+01,8.037153e-15,6.930402e-07,3.700924e-01
strong,0.2,2.511,40,20,4.956299e-03,3.7664,1,3.619612e+01,8.037153e-15,2.214524e-21,3.700922e-01
strong,0.2,2.511,42,5,4.956299e-03,2.9918,0,2.181032e+01,4.842864e-15,1.304552e-01,3.868749e-01
strong,0.2,2.511,42,10,4.956299e-03,2.9918,0,2.181032e+01,4.842864e-15,4.273251e-08,3.482406e-01
strong,0.2,2.511,42,20,4.956299e-03,2.9918,1,2.181032e+01,4.842864e-15,1.365464e-23,3.482405e-01
strong,0.2,2.511,44,5,4.956299e-03,2.3765,0,1.334195e+01,2.962507e-15,2.543674e-02,3.327658e-01
strong,0.2,2.511,44,10,4.956299e-03,2.3765,0,1.334195e+01,2.962507e-15,2.634865e-09,3.248695e-01
strong,0.2,2.511,44,20,4.956299e-03,2.3765,1,1.334195e+01,2.962507e-15,8.419385e-26,3.248695e-01
strong,0.2,2.511,46,5,4.956299e-03,1.8877,0,8.226577e+00,1.826667e-15,4.959769e-03,3.019925e-01
strong,0.2,2.511,46,10,4.956299e-03,1.8877,1,8.226577e+00,1.826667e-15,1.624645e-10,3.003824e-01
strong,0.2,2.511,46,20,4.956299e-03,1.8877,1,8.226577e+00,1.826667e-15,5.191351e-28,3.003824e-01
strong,0.2,2.511,48,5,4.956299e-03,1.4994,0,5.494438e+00,1.220010e-15,9.670779e-04,2.755666e-01
strong,0.2,2.511,48,10,4.956299e-03,1.4994,1,5.494438e+00,1.220010e-15,1.001748e-11,2.752390e-01
strong,0.2,2.511,48,20,4.956299e-03,1.4994,1,5.494438e+00,1.220010e-15,3.200961e-30,2.752390e-01
strong,0.2,2.511,50,5,4.956299e-03,1.1911,0,4.167957e+00,9.254725e-16,1.885652e-04,2.499887e-01
strong,0.2,2.511,50,10,4.956299e-03,1.1911,1,4.167957e+00,9.254725e-16,6.176728e-13,2.499222e-01
strong,0.2,2.511,50,20,4.956299e-03,1.1911,1,4.167957e+00,9.254725e-16,1.973696e-32,2.499222e-01
strong,0.2,3.104,20,5,3.243448e-03,57.5549,0,9.245234e+07,2.052854e-08,9.245234e+07,8.694557e+08
strong,0.2,3.104,20,10,3.243448e-03,57.5549,0,2.172754e+09,4.824484e-07,5.300595e+08,6.341588e+07
strong,0.2,3.104,20,20,3.243448e-03,57.5549,0,2.172754e+09,4.824484e-07,6.338319e+05,9.535557e+04
strong,0.2,3.104,22,5,3.243448e-03,45.7174,0,1.761643e+07,3.911633e-09,1.761643e+07,9.407486e+07
strong,0.2,3.104,22,10,3.243448e-03,45.7174,0,2.123296e+08,4.714665e-08,3.268320e+07,4.292946e+06
strong,0.2,3.104,22,20,3.243448e-03,45.7174,0,2.123296e+08,4.714665e-08,3.908176e+03,6.394221e+02
strong,0.2,3.104,24,5,3.243448e-03,36.3147,0,3.356741e+06,7.453463e-10,3.356741e+06,1.012365e+07
strong,0.2,3.104,24,10,3.243448e-03,36.3147,0,2.469674e+07,5.483777e-09,2.015230e+06,2.893825e+05
strong,0.2,3.104,24,20,3.243448e-03,36.3147,0,2.469674e+07,5.483777e-09,2.409762e+01,4.745352e+00
strong,0.2,3.104,26,5,3.243448e-03,28.8458,0,6.396139e+05,1.420228e-10,6.396139e+05,1.077375e+06
strong,0.2,3.104,26,10,3.243448e-03,28.8458,0,2.969201e+06,6.592950e-10,1.242581e+05,1.942616e+04
strong,0.2,3.104,26,20,3.243448e-03,28.8458,0,2.969201e+06,6.592950e-10,1.485847e-01,5.052739e-01
strong,0.2,3.104,28,5,3.243448e-03,22.9130,0,1.218759e+05,2.706189e-11,1.218759e+05,1.120206e+05
strong,0.2,3.104,28,10,3.243448e-03,22.9130,0,3.569765e+05,7.926470e-11,7.661690e+03,1.299170e+03
strong,0.2,3.104,28,20,3.243448e-03,22.9130,0,3.569765e+05,7.926470e-11,9.161659e-04,4.713567e-01
strong,0.2,3.104,30,5,3.243448e-03,18.2004,0,2.322298e+04,5.156537e-12,2.322298e+04,1.106774e+04
strong,0.2,3.104,30,10,3.243448e-03,18.2004,0,4.291801e+04,9.529712e-12,4.724160e+02,8.694362e+01
strong,0.2,3.104,30,20,3.243448e-03,18.2004,0,4.291801e+04,9.529712e-12,5.649033e-06,4.640808e-01
strong,0.2,3.104,32,5,3.243448e-03,14.4571,0,5.058160e+03,1.123137e-12,4.502302e+03,9.637717e+02
strong,0.2,3.104,32,10,3.243448e-03,14.4571,0,5.159880e+03,1.145723e-12,2.912893e+01,6.191898e+00
strong,0.2,3.104,32,20,3.243448e-03,14.4571,0,5.159880e+03,1.145723e-12,3.483166e-08,4.554391e-01
strong,0.2,3.104,34,5,3.243448e-03,11.4837,0,1.473042e+03,3.270811e-13,8.778790e+02,5.369700e+01
strong,0.2,3.104,34,10,3.243448e-03,11.4837,0,1.473042e+03,3.270811e-13,1.796075e+00,8.241298e-01
strong,0.2,3.104,34,20,3.243448e-03,11.4837,0,1.473042e+03,3.270811e-13,2.147703e-10,4.450264e-01
strong,0.2,3.104,36,5,3.243448e-03,9.1218,0,5.221669e+02,1.159443e-13,1.711728e+02,-4.767427e+00
strong,0.2,3.104,36,10,3.243448e-03,9.1218,0,5.221669e+02,1.159443e-13,1.107451e-01,4.576110e-01
strong,0.2,3.104,36,20,3.243448e-03,9.1218,0,5.221669e+02,1.159443e-13,1.324263e-12,4.326468e-01
strong,0.2,3.104,38,5,3.243448e-03,7.2457,0,2.067615e+02,4.591028e-14,3.337603e+01,-2.482208e+00
strong,0.2,3.104,38,10,3.243448e-03,7.2457,0,2.067615e+02,4.591028e-14,6.828489e-03,4.197956e-01
strong,0.2,3.104,38,20,3.243448e-03,7.2457,1,2.067615e+02,4.591028e-14,8.165337e-15,4.181574e-01
strong,0.2,3.104,40,5,3.243448e-03,5.7555,0,9.919186e+01,2.202502e-14,6.507807e+00,-4.077765e-01
strong,0.2,3.104,40,10,3.243448e-03,5.7555,0,9.919186e+01,2.202502e-14,4.210412e-04,4.016001e-01
strong,0.2,3.104,40,20,3.243448e-03,5.7555,1,9.919186e+01,2.202502e-14,5.034706e-17,4.014930e-01
strong,0.2,3.104,42,5,3.243448e-03,4.5717,0,4.858207e+01,1.078739e-14,1.268921e+00,1.906560e-01
strong,0.2,3.104,42,10,3.243448e-03,4.5717,0,4.858207e+01,1.078739e-14,2.596119e-05,3.826946e-01
strong,0.2,3.104,42,20,3.243448e-03,4.5717,1,4.858207e+01,1.078739e-14,3.104375e-19,3.826876e-01
strong,0.2,3.104,44,5,3.243448e-03,3.6315,0,2.818376e+01,6.258051e-15,2.474199e-01,3.191799e-01
strong,0.2,3.104,44,10,3.243448e-03,3.6315,0,2.818376e+01,6.258051e-15,1.600754e-06,3.618873e-01
strong,0.2,3.104,44,20,3.243448e-03,3.6315,1,2.818376e+01,6.258051e-15,1.914142e-21,3.618869e-01
strong,0.2,3.104,46,5,3.243448e-03,2.8846,0,1.709193e+01,3.795171e-15,4.824304e-02,3.301433e-01
strong,0.2,3.104,46,10,3.243448e-03,2.8846,0,1.709193e+01,3.795171e-15,9.870169e-08,3.393486e-01
strong,0.2,3.104,46,20,3.243448e-03,2.8846,1,1.709193e+01,3.795171e-15,1.180250e-23,3.393486e-01
strong,0.2,3.104,48,5,3.243448e-03,2.2913,0,1.053880e+01,2.340083e-15,9.406643e-03,3.134792e-01
strong,0.2,3.104,48,10,3.243448e-03,2.2913,0,1.053880e+01,2.340083e-15,6.085897e-09,3.154300e-01
strong,0.2,3.104,48,20,3.243448e-03,2.2913,1,1.053880e+01,2.340083e-15,7.277364e-26,3.154300e-01
strong,0.2,3.104,50,5,3.243448e-03,1.8200,0,6.498170e+00,1.442884e-15,1.834149e-03,2.901552e-01
strong,0.2,3.104,50,10,3.243448e-03,1.8200,1,6.498170e+00,1.442884e-15,3.752534e-10,2.905644e-01
strong,0.2,3.104,50,20,3.243448e-03,1.8200,1,6.498170e+00,1.442884e-15,4.487187e-28,2.905644e-01
strong,0.2,3.912,20,5,2.041985e-03,91.4190,0,1.234596e+09,2.741354e-07,1.234596e+09,6.766713e+12
strong,0.2,3.912,20,10,2.041985e-03,91.4190,0,1.889543e+11,4.195628e-05,1.889543e+11,6.754715e+12
strong,0.2,3.912,20,20,2.041985e-03,91.4190,0,1.271129e+13,2.822474e-03,5.098609e+10,6.587375e+09
strong,0.2,3.912,22,5,2.041985e-03,72.6167,0,2.352475e+08,5.223543e-08,2.352475e+08,1.995179e+11
strong,0.2,3.912,22,10,2.041985e-03,72.6167,0,1.138562e+10,2.528116e-06,1.138562e+10,1.986946e+11
strong,0.2,3.912,22,20,2.041985e-03,72.6167,0,3.838749e+11,8.523734e-05,3.143777e+08,4.445709e+07
strong,0.2,3.912,24,5,2.041985e-03,57.6815,0,4.482548e+07,9.953256e-09,4.482548e+07,5.880927e+09
strong,0.2,3.912,24,10,2.041985e-03,57.6815,0,6.860515e+08,1.523340e-07,6.860515e+08,5.825888e+09
strong,0.2,3.912,24,20,2.041985e-03,57.6815,0,1.159284e+10,2.574127e-06,1.938437e+06,2.987608e+05
strong,0.2,3.912,26,5,2.041985e-03,45.8180,0,8.541319e+06,1.896554e-09,8.541319e+06,1.729273e+08
strong,0.2,3.912,26,10,2.041985e-03,45.8180,0,4.133869e+07,9.179033e-09,4.133869e+07,1.695306e+08
strong,0.2,3.912,26,20,2.041985e-03,45.8180,0,3.500980e+08,7.773738e-08,1.195231e+04,1.999874e+03
strong,0.2,3.912,28,5,2.041985e-03,36.3946,0,1.627515e+06,3.613809e-10,1.627515e+06,4.993571e+06
strong,0.2,3.912,28,10,2.041985e-03,36.3946,0,3.012410e+06,6.688895e-10,2.529413e+06,4.845217e+06
strong,0.2,3.912,28,20,2.041985e-03,36.3946,0,1.057279e+07,2.347631e-09,7.369732e+01,1.380733e+01
strong,0.2,3.912,30,5,2.041985e-03,28.9092,0,3.101166e+05,6.885971e-11,3.101166e+05,1.242429e+05
strong,0.2,3.912,30,10,2.041985e-03,28.9092,0,3.548997e+05,7.880355e-11,1.559624e+05,1.324450e+05
strong,0.2,3.912,30,20,2.041985e-03,28.9092,0,3.548997e+05,7.880355e-11,4.544140e-01,5.646452e-01
strong,0.2,3.912,32,5,2.041985e-03,22.9634,0,5.909149e+04,1.312095e-11,5.909149e+04,-1.329357e+03
strong,0.2,3.912,32,10,2.041985e-03,22.9634,0,5.909149e+04,1.312095e-11,9.616561e+03,3.201726e+03
strong,0.2,3.912,32,20,2.041985e-03,22.9634,0,5.909149e+04,1.312095e-11,2.801894e-03,4.708100e-01
strong,0.2,3.912,34,5,2.041985e-03,18.2405,0,1.274257e+04,2.829419e-12,1.151066e+04,-1.117864e+03
strong,0.2,3.912,34,10,2.041985e-03,18.2405,0,1.274257e+04,2.829419e-12,5.929523e+02,4.750746e+01
strong,0.2,3.912,34,20,2.041985e-03,18.2405,0,1.274257e+04,2.829419e-12,1.727634e-05,4.629239e-01
strong,0.2,3.912,36,5,2.041985e-03,14.4889,0,3.416994e+03,7.587250e-13,2.244399e+03,-2.646823e+02
strong,0.2,3.912,36,10,2.041985e-03,14.4889,0,3.416994e+03,7.587250e-13,3.656114e+01,-1.329631e+00
strong,0.2,3.912,36,20,2.041985e-03,14.4889,0,3.416994e+03,7.587250e-13,1.065250e-07,4.540287e-01
strong,0.2,3.912,38,5,2.041985e-03,11.5090,0,1.077675e+03,2.392919e-13,4.376230e+02,-5.709875e+01
strong,0.2,3.912,38,10,2.041985e-03,11.5090,0,1.077675e+03,2.392919e-13,2.254342e+00,1.792674e-01
strong,0.2,3.912,38,20,2.041985e-03,11.5090,0,1.077675e+03,2.392919e-13,6.568280e-10,4.433308e-01
strong,0.2,3.912,40,5,2.041985e-03,9.1419,0,4.130441e+02,9.171422e-14,8.532969e+01,-1.186905e+01
strong,0.2,3.912,40,10,2.041985e-03,9.1419,0,4.130441e+02,9.171422e-14,1.390016e-01,4.088029e-01
strong,0.2,3.912,40,20,2.041985e-03,9.1419,0,4.130441e+02,9.171422e-14,4.049969e-12,4.306364e-01
strong,0.2,3.912,42,5,2.041985e-03,7.2617,0,1.758307e+02,3.904226e-14,1.663796e+01,-2.198018e+00
strong,0.2,3.912,42,10,2.041985e-03,7.2617,0,1.758307e+02,3.904226e-14,8.570769e-03,4.142385e-01
strong,0.2,3.912,42,20,2.041985e-03,7.2617,1,1.758307e+02,3.904226e-14,2.497191e-14,4.158118e-01
strong,0.2,3.912,44,5,2.041985e-03,5.7681,0,8.494338e+01,1.886122e-14,3.244144e+00,-1.542007e-01
strong,0.2,3.912,44,10,2.041985e-03,5.7681,0,8.494338e+01,1.886122e-14,5.284693e-04,3.986970e-01
strong,0.2,3.912,44,20,2.041985e-03,5.7681,1,8.494338e+01,1.886122e-14,1.539755e-16,3.988047e-01
strong,0.2,3.912,46,5,2.041985e-03,4.5818,0,4.235726e+01,9.405201e-15,6.325577e-01,2.631514e-01
strong,0.2,3.912,46,10,2.041985e-03,4.5818,0,4.235726e+01,9.405201e-15,3.258515e-05,3.796580e-01
strong,0.2,3.912,46,20,2.041985e-03,4.5818,1,4.235726e+01,9.405201e-15,9.494054e-19,3.796652e-01
strong,0.2,3.912,48,5,2.041985e-03,3.6395,0,2.552277e+01,5.667194e-15,1.233389e-01,3.341061e-01
strong,0.2,3.912,48,10,2.041985e-03,3.6395,0,2.552277e+01,5.667194e-15,2.009184e-06,3.585562e-01
strong,0.2,3.912,48,20,2.041985e-03,3.6395,1,2.552277e+01,5.667194e-15,5.853986e-21,3.585567e-01
strong,0.2,3.912,50,5,2.041985e-03,2.8909,0,1.556415e+01,3.455935e-15,2.404917e-02,3.306430e-01
strong,0.2,3.912,50,10,2.041985e-03,2.8909,0,1.556415e+01,3.455935e-15,1.238853e-07,3.357543e-01
strong,0.2,3.912,50,20,2.041985e-03,2.8909,1,1.556415e+01,3.455935e-15,3.609539e-23,3.357544e-01
strong,0.2,4.888,20,5,1.307940e-03,142.7254,0,2.312594e+10,5.134990e-06,2.312594e+10,1.737458e+16
strong,0.2,4.888,20,10,1.307940e-03,142.7254,0,1.795018e+13,3.985740e-03,1.795018e+13,1.737359e+16
strong,0.2,4.888,20,20,1.307940e-03,142.7254,0,6.017786e+15,1.336217e+00,6.017786e+15,1.692581e+16
strong,0.2,4.888,22,5,1.307940e-03,113.3708,0,4.406556e+09,9.784521e-07,4.406556e+09,7.090208e+13
strong,0.2,4.888,22,10,1.307940e-03,113.3708,0,1.081605e+12,2.401646e-04,1.081605e+12,7.083329e+13
strong,0.2,4.888,22,20,1.307940e-03,113.3708,0,3.626075e+13,8.051504e-03,3.626075e+13,6.781359e+13
strong,0.2,4.888,24,5,1.307940e-03,90.0536,0,8.396520e+08,1.864402e-07,8.396520e+08,2.893013e+11
strong,0.2,4.888,24,10,1.307940e-03,90.0536,0,6.517316e+10,1.447135e-05,6.517316e+10,2.845589e+11
strong,0.2,4.888,24,20,1.307940e-03,90.0536,0,2.494199e+11,5.538235e-05,2.184926e+11,2.681718e+11
strong,0.2,4.888,26,5,1.307940e-03,71.5321,0,1.599924e+08,3.552545e-08,1.599924e+08,1.172569e+09
strong,0.2,4.888,26,10,1.307940e-03,71.5321,0,3.927071e+09,8.719849e-07,3.927071e+09,8.509365e+08
strong,0.2,4.888,26,20,1.307940e-03,71.5321,0,5.700191e+09,1.265697e-06,1.334407e+09,1.036304e+09
strong,0.2,4.888,28,5,1.307940e-03,56.8200,0,3.048592e+07,6.769235e-09,3.048592e+07,3.016157e+06
strong,0.2,4.888,28,10,1.307940e-03,56.8200,0,2.366294e+08,5.254229e-08,2.366294e+08,-1.783940e+07
strong,0.2,4.888,28,20,1.307940e-03,56.8200,0,2.371757e+08,5.266357e-08,8.227884e+06,3.837061e+06
strong,0.2,4.888,30,5,1.307940e-03,45.1337,0,5.808973e+06,1.289851e-09,5.808973e+06,-3.765380e+05
strong,0.2,4.888,30,10,1.307940e-03,45.1337,0,1.606848e+07,3.567920e-09,1.450303e+07,-1.530078e+06
strong,0.2,4.888,30,20,1.307940e-03,45.1337,0,1.606848e+07,3.567920e-09,5.073272e+04,1.302446e+04
strong,0.2,4.888,32,5,1.307940e-03,35.8510,0,1.106877e+06,2.457761e-10,1.106877e+06,-8.664149e+04
strong,0.2,4.888,32,10,1.307940e-03,35.8510,0,1.610366e+06,3.575730e-10,8.942496e+05,-1.054483e+05
strong,0.2,4.888,32,20,1.307940e-03,35.8510,0,1.610366e+06,3.575730e-10,3.128154e+02,3.599454e+01
strong,0.2,4.888,34,5,1.307940e-03,28.4775,0,2.109111e+05,4.683166e-11,2.109111e+05,-1.889701e+04
strong,0.2,4.888,34,10,1.307940e-03,28.4775,0,2.225405e+05,4.941393e-11,5.513898e+04,-7.153480e+03
strong,0.2,4.888,34,20,1.307940e-03,28.4775,0,2.225405e+05,4.941393e-11,1.928804e+00,5.026518e-01
strong,0.2,4.888,36,5,1.307940e-03,22.6205,0,4.046322e+04,8.984640e-12,4.046322e+04,-4.099118e+03
strong,0.2,4.888,36,10,1.307940e-03,22.6205,0,4.046322e+04,8.984640e-12,3.399842e+03,-4.824355e+02
strong,0.2,4.888,36,20,1.307940e-03,22.6205,0,4.046322e+04,8.984640e-12,1.189291e-02,4.684660e-01
strong,0.2,4.888,38,5,1.307940e-03,17.9681,0,9.386375e+03,2.084194e-12,7.889700e+03,-8.848771e+02
strong,0.2,4.888,38,10,1.307940e-03,17.9681,0,9.386375e+03,2.084194e-12,2.096326e+02,-3.199423e+01
strong,0.2,4.888,38,20,1.307940e-03,17.9681,0,9.386375e+03,2.084194e-12,7.333109e-05,4.615781e-01
strong,0.2,4.888,40,5,1.307940e-03,14.2725,0,2.671447e+03,5.931804e-13,1.538369e+03,-1.898846e+02
strong,0.2,4.888,40,10,1.307940e-03,14.2725,0,2.671447e+03,5.931804e-13,1.292584e+01,-1.719773e+00
strong,0.2,4.888,40,20,1.307940e-03,14.2725,0,2.671447e+03,5.931804e-13,4.521559e-07,4.524123e-01
strong,0.2,4.888,42,5,1.307940e-03,11.3371,0,8.905787e+02,1.977482e-13,2.999580e+02,-4.029637e+01
strong,0.2,4.888,42,10,1.307940e-03,11.3371,0,8.905787e+02,1.977482e-13,7.970008e-01,2.966118e-01
strong,0.2,4.888,42,20,1.307940e-03,11.3371,0,8.905787e+02,1.977482e-13,2.787970e-09,4.413970e-01
strong,0.2,4.888,44,5,1.307940e-03,9.0054,0,3.431850e+02,7.620239e-14,5.848715e+01,-8.252412e+00
strong,0.2,4.888,44,10,1.307940e-03,9.0054,0,3.431850e+02,7.620239e-14,4.914267e-02,4.187445e-01
strong,0.2,4.888,44,20,1.307940e-03,9.0054,0,3.431850e+02,7.620239e-14,1.719049e-11,4.283569e-01
strong,0.2,4.888,46,5,1.307940e-03,7.1532,0,1.530216e+02,3.397761e-14,1.140409e+01,-1.428633e+00
strong,0.2,4.888,46,10,1.307940e-03,7.1532,0,1.530216e+02,3.397761e-14,3.030112e-03,4.125337e-01
strong,0.2,4.888,46,20,1.307940e-03,7.1532,1,1.530216e+02,3.397761e-14,1.059957e-13,4.131694e-01
strong,0.2,4.888,48,5,1.307940e-03,5.6820,0,7.428832e+01,1.649532e-14,2.223620e+00,6.665241e-03
strong,0.2,4.888,48,10,1.307940e-03,5.6820,0,7.428832e+01,1.649532e-14,1.868352e-04,3.957561e-01
strong,0.2,4.888,48,20,1.307940e-03,5.6820,1,7.428832e+01,1.649532e-14,6.535641e-16,3.957980e-01
strong,0.2,4.888,50,5,1.307940e-03,4.5134,0,3.864560e+01,8.581046e-15,4.335713e-01,2.944310e-01
strong,0.2,4.888,50,10,1.307940e-03,4.5134,0,3.864560e+01,8.581046e-15,1.152017e-05,3.763080e-01
strong,0.2,4.888,50,20,1.307940e-03,4.5134,1,3.864560e+01,8.581046e-15,4.029843e-18,3.763107e-01
strong,0.3,0.5,20,5,5.557049e-02,3.3593,0,3.081968e+00,6.843345e-16,1.366289e-03,4.631860e-01
strong,0.3,0.5,20,10,5.557049e-02,3.3593,0,3.081968e+00,6.843345e-16,3.366056e-09,4.628855e-01
strong,0.3,0.5,20,20,5.557049e-02,3.3593,1,3.081968e+00,6.843345e-16,5.064242e-24,4.628855e-01
strong,0.3,0.5,22,5,5.557049e-02,2.6684,0,2.354008e+00,5.226948e-16,2.664051e-04,4.556561e-01
strong,0.3,0.5,22,10,5.557049e-02,2.6684,0,2.354008e+00,5.226948e-16,2.075493e-10,4.555936e-01
strong,0.3,0.5,22,20,5.557049e-02,2.6684,1,2.354008e+00,5.226948e-16,3.122586e-26,4.555936e-01
strong,0.3,0.5,24,5,5.557049e-02,2.1196,0,1.827292e+00,4.057404e-16,5.194485e-05,4.473649e-01
strong,0.3,0.5,24,10,5.557049e-02,2.1196,0,1.827292e+00,4.057404e-16,1.279739e-11,4.473520e-01
strong,0.3,0.5,24,20,5.557049e-02,2.1196,1,1.827292e+00,4.057404e-16,1.925371e-28,4.473520e-01
strong,0.3,0.5,26,5,5.557049e-02,1.6836,0,1.418430e+00,3.149548e-16,1.012844e-05,4.381710e-01
strong,0.3,0.5,26,10,5.557049e-02,1.6836,1,1.418430e+00,3.149548e-16,7.890804e-13,4.381683e-01
strong,0.3,0.5,26,20,5.557049e-02,1.6836,1,1.418430e+00,3.149548e-16,1.187174e-30,4.381683e-01
strong,0.3,0.5,28,5,5.557049e-02,1.3373,0,1.101052e+00,2.444827e-16,1.974888e-06,4.280775e-01
strong,0.3,0.5,28,10,5.557049e-02,1.3373,1,1.101052e+00,2.444827e-16,4.865431e-14,4.280769e-01
strong,0.3,0.5,28,20,5.557049e-02,1.3373,1,1.101052e+00,2.444827e-16,7.320057e-33,4.280769e-01
strong,0.3,0.5,30,5,5.557049e-02,1.0623,0,8.546887e-01,1.897790e-16,3.850725e-07,4.171377e-01
strong,0.3,0.5,30,10,5.557049e-02,1.0623,1,8.546887e-01,1.897790e-16,3.000000e-15,4.171376e-01
strong,0.3,0.5,30,20,5.557049e-02,1.0623,1,8.546887e-01,1.897790e-16,4.513510e-35,4.171376e-01
strong,0.3,0.5,32,5,5.557049e-02,0.8438,0,6.634497e-01,1.473154e-16,7.508316e-08,4.054319e-01
strong,0.3,0.5,32,10,5.557049e-02,0.8438,1,6.634497e-01,1.473154e-16,1.849785e-16,4.054319e-01
strong,0.3,0.5,32,20,5.557049e-02,0.8438,1,6.634497e-01,1.473154e-16,2.783008e-37,4.054319e-01
strong,0.3,0.5,34,5,5.557049e-02,0.6703,0,5.150009e-01,1.143532e-16,1.464005e-08,3.930592e-01
strong,0.3,0.5,34,10,5.557049e-02,0.6703,1,5.150009e-01,1.143532e-16,1.140568e-17,3.930592e-01
strong,0.3,0.5,34,20,5.557049e-02,0.6703,1,5.150009e-01,1.143532e-16,1.715989e-39,3.930592e-01
strong,0.3,0.5,36,5,5.557049e-02,0.5324,0,3.997680e-01,8.876632e-17,2.854582e-09,3.801313e-01
strong,0.3,0.5,36,10,5.557049e-02,0.5324,1,3.997680e-01,8.876632e-17,7.032687e-19,3.801313e-01
strong,0.3,0.5,36,20,5.557049e-02,0.5324,1,3.997680e-01,8.876632e-17,1.058070e-41,3.801313e-01
strong,0.3,0.5,38,5,5.557049e-02,0.4229,1,3.103187e-01,6.890460e-17,5.565991e-10,3.667670e-01
strong,0.3,0.5,38,10,5.557049e-02,0.4229,1,3.103187e-01,6.890460e-17,4.336320e-20,3.667670e-01
strong,0.3,0.5,38,20,5.557049e-02,0.4229,1,3.103187e-01,6.890460e-17,6.524007e-44,3.667670e-01
strong,0.3,0.5,40,5,5.557049e-02,0.3359,1,2.408840e-01,5.348700e-17,1.085282e-10,3.530873e-01
strong,0.3,0.5,40,10,5.557049e-02,0.3359,1,2.408840e-01,5.348700e-17,2.673753e-21,3.530873e-01
strong,0.3,0.5,40,20,5.557049e-02,0.3359,1,2.408840e-01,5.348700e-17,4.022670e-46,3.530873e-01
strong,0.3,0.5,42,5,5.557049e-02,0.2668,1,1.869855e-01,4.151913e-17,2.116131e-11,3.392110e-01
strong,0.3,0.5,42,10,5.557049e-02,0.2668,1,1.869855e-01,4.151913e-17,1.648623e-22,3.392110e-01
strong,0.3,0.5,42,20,5.557049e-02,0.2668,1,1.869855e-01,4.151913e-17,2.480358e-48,3.392110e-01
strong,0.3,0.5,44,5,5.557049e-02,0.2120,1,1.451470e-01,3.222910e-17,4.126126e-12,3.252507e-01
strong,0.3,0.5,44,10,5.557049e-02,0.2120,1,1.451470e-01,3.222910e-17,1.016533e-23,3.252507e-01
strong,0.3,0.5,44,20,5.557049e-02,0.2120,1,1.451470e-01,3.222910e-17,1.529377e-50,3.252507e-01
strong,0.3,0.5,46,5,5.557049e-02,0.1684,1,1.126699e-01,2.501775e-17,8.045305e-13,3.113103e-01
strong,0.3,0.5,46,10,5.557049e-02,0.1684,1,1.126699e-01,2.501775e-17,6.267889e-25,3.113103e-01
strong,0.3,0.5,46,20,5.557049e-02,0.1684,1,1.126699e-01,2.501775e-17,9.430060e-53,3.113103e-01
strong,0.3,0.5,48,5,5.557049e-02,0.1337,1,8.745970e-02,1.941995e-17,1.568709e-13,2.974834e-01
strong,0.3,0.5,48,10,5.557049e-02,0.1337,1,8.745970e-02,1.941995e-17,3.864749e-26,2.974834e-01
strong,0.3,0.5,48,20,5.557049e-02,0.1337,1,8.745970e-02,1.941995e-17,5.814528e-55,2.974834e-01
strong,0.3,0.5,50,5,5.557049e-02,0.1062,1,6.789034e-02,1.507468e-17,3.058740e-14,2.838516e-01
strong,0.3,0.5,50,10,5.557049e-02,0.1062,1,6.789034e-02,1.507468e-17,2.382985e-27,2.838516e-01
strong,0.3,0.5,50,20,5.557049e-02,0.1062,1,6.789034e-02,1.507468e-17,3.585209e-57,2.838516e-01
strong,0.3,0.628,20,5,3.522039e-02,5.3002,0,1.108933e+01,2.462326e-15,5.609568e-02,4.750904e-01
strong,0.3,0.628,20,10,3.522039e-02,5.3002,0,1.108933e+01,2.462326e-15,1.339155e-06,4.643306e-01
strong,0.3,0.628,20,20,3.522039e-02,5.3002,1,1.108933e+01,2.462326e-15,1.915492e-19,4.643303e-01
strong,0.3,0.628,22,5,3.522039e-02,4.2101,0,7.517321e+00,1.669181e-15,1.093779e-02,4.589537e-01
strong,0.3,0.628,22,10,3.522039e-02,4.2101,0,7.517321e+00,1.669181e-15,8.257164e-08,4.567005e-01
strong,0.3,0.628,22,20,3.522039e-02,4.2101,1,7.517321e+00,1.669181e-15,1.181083e-21,4.567005e-01
strong,0.3,0.628,24,5,3.522039e-02,3.3442,0,5.734465e+00,1.273307e-15,2.132698e-03,4.483456e-01
strong,0.3,0.628,24,10,3.522039e-02,3.3442,0,5.734465e+00,1.273307e-15,5.091326e-09,4.478755e-01
strong,0.3,0.628,24,20,3.522039e-02,3.3442,1,5.734465e+00,1.273307e-15,7.282497e-24,4.478755e-01
strong,0.3,0.628,26,5,3.522039e-02,2.6564,0,4.451362e+00,9.884008e-16,4.158430e-04,4.379145e-01
strong,0.3,0.628,26,10,3.522039e-02,2.6564,0,4.451362e+00,9.884008e-16,3.139286e-10,4.378168e-01
strong,0.3,0.628,26,20,3.522039e-02,2.6564,1,4.451362e+00,9.884008e-16,4.490352e-26,4.378168e-01
strong,0.3,0.628,28,5,3.522039e-02,2.1101,0,3.455357e+00,7.672433e-16,8.108293e-05,4.265426e-01
strong,0.3,0.628,28,10,3.522039e-02,2.1101,0,3.455357e+00,7.672433e-16,1.935668e-11,4.265223e-01
strong,0.3,0.628,28,20,3.522039e-02,2.1101,1,3.455357e+00,7.672433e-16,2.768728e-28,4.265223e-01
strong,0.3,0.628,30,5,3.522039e-02,1.6761,0,2.682211e+00,5.955704e-16,1.580991e-05,4.140340e-01
strong,0.3,0.628,30,10,3.522039e-02,1.6761,1,2.682211e+00,5.955704e-16,1.193523e-12,4.140299e-01
strong,0.3,0.628,30,20,3.522039e-02,1.6761,1,2.682211e+00,5.955704e-16,1.707184e-30,4.140299e-01
strong,0.3,0.628,32,5,3.522039e-02,1.3314,0,2.082058e+00,4.623098e-16,3.082687e-06,4.004168e-01
strong,0.3,0.628,32,10,3.522039e-02,1.3314,1,2.082058e+00,4.623098e-16,7.359205e-14,4.004159e-01
strong,0.3,0.628,32,20,3.522039e-02,1.3314,1,2.082058e+00,4.623098e-16,1.052641e-32,4.004159e-01
strong,0.3,0.628,34,5,3.522039e-02,1.0575,0,1.616192e+00,3.588667e-16,6.010761e-07,3.857927e-01
strong,0.3,0.628,34,10,3.522039e-02,1.0575,1,1.616192e+00,3.588667e-16,4.537649e-15,3.857926e-01
strong,0.3,0.628,34,20,3.522039e-02,1.0575,1,1.616192e+00,3.588667e-16,6.490533e-35,3.857926e-01
strong,0.3,0.628,36,5,3.522039e-02,0.8400,0,1.254564e+00,2.785692e-16,1.172005e-07,3.703015e-01
strong,0.3,0.628,36,10,3.522039e-02,0.8400,1,1.254564e+00,2.785692e-16,2.797892e-16,3.703014e-01
strong,0.3,0.628,36,20,3.522039e-02,0.8400,1,1.254564e+00,2.785692e-16,4.002030e-37,3.703014e-01
strong,0.3,0.628,38,5,3.522039e-02,0.6673,0,9.738518e-01,2.162385e-16,2.285227e-08,3.541061e-01
strong,0.3,0.628,38,10,3.522039e-02,0.6673,1,9.738518e-01,2.162385e-16,1.725166e-17,3.541061e-01
strong,0.3,0.628,38,20,3.522039e-02,0.6673,1,9.738518e-01,2.162385e-16,2.467632e-39,3.541061e-01
strong,0.3,0.628,40,5,3.522039e-02,0.5300,0,7.559497e-01,1.678545e-16,4.455838e-09,3.373837e-01
strong,0.3,0.628,40,10,3.522039e-02,0.5300,1,7.559497e-01,1.678545e-16,1.063729e-18,3.373837e-01
strong,0.3,0.628,40,20,3.522039e-02,0.5300,1,7.559497e-01,1.678545e-16,1.521529e-41,3.373837e-01
strong,0.3,0.628,42,5,3.522039e-02,0.4210,1,5.868038e-01,1.302966e-16,8.688192e-10,3.203168e-01
strong,0.3,0.628,42,10,3.522039e-02,0.4210,1,5.868038e-01,1.302966e-16,6.558898e-20,3.203168e-01
strong,0.3,0.628,42,20,3.522039e-02,0.4210,1,5.868038e-01,1.302966e-16,9.381674e-44,3.203168e-01
strong,0.3,0.628,44,5,3.522039e-02,0.3344,1,4.555047e-01,1.011424e-16,1.694063e-10,3.030854e-01
strong,0.3,0.628,44,10,3.522039e-02,0.3344,1,4.555047e-01,1.011424e-16,4.044184e-21,3.030854e-01
strong,0.3,0.628,44,20,3.522039e-02,0.3344,1,4.555047e-01,1.011424e-16,5.784693e-46,3.030854e-01
strong,0.3,0.628,46,5,3.522039e-02,0.2656,1,3.535842e-01,7.851147e-17,3.303159e-11,2.858606e-01
strong,0.3,0.628,46,10,3.522039e-02,0.2656,1,3.535842e-01,7.851147e-17,2.493624e-22,2.858606e-01
strong,0.3,0.628,46,20,3.522039e-02,0.2656,1,3.535842e-01,7.851147e-17,3.566813e-48,2.858606e-01
strong,0.3,0.628,48,5,3.522039e-02,0.2110,1,2.744687e-01,6.094430e-17,6.440646e-12,2.687996e-01
strong,0.3,0.628,48,10,3.522039e-02,0.2110,1,2.744687e-01,6.094430e-17,1.537556e-23,2.687996e-01
strong,0.3,0.628,48,20,3.522039e-02,0.2110,1,2.744687e-01,6.094430e-17,2.199279e-50,2.687996e-01
strong,0.3,0.628,50,5,3.522039e-02,0.1676,1,2.130556e-01,4.730784e-17,1.255826e-12,2.520423e-01
strong,0.3,0.628,50,10,3.522039e-02,0.1676,1,2.130556e-01,4.730784e-17,9.480492e-25,2.520423e-01
strong,0.3,0.628,50,20,3.522039e-02,0.1676,1,2.130556e-01,4.730784e-17,1.356064e-52,2.520423e-01
strong,0.3,0.789,20,5,2.231165e-02,8.3668,0,5.391175e+01,1.197081e-14,2.343474e+00,8.543159e-01
strong,0.3,0.789,20,10,2.231165e-02,8.3668,0,5.391175e+01,1.197081e-14,5.402428e-04,4.680106e-01
strong,0.3,0.789,20,20,2.231165e-02,8.3668,0,5.391175e+01,1.197081e-14,7.357055e-15,4.678968e-01
strong,0.3,0.789,22,5,2.231165e-02,6.6460,0,3.249759e+01,7.215914e-15,4.569411e-01,5.421025e-01
strong,0.3,0.789,22,10,2.231165e-02,6.6460,0,3.249759e+01,7.215914e-15,3.331110e-05,4.605599e-01
strong,0.3,0.789,22,20,2.231165e-02,6.6460,1,3.249759e+01,7.215914e-15,4.536324e-17,4.605524e-01
strong,0.3,0.789,24,5,2.231165e-02,5.2791,0,2.210194e+01,4.907617e-15,8.909641e-02,4.690065e-01
strong,0.3,0.789,24,10,2.231165e-02,5.2791,0,2.210194e+01,4.907617e-15,2.053946e-06,4.518660e-01
strong,0.3,0.789,24,20,2.231165e-02,5.2791,1,2.210194e+01,4.907617e-15,2.797074e-19,4.518655e-01
strong,0.3,0.789,26,5,2.231165e-02,4.1933,0,1.715657e+01,3.809524e-15,1.737242e-02,4.453222e-01
strong,0.3,0.789,26,10,2.231165e-02,4.1933,0,1.715657e+01,3.809524e-15,1.266453e-07,4.417334e-01
strong,0.3,0.789,26,20,2.231165e-02,4.1933,1,1.715657e+01,3.809524e-15,1.724662e-21,4.417334e-01
strong,0.3,0.789,28,5,2.231165e-02,3.3309,0,1.331774e+01,2.957132e-15,3.387351e-03,4.308402e-01
strong,0.3,0.789,28,10,2.231165e-02,3.3309,0,1.331774e+01,2.957132e-15,7.808885e-09,4.300917e-01
strong,0.3,0.789,28,20,2.231165e-02,3.3309,1,1.331774e+01,2.957132e-15,1.063418e-23,4.300916e-01
strong,0.3,0.789,30,5,2.231165e-02,2.6458,0,1.033786e+01,2.295465e-15,6.604808e-04,4.170794e-01
strong,0.3,0.789,30,10,2.231165e-02,2.6458,0,1.033786e+01,2.295465e-15,4.814919e-10,4.169238e-01
strong,0.3,0.789,30,20,2.231165e-02,2.6458,1,1.033786e+01,2.295465e-15,6.556983e-26,4.169238e-01
strong,0.3,0.789,32,5,2.231165e-02,2.1016,0,8.024730e+00,1.781848e-15,1.287835e-04,4.022995e-01
strong,0.3,0.789,32,10,2.231165e-02,2.1016,0,8.024730e+00,1.781848e-15,2.968855e-11,4.022673e-01
strong,0.3,0.789,32,20,2.231165e-02,2.1016,1,8.024730e+00,1.781848e-15,4.043003e-28,4.022673e-01
strong,0.3,0.789,34,5,2.231165e-02,1.6694,0,6.229174e+00,1.383154e-15,2.511078e-05,3.862218e-01
strong,0.3,0.789,34,10,2.231165e-02,1.6694,1,6.229174e+00,1.383154e-15,1.830581e-12,3.862152e-01
strong,0.3,0.789,34,20,2.231165e-02,1.6694,1,6.229174e+00,1.383154e-15,2.492895e-30,3.862152e-01
strong,0.3,0.789,36,5,2.231165e-02,1.3260,0,4.835378e+00,1.073670e-15,4.896212e-06,3.689144e-01
strong,0.3,0.789,36,10,2.231165e-02,1.3260,1,4.835378e+00,1.073670e-15,1.128727e-13,3.689130e-01
strong,0.3,0.789,36,20,2.231165e-02,1.3260,1,4.835378e+00,1.073670e-15,1.537107e-32,3.689130e-01
strong,0.3,0.789,38,5,2.231165e-02,1.0533,0,3.753448e+00,8.334329e-16,9.546853e-07,3.505520e-01
strong,0.3,0.789,38,10,2.231165e-02,1.0533,1,3.753448e+00,8.334329e-16,6.959676e-15,3.505517e-01
strong,0.3,0.789,38,20,2.231165e-02,1.0533,1,3.753448e+00,8.334329e-16,9.477723e-35,3.505517e-01
strong,0.3,0.789,40,5,2.231165e-02,0.8367,0,2.913603e+00,6.469499e-16,1.861488e-07,3.313572e-01
strong,0.3,0.789,40,10,2.231165e-02,0.8367,1,2.913603e+00,6.469499e-16,4.291301e-16,3.313571e-01
strong,0.3,0.789,40,20,2.231165e-02,0.8367,1,2.913603e+00,6.469499e-16,5.843917e-37,3.313571e-01
strong,0.3,0.789,42,5,2.231165e-02,0.6646,0,2.261676e+00,5.021930e-16,3.629612e-08,3.115772e-01
strong,0.3,0.789,42,10,2.231165e-02,0.6646,1,2.261676e+00,5.021930e-16,2.645995e-17,3.115772e-01
strong,0.3,0.789,42,20,2.231165e-02,0.6646,1,2.261676e+00,5.021930e-16,3.603330e-39,3.115772e-01
strong,0.3,0.789,44,5,2.231165e-02,0.5279,0,1.755620e+00,3.898259e-16,7.077180e-09,2.914696e-01
strong,0.3,0.789,44,10,2.231165e-02,0.5279,1,1.755620e+00,3.898259e-16,1.631507e-18,2.914696e-01
strong,0.3,0.789,44,20,2.231165e-02,0.5279,1,1.755620e+00,3.898259e-16,2.221795e-41,2.914696e-01
strong,0.3,0.789,46,5,2.231165e-02,0.4193,1,1.362795e+00,3.026012e-16,1.379940e-09,2.712888e-01
strong,0.3,0.789,46,10,2.231165e-02,0.4193,1,1.362795e+00,3.026012e-16,1.005979e-19,2.712888e-01
strong,0.3,0.789,46,20,2.231165e-02,0.4193,1,1.362795e+00,3.026012e-16,1.369948e-43,2.712888e-01
strong,0.3,0.789,48,5,2.231165e-02,0.3331,1,1.057865e+00,2.348933e-16,2.690669e-10,2.512760e-01
strong,0.3,0.789,48,10,2.231165e-02,0.3331,1,1.057865e+00,2.348933e-16,6.202818e-21,2.512760e-01
strong,0.3,0.789,48,20,2.231165e-02,0.3331,1,1.057865e+00,2.348933e-16,8.447030e-46,2.512760e-01
strong,0.3,0.789,50,5,2.231165e-02,0.2646,1,8.211650e-01,1.823353e-16,5.246386e-11,2.316501e-01
strong,0.3,0.789,50,10,2.231165e-02,0.2646,1,8.211650e-01,1.823353e-16,3.824626e-22,2.316501e-01
strong,0.3,0.789,50,20,2.231165e-02,0.2646,1,8.211650e-01,1.823353e-16,5.208396e-48,2.316501e-01
strong,0.3,0.992,20,5,1.411404e-02,13.2263,0,4.341515e+02,9.640099e-14,1.013264e+02,1.462206e+01
strong,0.3,0.992,20,10,1.411404e-02,13.2263,0,4.341515e+02,9.640099e-14,2.248074e-01,5.141047e-01
strong,0.3,0.992,20,20,1.411404e-02,13.2263,0,4.341515e+02,9.640099e-14,2.939010e-10,4.729875e-01
strong,0.3,0.992,22,5,1.411404e-02,10.5060,0,3.067638e+02,6.811524e-14,1.975708e+01,3.477145e+00
strong,0.3,0.992,22,10,1.411404e-02,10.5060,0,3.067638e+02,6.811524e-14,1.386151e-02,4.692246e-01
strong,0.3,0.992,22,20,1.411404e-02,10.5060,0,3.067638e+02,6.811524e-14,1.812179e-12,4.664958e-01
strong,0.3,0.992,24,5,1.411404e-02,8.3452,0,2.381245e+02,5.287426e-14,3.852324e+00,1.096539e+00
strong,0.3,0.992,24,10,1.411404e-02,8.3452,0,2.381245e+02,5.287426e-14,8.546938e-04,4.588429e-01
strong,0.3,0.992,24,20,1.411404e-02,8.3452,0,2.381245e+02,5.287426e-14,1.117381e-14,4.586625e-01
strong,0.3,0.992,26,5,1.411404e-02,6.6288,0,1.848435e+02,4.104349e-14,7.511433e-01,5.839119e-01
strong,0.3,0.992,26,10,1.411404e-02,6.6288,0,1.848435e+02,4.104349e-14,5.269999e-05,4.493360e-01
strong,0.3,0.992,26,20,1.411404e-02,6.6288,1,1.848435e+02,4.104349e-14,6.889712e-17,4.493241e-01
strong,0.3,0.992,28,5,1.411404e-02,5.2655,0,1.434842e+02,3.185989e-14,1.464613e-01,4.666265e-01
strong,0.3,0.992,28,10,1.411404e-02,5.2655,0,1.434842e+02,3.185989e-14,3.249455e-06,4.383444e-01
strong,0.3,0.992,28,20,1.411404e-02,5.2655,1,1.434842e+02,3.185989e-14,4.248162e-19,4.383436e-01
strong,0.3,0.992,30,5,1.411404e-02,4.1825,0,1.113792e+02,2.473115e-14,2.855767e-02,4.315469e-01
strong,0.3,0.992,30,10,1.411404e-02,4.1825,0,1.113792e+02,2.473115e-14,2.003598e-07,4.256265e-01
strong,0.3,0.992,30,20,1.411404e-02,4.1825,1,1.113792e+02,2.473115e-14,2.619396e-21,4.256265e-01
strong,0.3,0.992,32,5,1.411404e-02,3.3223,0,8.645778e+01,1.919748e-14,5.568302e-03,4.123695e-01
strong,0.3,0.992,32,10,1.411404e-02,3.3223,0,8.645778e+01,1.919748e-14,1.235408e-08,4.111349e-01
strong,0.3,0.992,32,20,1.411404e-02,3.3223,1,8.645778e+01,1.919748e-14,1.615106e-23,4.111349e-01
strong,0.3,0.992,34,5,1.411404e-02,2.6390,0,6.711260e+01,1.490199e-14,1.085732e-03,3.951553e-01
strong,0.3,0.992,34,10,1.411404e-02,2.6390,0,6.711260e+01,1.490199e-14,7.617466e-10,3.948987e-01
strong,0.3,0.992,34,20,1.411404e-02,2.6390,1,6.711260e+01,1.490199e-14,9.958664e-26,3.948987e-01
strong,0.3,0.992,36,5,1.411404e-02,2.0962,0,5.209596e+01,1.156763e-14,2.117010e-04,3.770738e-01
strong,0.3,0.992,36,10,1.411404e-02,2.0962,0,5.209596e+01,1.156763e-14,4.696892e-11,3.770206e-01
strong,0.3,0.992,36,20,1.411404e-02,2.0962,1,5.209596e+01,1.156763e-14,6.140463e-28,3.770206e-01
strong,0.3,0.992,38,5,1.411404e-02,1.6651,0,4.043934e+01,8.979338e-15,4.127840e-05,3.576858e-01
strong,0.3,0.992,38,10,1.411404e-02,1.6651,1,4.043934e+01,8.979338e-15,2.896080e-12,3.576748e-01
strong,0.3,0.992,38,20,1.411404e-02,1.6651,1,4.043934e+01,8.979338e-15,3.786179e-30,3.576748e-01
strong,0.3,0.992,40,5,1.411404e-02,1.3226,0,3.139092e+01,6.970185e-15,8.048646e-06,3.371010e-01
strong,0.3,0.992,40,10,1.411404e-02,1.3226,1,3.139092e+01,6.970185e-15,1.785708e-13,3.370987e-01
strong,0.3,0.992,40,20,1.411404e-02,1.3226,1,3.139092e+01,6.970185e-15,2.334539e-32,3.370987e-01
strong,0.3,0.992,42,5,1.411404e-02,1.0506,0,2.436711e+01,5.410586e-15,1.569361e-06,3.155804e-01
strong,0.3,0.992,42,10,1.411404e-02,1.0506,1,2.436711e+01,5.410586e-15,1.101059e-14,3.155800e-01
strong,0.3,0.992,42,20,1.411404e-02,1.0506,1,2.436711e+01,5.410586e-15,1.439465e-34,3.155800e-01
strong,0.3,0.992,44,5,1.411404e-02,0.8345,0,1.891490e+01,4.199952e-15,3.060010e-07,2.934393e-01
strong,0.3,0.992,44,10,1.411404e-02,0.8345,1,1.891490e+01,4.199952e-15,6.789074e-16,2.934392e-01
strong,0.3,0.992,44,20,1.411404e-02,0.8345,1,1.891490e+01,4.199952e-15,8.875669e-37,2.934392e-01
strong,0.3,0.992,46,5,1.411404e-02,0.6629,0,1.468264e+01,3.260200e-15,5.966543e-08,2.710116e-01
strong,0.3,0.992,46,10,1.411404e-02,0.6629,1,1.468264e+01,3.260200e-15,4.186109e-17,2.710116e-01
strong,0.3,0.992,46,20,1.411404e-02,0.6629,1,1.468264e+01,3.260200e-15,5.472693e-39,2.710116e-01
strong,0.3,0.992,48,5,1.411404e-02,0.5265,0,1.139736e+01,2.530721e-15,1.163383e-08,2.486286e-01
strong,0.3,0.992,48,10,1.411404e-02,0.5265,1,1.139736e+01,2.530721e-15,2.581134e-18,2.486286e-01
strong,0.3,0.992,48,20,1.411404e-02,0.5265,1,1.139736e+01,2.530721e-15,3.374435e-41,2.486286e-01
strong,0.3,0.992,50,5,1.411404e-02,0.4183,1,8.847164e+00,1.964465e-15,2.268417e-09,2.266021e-01
strong,0.3,0.992,50,10,1.411404e-02,0.4183,1,8.847164e+00,1.964465e-15,1.591514e-19,2.266021e-01
strong,0.3,0.992,50,20,1.411404e-02,0.4183,1,8.847164e+00,1.964465e-15,2.080660e-43,2.266021e-01
strong,0.3,1.266,20,5,8.665683e-03,21.5420,0,7.905415e+03,1.755355e-12,5.861513e+03,6.764287e+02
strong,0.3,1.266,20,10,8.665683e-03,21.5420,0,7.905415e+03,1.755355e-12,1.418708e+02,2.243384e+01
strong,0.3,1.266,20,20,8.665683e-03,21.5420,0,7.905415e+03,1.755355e-12,2.370356e-05,4.790590e-01
strong,0.3,1.266,22,5,8.665683e-03,17.1114,0,2.552483e+03,5.667652e-13,1.142904e+03,1.455914e+02
strong,0.3,1.266,22,10,8.665683e-03,17.1114,0,2.552483e+03,5.667652e-13,8.747685e+00,1.943243e+00
strong,0.3,1.266,22,20,8.665683e-03,17.1114,0,2.552483e+03,5.667652e-13,1.461550e-07,4.738431e-01
strong,0.3,1.266,24,5,8.665683e-03,13.5921,0,1.116984e+03,2.480203e-13,2.228485e+02,3.148460e+01
strong,0.3,1.266,24,10,8.665683e-03,13.5921,0,1.116984e+03,2.480203e-13,5.393779e-01,5.653908e-01
strong,0.3,1.266,24,20,8.665683e-03,13.5921,0,1.116984e+03,2.480203e-13,9.011843e-10,4.674477e-01
strong,0.3,1.266,26,5,8.665683e-03,10.7966,0,6.887267e+02,1.529281e-13,4.345199e+01,7.060364e+00
strong,0.3,1.266,26,10,8.665683e-03,10.7966,0,6.887267e+02,1.529281e-13,3.325777e-02,4.661727e-01
strong,0.3,1.266,26,20,8.665683e-03,10.7966,0,6.887267e+02,1.529281e-13,5.556657e-12,4.596702e-01
strong,0.3,1.266,28,5,8.665683e-03,8.5760,0,4.246655e+02,9.429467e-14,8.472463e+00,1.849007e+00
strong,0.3,1.266,28,10,8.665683e-03,8.5760,0,4.246655e+02,9.429467e-14,2.050658e-03,4.507463e-01
strong,0.3,1.266,28,20,8.665683e-03,8.5760,0,4.246655e+02,9.429467e-14,3.426207e-14,4.503163e-01
strong,0.3,1.266,30,5,8.665683e-03,6.8122,0,2.618466e+02,5.814162e-14,1.651999e+00,7.343651e-01
strong,0.3,1.266,30,10,8.665683e-03,6.8122,0,2.618466e+02,5.814162e-14,1.264425e-04,4.392409e-01
strong,0.3,1.266,30,20,8.665683e-03,6.8122,1,2.618466e+02,5.814162e-14,2.112582e-16,4.392125e-01
strong,0.3,1.266,32,5,8.665683e-03,5.4111,0,1.614533e+02,3.584984e-14,3.221141e-01,4.882580e-01
strong,0.3,1.266,32,10,8.665683e-03,5.4111,0,1.614533e+02,3.584984e-14,7.796383e-06,4.262274e-01
strong,0.3,1.266,32,20,8.665683e-03,5.4111,1,1.614533e+02,3.584984e-14,1.302608e-18,4.262255e-01
strong,0.3,1.266,34,5,8.665683e-03,4.2982,0,9.955130e+01,2.210483e-14,6.280724e-02,4.242684e-01
strong,0.3,1.266,34,10,8.665683e-03,4.2982,0,9.955130e+01,2.210483e-14,4.807211e-07,4.112817e-01
strong,0.3,1.266,34,20,8.665683e-03,4.2982,1,9.955130e+01,2.210483e-14,8.031813e-21,4.112816e-01
strong,0.3,1.266,36,5,8.665683e-03,3.4142,0,6.138283e+01,1.362973e-14,1.224644e-02,3.970922e-01
strong,0.3,1.266,36,10,8.665683e-03,3.4142,0,6.138283e+01,1.362973e-14,2.964102e-08,3.943835e-01
strong,0.3,1.266,36,20,8.665683e-03,3.4142,1,6.138283e+01,1.362973e-14,4.952376e-23,3.943835e-01
strong,0.3,1.266,38,5,8.665683e-03,2.7120,0,3.784835e+01,8.404022e-15,2.387865e-03,3.761838e-01
strong,0.3,1.266,38,10,8.665683e-03,2.7120,0,3.784835e+01,8.404022e-15,1.827650e-09,3.756209e-01
strong,0.3,1.266,38,20,8.665683e-03,2.7120,1,3.784835e+01,8.404022e-15,3.053610e-25,3.756209e-01
strong,0.3,1.266,40,5,8.665683e-03,2.1542,0,2.734557e+01,6.071935e-15,4.655965e-04,3.552898e-01
strong,0.3,1.266,40,10,8.665683e-03,2.1542,0,2.734557e+01,6.071935e-15,1.126920e-10,3.551732e-01
strong,0.3,1.266,40,20,8.665683e-03,2.1542,1,2.734557e+01,6.071935e-15,1.882841e-27,3.551732e-01
strong,0.3,1.266,42,5,8.665683e-03,1.7111,0,2.074373e+01,4.606034e-15,9.078408e-05,3.333272e-01
strong,0.3,1.266,42,10,8.665683e-03,1.7111,1,2.074373e+01,4.606034e-15,6.948533e-12,3.333031e-01
strong,0.3,1.266,42,20,8.665683e-03,1.7111,1,2.074373e+01,4.606034e-15,1.160950e-29,3.333031e-01
strong,0.3,1.266,44,5,8.665683e-03,1.3592,0,1.573573e+01,3.494034e-15,1.770148e-05,3.103469e-01
strong,0.3,1.266,44,10,8.665683e-03,1.3592,1,1.573573e+01,3.494034e-15,4.284431e-13,3.103419e-01
strong,0.3,1.266,44,20,8.665683e-03,1.3592,1,1.573573e+01,3.494034e-15,7.158361e-32,3.103419e-01
strong,0.3,1.266,46,5,8.665683e-03,1.0797,0,1.193677e+01,2.650496e-15,3.451514e-06,2.866699e-01
strong,0.3,1.266,46,10,8.665683e-03,1.0797,1,1.193677e+01,2.650496e-15,2.641759e-14,2.866689e-01
strong,0.3,1.266,46,20,8.665683e-03,1.0797,1,1.193677e+01,2.650496e-15,4.413810e-34,2.866689e-01
strong,0.3,1.266,48,5,8.665683e-03,0.8576,0,9.054968e+00,2.010607e-15,6.729917e-07,2.626869e-01
strong,0.3,1.266,48,10,8.665683e-03,0.8576,1,9.054968e+00,2.010607e-15,1.628895e-15,2.626867e-01
strong,0.3,1.266,48,20,8.665683e-03,0.8576,1,9.054968e+00,2.010607e-15,2.721533e-36,2.626867e-01
strong,0.3,1.266,50,5,8.665683e-03,0.6812,0,6.868895e+00,1.525201e-15,1.312229e-07,2.387972e-01
strong,0.3,1.266,50,10,8.665683e-03,0.6812,1,6.868895e+00,1.525201e-15,1.004369e-16,2.387972e-01
strong,0.3,1.266,50,20,8.665683e-03,0.6812,1,6.868895e+00,1.525201e-15,1.678084e-38,2.387972e-01
strong,0.3,1.548,20,5,5.795979e-03,32.2079,0,1.783382e+05,3.959903e-11,1.783382e+05,1.742899e+04
strong,0.3,1.548,20,10,5.795979e-03,32.2079,0,1.783382e+05,3.959903e-11,2.980474e+04,3.969505e+03
strong,0.3,1.548,20,20,5.795979e-03,32.2079,0,1.783382e+05,3.959903e-11,2.672856e-01,5.325549e-01
strong,0.3,1.548,22,5,5.795979e-03,25.5836,0,3.903836e+04,8.668258e-12,3.472079e+04,3.768875e+03
strong,0.3,1.548,22,10,5.795979e-03,25.5836,0,3.903836e+04,8.668258e-12,1.837745e+03,2.680523e+02
strong,0.3,1.548,22,20,5.795979e-03,25.5836,0,3.903836e+04,8.668258e-12,1.648069e-03,4.800536e-01
strong,0.3,1.548,24,5,5.795979e-03,20.3218,0,1.173207e+04,2.605044e-12,6.770014e+03,8.116388e+02
strong,0.3,1.548,24,10,5.795979e-03,20.3218,0,1.173207e+04,2.605044e-12,1.133145e+02,1.843626e+01
strong,0.3,1.548,24,20,5.795979e-03,20.3218,0,1.173207e+04,2.605044e-12,1.016191e-05,4.746556e-01
strong,0.3,1.548,26,5,5.795979e-03,16.1422,0,7.069274e+03,1.569694e-12,1.320048e+03,1.743000e+02
strong,0.3,1.548,26,10,5.795979e-03,16.1422,0,7.069274e+03,1.569694e-12,6.986913e+00,1.669108e+00
strong,0.3,1.548,26,20,5.795979e-03,16.1422,0,7.069274e+03,1.569694e-12,6.265785e-08,4.684006e-01
strong,0.3,1.548,28,5,5.795979e-03,12.8222,0,4.259659e+03,9.458343e-13,2.573888e+02,3.754929e+01
strong,0.3,1.548,28,10,5.795979e-03,12.8222,0,4.259659e+03,9.458343e-13,4.308096e-01,5.407038e-01
strong,0.3,1.548,28,20,5.795979e-03,12.8222,0,4.259659e+03,9.458343e-13,3.863452e-10,4.607631e-01
strong,0.3,1.548,30,5,5.795979e-03,10.1850,0,2.566698e+03,5.699215e-13,5.018681e+01,8.330584e+00
strong,0.3,1.548,30,10,5.795979e-03,10.1850,0,2.566698e+03,5.699215e-13,2.656350e-02,4.568326e-01
strong,0.3,1.548,30,20,5.795979e-03,10.1850,0,2.566698e+03,5.699215e-13,2.382185e-12,4.515311e-01
strong,0.3,1.548,32,5,5.795979e-03,8.0903,0,1.546589e+03,3.434117e-13,9.785648e+00,2.107276e+00
strong,0.3,1.548,32,10,5.795979e-03,8.0903,0,1.546589e+03,3.434117e-13,1.637892e-03,4.408607e-01
strong,0.3,1.548,32,20,5.795979e-03,8.0903,0,1.546589e+03,3.434117e-13,1.468843e-14,4.405105e-01
strong,0.3,1.548,34,5,5.795979e-03,6.4263,0,9.319118e+02,2.069260e-13,1.908049e+00,7.786934e-01
strong,0.3,1.548,34,10,5.795979e-03,6.4263,0,9.319118e+02,2.069260e-13,1.009916e-04,4.275670e-01
strong,0.3,1.548,34,20,5.795979e-03,6.4263,1,9.319118e+02,2.069260e-13,9.056815e-17,4.275440e-01
strong,0.3,1.548,36,5,5.795979e-03,5.1046,0,5.615324e+02,1.246852e-13,3.720399e-01,4.862194e-01
strong,0.3,1.548,36,10,5.795979e-03,5.1046,0,5.615324e+02,1.246852e-13,6.227093e-06,4.125351e-01
strong,0.3,1.548,36,20,5.795979e-03,5.1046,1,5.615324e+02,1.246852e-13,5.584387e-19,4.125336e-01
strong,0.3,1.548,38,5,5.795979e-03,4.0547,0,3.383567e+02,7.513029e-14,7.254201e-02,4.108646e-01
strong,0.3,1.548,38,10,5.795979e-03,4.0547,0,3.383567e+02,7.513029e-14,3.839594e-07,3.954614e-01
strong,0.3,1.548,38,20,5.795979e-03,4.0547,1,3.383567e+02,7.513029e-14,3.443305e-21,3.954613e-01
strong,0.3,1.548,40,5,5.795979e-03,3.2208,0,2.038801e+02,4.527048e-14,1.414456e-02,3.796112e-01
strong,0.3,1.548,40,10,5.795979e-03,3.2208,0,2.038801e+02,4.527048e-14,2.367475e-08,3.764031e-01
strong,0.3,1.548,40,20,5.795979e-03,3.2208,1,2.038801e+02,4.527048e-14,2.123125e-23,3.764031e-01
strong,0.3,1.548,42,5,5.795979e-03,2.5584,0,1.228499e+02,2.727816e-14,2.757970e-03,3.562014e-01
strong,0.3,1.548,42,10,5.795979e-03,2.5584,0,1.228499e+02,2.727816e-14,1.459773e-09,3.555356e-01
strong,0.3,1.548,42,20,5.795979e-03,2.5584,1,1.228499e+02,2.727816e-14,1.309108e-25,3.555356e-01
strong,0.3,1.548,44,5,5.795979e-03,2.0322,0,7.402439e+01,1.643672e-14,5.377613e-04,3.332684e-01
strong,0.3,1.548,44,10,5.795979e-03,2.0322,0,7.402439e+01,1.643672e-14,9.000888e-11,3.331307e-01
strong,0.3,1.548,44,20,5.795979e-03,2.0322,1,7.402439e+01,1.643672e-14,8.071895e-28,3.331307e-01
strong,0.3,1.548,46,5,5.795979e-03,1.6142,0,4.460410e+01,9.904101e-15,1.048551e-04,3.095693e-01
strong,0.3,1.548,46,10,5.795979e-03,1.6142,1,4.460410e+01,9.904101e-15,5.549903e-12,3.095409e-01
strong,0.3,1.548,46,20,5.795979e-03,1.6142,1,4.460410e+01,9.904101e-15,4.977090e-30,3.095409e-01
strong,0.3,1.548,48,5,5.795979e-03,1.2822,0,2.687663e+01,5.967811e-15,2.044512e-05,2.851826e-01
strong,0.3,1.548,48,10,5.795979e-03,1.2822,1,2.687663e+01,5.967811e-15,3.422042e-13,2.851767e-01
strong,0.3,1.548,48,20,5.795979e-03,1.2822,1,2.687663e+01,5.967811e-15,3.068849e-32,2.851767e-01
strong,0.3,1.548,50,5,5.795979e-03,1.0185,0,1.619477e+01,3.595962e-15,3.986480e-06,2.604798e-01
strong,0.3,1.548,50,10,5.795979e-03,1.0185,1,1.619477e+01,3.595962e-15,2.110014e-14,2.604786e-01
strong,0.3,1.548,50,20,5.795979e-03,1.0185,1,1.619477e+01,3.595962e-15,1.892237e-34,2.604786e-01
strong,0.3,1.967,20,5,3.589709e-03,52.0032,0,1.307404e+07,2.903021e-09,1.307404e+07,1.029386e+06
strong,0.3,1.967,20,10,3.589709e-03,52.0032,0,2.339129e+07,5.193910e-09,1.868353e+07,2.054553e+06
strong,0.3,1.967,20,20,3.589709e-03,52.0032,0,2.339129e+07,5.193910e-09,1.849586e+04,2.861602e+03
strong,0.3,1.967,22,5,3.589709e-03,41.3076,0,2.491208e+06,5.531592e-10,2.491208e+06,2.241145e+05
strong,0.3,1.967,22,10,3.589709e-03,41.3076,0,2.746434e+06,6.098308e-10,1.152017e+06,1.397220e+05
strong,0.3,1.967,22,20,3.589709e-03,41.3076,0,2.746434e+06,6.098308e-10,1.140445e+02,1.963113e+01
strong,0.3,1.967,24,5,3.589709e-03,32.8118,0,9.554287e+05,2.121478e-10,4.775845e+05,4.857835e+04
strong,0.3,1.967,24,10,3.589709e-03,32.8118,0,9.554287e+05,2.121478e-10,7.103278e+04,9.460633e+03
strong,0.3,1.967,24,20,3.589709e-03,32.8118,0,9.554287e+05,2.121478e-10,7.031930e-01,6.097256e-01
strong,0.3,1.967,26,5,3.589709e-03,26.0633,0,3.717049e+05,8.253507e-11,9.312156e+04,1.048335e+04
strong,0.3,1.967,26,10,3.589709e-03,26.0633,0,3.717049e+05,8.253507e-11,4.379846e+03,6.382206e+02
strong,0.3,1.967,26,20,3.589709e-03,26.0633,0,3.717049e+05,8.253507e-11,4.335853e-03,4.784632e-01
strong,0.3,1.967,28,5,3.589709e-03,20.7028,0,1.446100e+05,3.210987e-11,1.815726e+04,2.252631e+03
strong,0.3,1.967,28,10,3.589709e-03,20.7028,0,1.446100e+05,3.210987e-11,2.700591e+02,4.328151e+01
strong,0.3,1.967,28,20,3.589709e-03,20.7028,0,1.446100e+05,3.210987e-11,2.673465e-05,4.720308e-01
strong,0.3,1.967,30,5,3.589709e-03,16.4448,0,5.625981e+04,1.249219e-11,3.540383e+03,4.822029e+02
strong,0.3,1.967,30,10,3.589709e-03,16.4448,0,5.625981e+04,1.249219e-11,1.665171e+01,3.326849e+00
strong,0.3,1.967,30,20,3.589709e-03,16.4448,0,5.625981e+04,1.249219e-11,1.648445e-07,4.651506e-01
strong,0.3,1.967,32,5,3.589709e-03,13.0626,0,2.188761e+04,4.860025e-12,6.903197e+02,1.030553e+02
strong,0.3,1.967,32,10,3.589709e-03,13.0626,0,2.188761e+04,4.860025e-12,1.026736e+00,6.472958e-01
strong,0.3,1.967,32,20,3.589709e-03,13.0626,0,2.188761e+04,4.860025e-12,1.016423e-09,4.567727e-01
strong,0.3,1.967,34,5,3.589709e-03,10.3760,0,8.515267e+03,1.890769e-12,1.346016e+02,2.220501e+01
strong,0.3,1.967,34,10,3.589709e-03,10.3760,0,8.515267e+03,1.890769e-12,6.330803e-02,4.593109e-01
strong,0.3,1.967,34,20,3.589709e-03,10.3760,0,8.515267e+03,1.890769e-12,6.267214e-12,4.466761e-01
strong,0.3,1.967,36,5,3.589709e-03,8.2419,0,3.312823e+03,7.355946e-13,2.624522e+01,5.029915e+00
strong,0.3,1.967,36,10,3.589709e-03,8.2419,0,3.312823e+03,7.355946e-13,3.903542e-03,4.355031e-01
strong,0.3,1.967,36,20,3.589709e-03,8.2419,0,3.312823e+03,7.355946e-13,3.864333e-14,4.346684e-01
strong,0.3,1.967,38,5,3.589709e-03,6.5468,0,1.288838e+03,2.861795e-13,5.117410e+00,1.387196e+00
strong,0.3,1.967,38,10,3.589709e-03,6.5468,0,1.288838e+03,2.861795e-13,2.406904e-04,4.206603e-01
strong,0.3,1.967,38,20,3.589709e-03,6.5468,1,1.288838e+03,2.861795e-13,2.382728e-16,4.206053e-01
strong,0.3,1.967,40,5,3.589709e-03,5.2003,0,5.014161e+02,1.113367e-13,9.978155e-01,6.069424e-01
strong,0.3,1.967,40,10,3.589709e-03,5.2003,0,5.014161e+02,1.113367e-13,1.484085e-05,4.044177e-01
strong,0.3,1.967,40,20,3.589709e-03,5.2003,1,5.014161e+02,1.113367e-13,1.469178e-18,4.044141e-01
strong,0.3,1.967,42,5,3.589709e-03,4.1308,0,1.950735e+02,4.331502e-14,1.945585e-01,4.283914e-01
strong,0.3,1.967,42,10,3.589709e-03,4.1308,0,1.950735e+02,4.331502e-14,9.150795e-07,3.861149e-01
strong,0.3,1.967,42,20,3.589709e-03,4.1308,1,1.950735e+02,4.331502e-14,9.058880e-21,3.861147e-01
strong,0.3,1.967,44,5,3.589709e-03,3.2812,0,7.589240e+01,1.685150e-14,3.793589e-02,3.746256e-01
strong,0.3,1.967,44,10,3.589709e-03,3.2812,0,7.589240e+01,1.685150e-14,5.642334e-08,3.658322e-01
strong,0.3,1.967,44,20,3.589709e-03,3.2812,1,7.589240e+01,1.685150e-14,5.585660e-23,3.658322e-01
strong,0.3,1.967,46,5,3.589709e-03,2.6063,0,3.029144e+01,6.726051e-15,7.396909e-03,3.456217e-01
strong,0.3,1.967,46,10,3.589709e-03,2.6063,0,3.029144e+01,6.726051e-15,3.479035e-09,3.437989e-01
strong,0.3,1.967,46,20,3.589709e-03,2.6063,1,3.029144e+01,6.726051e-15,3.444090e-25,3.437989e-01
strong,0.3,1.967,48,5,3.589709e-03,2.0703,0,1.464333e+01,3.251473e-15,1.442282e-03,3.207215e-01
strong,0.3,1.967,48,10,3.589709e-03,2.0703,0,1.464333e+01,3.251473e-15,2.145156e-10,3.203449e-01
strong,0.3,1.967,48,20,3.589709e-03,2.0703,1,1.464333e+01,3.251473e-15,2.123609e-27,3.203449e-01
strong,0.3,1.967,50,5,3.589709e-03,1.6445,0,8.981928e+00,1.994389e-15,2.812226e-04,2.959541e-01
strong,0.3,1.967,50,10,3.589709e-03,1.6445,1,8.981928e+00,1.994389e-15,1.322692e-11,2.958765e-01
strong,0.3,1.967,50,20,3.589709e-03,1.6445,1,8.981928e+00,1.994389e-15,1.309407e-29,2.958765e-01
strong,0.3,2.511,20,5,2.202796e-03,84.7451,0,6.216821e+09,1.380412e-06,2.668734e+09,2.883821e+08
strong,0.3,2.511,20,10,2.202796e-03,84.7451,0,1.625615e+10,3.609591e-06,1.625615e+10,1.438061e+09
strong,0.3,2.511,20,20,2.202796e-03,84.7451,0,1.998991e+10,4.438651e-06,1.692504e+09,2.178186e+08
strong,0.3,2.511,22,5,2.202796e-03,67.3154,0,1.491312e+09,3.311377e-07,5.199510e+08,6.158045e+07
strong,0.3,2.511,22,10,2.202796e-03,67.3154,0,1.491312e+09,3.311377e-07,9.821447e+08,9.861002e+07
strong,0.3,2.511,22,20,2.202796e-03,67.3154,0,1.491312e+09,3.311377e-07,1.043589e+07,1.470415e+06
strong,0.3,2.511,24,5,2.202796e-03,53.4706,0,3.577407e+08,7.943440e-08,1.013824e+08,1.310669e+07
strong,0.3,2.511,24,10,2.202796e-03,53.4706,0,3.577407e+08,7.943440e-08,6.055855e+07,6.731953e+06
strong,0.3,2.511,24,20,2.202796e-03,53.4706,0,3.577407e+08,7.943440e-08,6.434720e+04,9.884458e+03
strong,0.3,2.511,26,5,2.202796e-03,42.4732,0,8.581602e+07,1.905498e-08,1.976798e+07,2.780426e+06
strong,0.3,2.511,26,10,2.202796e-03,42.4732,0,8.581602e+07,1.905498e-08,3.734010e+06,4.575538e+05
strong,0.3,2.511,26,20,2.202796e-03,42.4732,0,8.581602e+07,1.905498e-08,3.967616e+02,6.664695e+01
strong,0.3,2.511,28,5,2.202796e-03,33.7376,0,2.058583e+07,4.570972e-09,3.854450e+06,5.878905e+05
strong,0.3,2.511,28,10,2.202796e-03,33.7376,0,2.058583e+07,4.570972e-09,2.302372e+05,3.096312e+04
strong,0.3,2.511,28,20,2.202796e-03,33.7376,0,2.058583e+07,4.570972e-09,2.446412e+00,9.222138e-01
strong,0.3,2.511,30,5,2.202796e-03,26.7988,0,4.938197e+06,1.096500e-09,7.515578e+05,1.238952e+05
strong,0.3,2.511,30,10,2.202796e-03,26.7988,0,4.938197e+06,1.096500e-09,1.419631e+04,2.086672e+03
strong,0.3,2.511,30,20,2.202796e-03,26.7988,0,4.938197e+06,1.096500e-09,1.508446e-02,4.792990e-01
strong,0.3,2.511,32,5,2.202796e-03,21.2870,0,1.184591e+06,2.630320e-10,1.465421e+05,2.602558e+04
strong,0.3,2.511,32,10,2.202796e-03,21.2870,0,1.184591e+06,2.630320e-10,8.753374e+02,1.404381e+02
strong,0.3,2.511,32,20,2.202796e-03,21.2870,0,1.184591e+06,2.630320e-10,9.301000e-05,4.704970e-01
strong,0.3,2.511,34,5,2.202796e-03,16.9089,0,2.841636e+05,6.309698e-11,2.857343e+04,5.449672e+03
strong,0.3,2.511,34,10,2.202796e-03,16.9089,0,2.841636e+05,6.309698e-11,5.397287e+01,9.815119e+00
strong,0.3,2.511,34,20,2.202796e-03,16.9089,0,2.841636e+05,6.309698e-11,5.734950e-07,4.632402e-01
strong,0.3,2.511,36,5,2.202796e-03,13.4312,0,6.816609e+04,1.513591e-11,5.571375e+03,1.137818e+03
strong,0.3,2.511,36,10,2.202796e-03,13.4312,0,6.816609e+04,1.513591e-11,3.327940e+00,1.076762e+00
strong,0.3,2.511,36,20,2.202796e-03,13.4312,0,6.816609e+04,1.513591e-11,3.536142e-09,4.544327e-01
strong,0.3,2.511,38,5,2.202796e-03,10.6688,0,1.635191e+04,3.630852e-12,1.086332e+03,2.371009e+02
strong,0.3,2.511,38,10,2.202796e-03,10.6688,0,1.635191e+04,3.630852e-12,2.051991e-01,4.850904e-01
strong,0.3,2.511,38,20,2.202796e-03,10.6688,0,1.635191e+04,3.630852e-12,2.180367e-11,4.438381e-01
strong,0.3,2.511,40,5,2.202796e-03,8.4745,0,3.922549e+03,8.709808e-13,2.118178e+02,4.952529e+01
strong,0.3,2.511,40,10,2.202796e-03,8.4745,0,3.922549e+03,8.709808e-13,1.265247e-02,4.339921e-01
strong,0.3,2.511,40,20,2.202796e-03,8.4745,0,3.922549e+03,8.709808e-13,1.344404e-13,4.312679e-01
strong,0.3,2.511,42,5,2.202796e-03,6.7315,0,9.409540e+02,2.089337e-13,4.130117e+01,1.057125e+01
strong,0.3,2.511,42,10,2.202796e-03,6.7315,0,9.409540e+02,2.089337e-13,7.801453e-04,4.167674e-01
strong,0.3,2.511,42,20,2.202796e-03,6.7315,1,9.409540e+02,2.089337e-13,8.289525e-16,4.165882e-01
strong,0.3,2.511,44,5,2.202796e-03,5.3471,0,2.257191e+02,5.011972e-14,8.053087e+00,2.494208e+00
strong,0.3,2.511,44,10,2.202796e-03,5.3471,0,2.257191e+02,5.011972e-14,4.810337e-05,3.997562e-01
strong,0.3,2.511,44,20,2.202796e-03,5.3471,1,2.257191e+02,5.011972e-14,5.111280e-18,3.997444e-01
strong,0.3,2.511,46,5,2.202796e-03,4.2473,0,5.414625e+01,1.202288e-14,1.570227e+00,8.116018e-01
strong,0.3,2.511,46,10,2.202796e-03,4.2473,0,5.414625e+01,1.202288e-14,2.966030e-06,3.807823e-01
strong,0.3,2.511,46,20,2.202796e-03,4.2473,1,5.414625e+01,1.202288e-14,3.151590e-20,3.807816e-01
strong,0.3,2.511,48,5,2.202796e-03,3.3738,0,2.840960e+01,6.308199e-15,3.061698e-01,4.482414e-01
strong,0.3,2.511,48,10,2.202796e-03,3.3738,0,2.840960e+01,6.308199e-15,1.828839e-07,3.598555e-01
strong,0.3,2.511,48,20,2.202796e-03,3.3738,1,2.840960e+01,6.308199e-15,1.943254e-22,3.598554e-01
strong,0.3,2.511,50,5,2.202796e-03,2.6799,0,1.717133e+01,3.812801e-15,5.969836e-02,3.553194e-01
strong,0.3,2.511,50,10,2.202796e-03,2.6799,0,1.717133e+01,3.812801e-15,1.127653e-08,3.372317e-01
strong,0.3,2.511,50,20,2.202796e-03,2.6799,1,1.717133e+01,3.812801e-15,1.198201e-24,3.372317e-01
strong,0.3,3.104,20,5,1.441532e-03,129.4985,0,3.174199e+10,7.048139e-06,3.174199e+10,2.160225e+12
strong,0.3,3.104,20,10,1.441532e-03,129.4985,0,1.007292e+13,2.236638e-03,1.007292e+13,8.051818e+11
strong,0.3,3.104,20,20,1.441532e-03,129.4985,0,5.127354e+13,1.138501e-02,3.847817e+13,4.174927e+12
strong,0.3,3.104,22,5,1.441532e-03,102.8643,0,6.048312e+09,1.342995e-06,6.048312e+09,2.348717e+11
strong,0.3,3.104,22,10,1.441532e-03,102.8643,0,7.656973e+11,1.700190e-04,6.069535e+11,5.533995e+10
strong,0.3,3.104,22,20,1.441532e-03,102.8643,0,9.089299e+11,2.018230e-04,2.372545e+11,2.840078e+10
strong,0.3,3.104,24,5,1.441532e-03,81.7080,0,1.152482e+09,2.559024e-07,1.152482e+09,2.552508e+10
strong,0.3,3.104,24,10,1.441532e-03,81.7080,0,7.482679e+10,1.661489e-05,3.679059e+10,3.787138e+09
strong,0.3,3.104,24,20,1.441532e-03,81.7080,0,7.482679e+10,1.661489e-05,1.462899e+09,1.923588e+08
strong,0.3,3.104,26,5,1.441532e-03,64.9030,0,2.196009e+08,4.876121e-08,2.196009e+08,2.771447e+09
strong,0.3,3.104,26,10,1.441532e-03,64.9030,0,7.312353e+09,1.623668e-06,2.268489e+09,2.580523e+08
strong,0.3,3.104,26,20,1.441532e-03,64.9030,0,7.312353e+09,1.623668e-06,9.020165e+06,1.297231e+06
strong,0.3,3.104,28,5,1.441532e-03,51.5543,0,4.184410e+07,9.291256e-09,4.184410e+07,3.003592e+08
strong,0.3,3.104,28,10,1.441532e-03,51.5543,0,7.145903e+08,1.586709e-07,1.398739e+08,1.750793e+07
strong,0.3,3.104,28,20,1.441532e-03,51.5543,0,7.145903e+08,1.586709e-07,5.561788e+04,8.711684e+03
strong,0.3,3.104,30,5,1.441532e-03,40.9510,0,7.973228e+06,1.770412e-09,7.973228e+06,3.242974e+07
strong,0.3,3.104,30,10,1.441532e-03,40.9510,0,7.459703e+07,1.656387e-08,8.624555e+06,1.182793e+06
strong,0.3,3.104,30,20,1.441532e-03,40.9510,0,7.459703e+07,1.656387e-08,3.429371e+02,5.873891e+01
strong,0.3,3.104,32,5,1.441532e-03,32.5286,0,1.519267e+06,3.373451e-10,1.519267e+06,3.474755e+06
strong,0.3,3.104,32,10,1.441532e-03,32.5286,0,8.968535e+06,1.991415e-09,5.317858e+05,7.957139e+04
strong,0.3,3.104,32,20,1.441532e-03,32.5286,0,8.968535e+06,1.991415e-09,2.114533e+00,8.674940e-01
strong,0.3,3.104,34,5,1.441532e-03,25.8383,0,2.894904e+05,6.427979e-11,2.894904e+05,3.664847e+05
strong,0.3,3.104,34,10,1.441532e-03,25.8383,0,1.078255e+06,2.394207e-10,3.278965e+04,5.331443e+03
strong,0.3,3.104,34,20,1.441532e-03,25.8383,0,1.078255e+06,2.394207e-10,1.303810e-02,4.769027e-01
strong,0.3,3.104,36,5,1.441532e-03,20.5241,0,5.516126e+04,1.224826e-11,5.516126e+04,3.737753e+04
strong,0.3,3.104,36,10,1.441532e-03,20.5241,0,1.296348e+05,2.878470e-11,2.021793e+03,3.561863e+02
strong,0.3,3.104,36,20,1.441532e-03,20.5241,0,1.296348e+05,2.878470e-11,8.039230e-05,4.679751e-01
strong,0.3,3.104,38,5,1.441532e-03,16.3029,0,1.059827e+04,2.353289e-12,1.056654e+04,3.529677e+03
strong,0.3,3.104,38,10,1.441532e-03,16.3029,0,1.558553e+04,3.460682e-12,1.246628e+02,2.410321e+01
strong,0.3,3.104,38,20,1.441532e-03,16.3029,0,1.558553e+04,3.460682e-12,4.956949e-07,4.601555e-01
strong,0.3,3.104,40,5,1.441532e-03,12.9499,0,2.733279e+03,6.069098e-13,2.060310e+03,2.691375e+02
strong,0.3,3.104,40,10,1.441532e-03,12.9499,0,2.733279e+03,6.069098e-13,7.686643e+00,2.016196e+00
strong,0.3,3.104,40,20,1.441532e-03,12.9499,0,2.733279e+03,6.069098e-13,3.056430e-09,4.506940e-01
strong,0.3,3.104,42,5,1.441532e-03,10.2864,0,8.649224e+02,1.920514e-13,4.017285e+02,5.035236e+00
strong,0.3,3.104,42,10,1.441532e-03,10.2864,0,8.649224e+02,1.920514e-13,4.739546e-01,5.426425e-01
strong,0.3,3.104,42,20,1.441532e-03,10.2864,0,8.649224e+02,1.920514e-13,1.884579e-11,4.393625e-01
strong,0.3,3.104,44,5,1.441532e-03,8.1708,0,3.321531e+02,7.375280e-14,7.833082e+01,-4.317182e+00
strong,0.3,3.104,44,10,1.441532e-03,8.1708,0,3.321531e+02,7.375280e-14,2.922380e-02,4.327775e-01
strong,0.3,3.104,44,20,1.441532e-03,8.1708,0,3.321531e+02,7.375280e-14,1.162022e-13,4.259877e-01
strong,0.3,3.104,46,5,1.441532e-03,6.4903,0,1.453633e+02,3.227713e-14,1.527329e+01,-1.216799e+00
strong,0.3,3.104,46,10,1.441532e-03,6.4903,0,1.453633e+02,3.227713e-14,1.801925e-03,4.109056e-01
strong,0.3,3.104,46,20,1.441532e-03,6.4903,1,1.453633e+02,3.227713e-14,7.164971e-16,4.104607e-01
strong,0.3,3.104,48,5,1.441532e-03,5.1554,0,7.050871e+01,1.565608e-14,2.978055e+00,-1.881623e-02
strong,0.3,3.104,48,10,1.441532e-03,5.1554,0,7.050871e+01,1.565608e-14,1.111058e-04,3.927907e-01
strong,0.3,3.104,48,20,1.441532e-03,5.1554,1,7.050871e+01,1.565608e-14,4.417886e-18,3.927616e-01
strong,0.3,3.104,50,5,1.441532e-03,4.0951,0,3.671141e+01,8.151571e-15,5.806744e-01,2.788954e-01
strong,0.3,3.104,50,10,1.441532e-03,4.0951,0,3.671141e+01,8.151571e-15,6.850728e-06,3.729788e-01
strong,0.3,3.104,50,20,1.441532e-03,4.0951,1,3.671141e+01,8.151571e-15,2.724046e-20,3.729769e-01
strong,0.3,3.912,20,5,9.075485e-04,205.6928,0,4.238771e+11,9.411962e-05,4.238771e+11,1.659946e+18
strong,0.3,3.912,20,10,9.075485e-04,205.6928,0,3.740976e+15,8.306635e-01,3.740976e+15,1.659805e+18
strong,0.3,3.912,20,20,9.075485e-04,205.6928,0,3.158165e+18,7.012536e+02,3.158165e+18,2.810161e+17
strong,0.3,3.912,22,5,9.075485e-04,163.3876,0,8.076812e+10,1.793412e-05,8.076812e+10,4.894627e+16
strong,0.3,3.912,22,10,9.075485e-04,163.3876,0,2.254161e+14,5.005243e-02,2.254161e+14,4.893634e+16
strong,0.3,3.912,22,20,9.075485e-04,163.3876,0,8.656967e+16,1.922233e+01,1.908482e+16,1.925931e+15
strong,0.3,3.912,24,5,9.075485e-04,129.7834,0,1.539005e+10,3.417277e-06,1.539005e+10,1.443262e+15
strong,0.3,3.912,24,10,9.075485e-04,129.7834,0,1.358266e+13,3.015957e-03,1.358266e+13,1.442567e+15
strong,0.3,3.912,24,20,9.075485e-04,129.7834,0,2.614362e+15,5.805050e-01,1.176760e+14,1.314135e+13
strong,0.3,3.912,26,5,9.075485e-04,103.0906,0,2.932513e+09,6.511487e-07,2.932513e+09,4.255687e+13
strong,0.3,3.912,26,10,9.075485e-04,103.0906,0,8.184363e+11,1.817294e-04,8.184363e+11,4.250853e+13
strong,0.3,3.912,26,20,9.075485e-04,103.0906,0,7.895248e+13,1.753097e-02,7.255845e+11,8.927592e+10
strong,0.3,3.912,28,5,9.075485e-04,81.8878,0,5.587788e+08,1.240738e-07,5.587788e+08,1.254838e+12
strong,0.3,3.912,28,10,9.075485e-04,81.8878,0,4.931567e+10,1.095028e-05,4.931567e+10,1.251500e+12
strong,0.3,3.912,28,20,9.075485e-04,81.8878,0,2.384327e+12,5.294269e-04,4.473918e+09,6.038643e+08
strong,0.3,3.912,30,5,9.075485e-04,65.0458,0,1.064731e+08,2.364178e-08,1.064731e+08,3.699617e+10
strong,0.3,3.912,30,10,9.075485e-04,65.0458,0,2.971563e+09,6.598195e-07,2.971563e+09,3.676923e+10
strong,0.3,3.912,30,20,9.075485e-04,65.0458,0,7.200552e+10,1.598844e-05,2.758595e+07,4.067060e+06
strong,0.3,3.912,32,5,9.075485e-04,51.6677,0,2.028803e+07,4.504848e-09,2.028803e+07,1.089832e+09
strong,0.3,3.912,32,10,9.075485e-04,51.6677,0,1.790544e+08,3.975806e-08,1.790544e+08,1.075056e+09
strong,0.3,3.912,32,20,9.075485e-04,51.6677,0,2.174532e+09,4.828431e-07,1.700936e+05,2.727725e+04
strong,0.3,3.912,34,5,9.075485e-04,41.0411,0,3.865805e+06,8.583812e-10,3.865805e+06,3.190240e+07
strong,0.3,3.912,34,10,9.075485e-04,41.0411,0,1.092832e+07,2.426576e-09,1.082504e+07,3.107520e+07
strong,0.3,3.912,34,20,9.075485e-04,41.0411,0,6.566981e+07,1.458163e-08,1.048789e+03,1.826708e+02
strong,0.3,3.912,36,5,9.075485e-04,32.6001,0,7.366140e+05,1.635612e-10,7.366140e+05,8.897466e+05
strong,0.3,3.912,36,10,9.075485e-04,32.6001,0,1.035535e+06,2.299349e-10,6.674668e+05,8.738346e+05
strong,0.3,3.912,36,20,9.075485e-04,32.6001,0,1.983197e+06,4.403581e-10,6.466779e+00,1.690828e+00
strong,0.3,3.912,38,5,9.075485e-04,25.8952,0,1.403589e+05,3.116594e-11,1.403589e+05,1.514963e+04
strong,0.3,3.912,38,10,9.075485e-04,25.8952,0,1.446948e+05,3.212869e-11,4.115567e+04,2.289198e+04
strong,0.3,3.912,38,20,9.075485e-04,25.8952,0,1.446948e+05,3.212869e-11,3.987383e-02,4.815148e-01
strong,0.3,3.912,40,5,9.075485e-04,20.5693,0,2.701450e+04,5.998423e-12,2.701450e+04,-1.954401e+03
strong,0.3,3.912,40,10,9.075485e-04,20.5693,0,2.701450e+04,5.998423e-12,2.537638e+03,4.816886e+02
strong,0.3,3.912,40,20,9.075485e-04,20.5693,0,2.701450e+04,5.998423e-12,2.458601e-04,4.669684e-01
strong,0.3,3.912,42,5,9.075485e-04,16.3388,0,6.508570e+03,1.445193e-12,5.267407e+03,-5.750716e+02
strong,0.3,3.912,42,10,9.075485e-04,16.3388,0,6.508570e+03,1.445193e-12,1.564695e+02,1.643817e+00
strong,0.3,3.912,42,20,9.075485e-04,16.3388,0,6.508570e+03,1.445193e-12,1.515961e-06,4.588807e-01
strong,0.3,3.912,44,5,9.075485e-04,12.9783,0,1.940747e+03,4.309324e-13,1.027063e+03,-1.277010e+02
strong,0.3,3.912,44,10,9.075485e-04,12.9783,0,1.940747e+03,4.309324e-13,9.647831e+00,-3.850632e-01
strong,0.3,3.912,44,20,9.075485e-04,12.9783,0,1.940747e+03,4.309324e-13,9.347339e-09,4.491513e-01
strong,0.3,3.912,46,5,9.075485e-04,10.3091,0,6.786642e+02,1.506937e-13,2.002612e+02,-2.710320e+01
strong,0.3,3.912,46,10,9.075485e-04,10.3091,0,6.786642e+02,1.506937e-13,5.948804e-01,3.550673e-01
strong,0.3,3.912,46,20,9.075485e-04,10.3091,0,6.786642e+02,1.506937e-13,5.763522e-11,4.375196e-01
strong,0.3,3.912,48,5,9.075485e-04,8.1888,0,2.629937e+02,5.839632e-14,3.904783e+01,-5.444627e+00
strong,0.3,3.912,48,10,9.075485e-04,8.1888,0,2.629937e+02,5.839632e-14,3.668003e-02,4.175517e-01
strong,0.3,3.912,48,20,9.075485e-04,8.1888,0,2.629937e+02,5.839632e-14,3.553759e-13,4.238189e-01
strong,0.3,3.912,50,5,9.075485e-04,6.5046,0,1.236173e+02,2.744855e-14,7.613720e+00,-8.364389e-01
strong,0.3,3.912,50,10,9.075485e-04,6.5046,0,1.236173e+02,2.744855e-14,2.261672e-03,4.075131e-01
strong,0.3,3.912,50,20,9.075485e-04,6.5046,1,1.236173e+02,2.744855e-14,2.191230e-15,4.079512e-01
strong,0.3,4.888,20,5,5.813064e-04,321.1322,0,7.939878e+12,1.763007e-03,7.939878e+12,4.512860e+24
strong,0.3,4.888,20,10,5.813064e-04,321.1322,0,3.553825e+17,7.891077e+01,3.553825e+17,4.512860e+24
strong,0.3,4.888,20,20,5.813064e-04,321.1322,0,3.961775e+23,8.796907e+07,3.961775e+23,4.494974e+24
strong,0.3,4.888,22,5,5.813064e-04,255.0843,0,1.512913e+12,3.359341e-04,1.512913e+12,1.841609e+22
strong,0.3,4.888,22,10,5.813064e-04,255.0843,0,2.141391e+16,4.754844e+00,2.141391e+16,1.841609e+22
strong,0.3,4.888,22,20,5.813064e-04,255.0843,0,2.387205e+21,5.300661e+05,2.387205e+21,1.829116e+22
strong,0.3,4.888,24,5,5.813064e-04,202.6207,0,2.882795e+11,6.401092e-05,2.882795e+11,7.515244e+19
strong,0.3,4.888,24,10,5.813064e-04,202.6207,0,1.290316e+15,2.865077e-01,1.290316e+15,7.515238e+19
strong,0.3,4.888,24,20,5.813064e-04,202.6207,0,1.438433e+19,3.193964e+03,1.438433e+19,7.428337e+19
strong,0.3,4.888,26,5,5.813064e-04,160.9473,0,5.493053e+10,1.219703e-05,5.493053e+10,3.066823e+17
strong,0.3,4.888,26,10,5.813064e-04,160.9473,0,7.774922e+13,1.726380e-02,7.774922e+13,3.066783e+17
strong,0.3,4.888,26,20,5.813064e-04,160.9473,0,8.667418e+16,1.924554e+01,8.667418e+16,3.006621e+17
strong,0.3,4.888,28,5,5.813064e-04,127.8450,0,1.046680e+10,2.324096e-06,1.046680e+10,1.251510e+15
strong,0.3,4.888,28,10,5.813064e-04,127.8450,0,4.684854e+12,1.040247e-03,4.684854e+12,1.251233e+15
strong,0.3,4.888,28,20,5.813064e-04,127.8450,0,5.222636e+14,1.159658e-01,5.222636e+14,1.209984e+15
strong,0.3,4.888,30,5,5.813064e-04,101.5509,0,1.994407e+09,4.428473e-07,1.994407e+09,5.107084e+12
strong,0.3,4.888,30,10,5.813064e-04,101.5509,0,2.822904e+11,6.268105e-05,2.822904e+11,5.087912e+12
strong,0.3,4.888,30,20,5.813064e-04,101.5509,0,3.146949e+12,6.987631e-04,3.146949e+12,4.821949e+12
strong,0.3,4.888,32,5,5.813064e-04,80.6648,0,3.800264e+08,8.438282e-08,3.800264e+08,2.082341e+10
strong,0.3,4.888,32,10,5.813064e-04,80.6648,0,1.700968e+10,3.776907e-06,1.700968e+10,1.950972e+10
strong,0.3,4.888,32,20,5.813064e-04,80.6648,0,3.740038e+10,8.304553e-06,1.898991e+10,1.889079e+10
strong,0.3,4.888,34,5,5.813064e-04,64.0743,0,7.241255e+07,1.607882e-08,7.241255e+07,8.108336e+07
strong,0.3,4.888,34,10,5.813064e-04,64.0743,0,1.024934e+09,2.275812e-07,1.024934e+09,-6.647505e+06
strong,0.3,4.888,34,20,5.813064e-04,64.0743,0,1.168137e+09,2.593785e-07,1.170908e+08,7.176729e+07
strong,0.3,4.888,36,5,5.813064e-04,50.8960,0,1.379793e+07,3.063755e-09,1.379793e+07,-5.268071e+05
strong,0.3,4.888,36,10,5.813064e-04,50.8960,0,6.206801e+07,1.378187e-08,6.206801e+07,-5.939370e+06
strong,0.3,4.888,36,20,5.813064e-04,50.8960,0,6.206801e+07,1.378187e-08,7.219762e+05,2.570126e+05
strong,0.3,4.888,38,5,5.813064e-04,40.4281,0,2.629141e+06,5.837865e-10,2.629141e+06,-1.903012e+05
strong,0.3,4.888,38,10,5.813064e-04,40.4281,0,5.129661e+06,1.139014e-09,3.827082e+06,-4.276491e+05
strong,0.3,4.888,38,20,5.813064e-04,40.4281,0,5.129661e+06,1.139014e-09,4.451669e+03,8.087574e+02
strong,0.3,4.888,40,5,5.813064e-04,32.1132,0,5.009724e+05,1.112382e-10,5.009724e+05,-4.186885e+04
strong,0.3,4.888,40,10,5.813064e-04,32.1132,0,5.938443e+05,1.318599e-10,2.359760e+05,-2.914904e+04
strong,0.3,4.888,40,20,5.813064e-04,32.1132,0,5.938443e+05,1.318599e-10,2.744877e+01,2.169408e+00
strong,0.3,4.888,42,5,5.813064e-04,25.5084,0,9.545833e+04,2.119601e-11,9.545833e+04,-9.105033e+03
strong,0.3,4.888,42,10,5.813064e-04,25.5084,0,9.545833e+04,2.119601e-11,1.455016e+04,-1.971930e+03
strong,0.3,4.888,42,20,5.813064e-04,25.5084,0,9.545833e+04,2.119601e-11,1.692477e-01,4.687143e-01
strong,0.3,4.888,44,5,5.813064e-04,20.2621,0,1.964107e+04,4.361194e-12,1.851641e+04,-1.970582e+03
strong,0.3,4.888,44,10,5.813064e-04,20.2621,0,1.964107e+04,4.361194e-12,8.971557e+02,-1.323960e+02
strong,0.3,4.888,44,20,5.813064e-04,20.2621,0,1.964107e+04,4.361194e-12,1.043573e-03,4.656272e-01
strong,0.3,4.888,46,5,5.813064e-04,16.0947,0,4.980685e+03,1.105934e-12,3.610412e+03,-4.242894e+02
strong,0.3,4.888,46,10,5.813064e-04,16.0947,0,4.980685e+03,1.105934e-12,5.531817e+01,-8.454103e+00
strong,0.3,4.888,46,20,5.813064e-04,16.0947,0,4.980685e+03,1.105934e-12,6.434620e-06,4.574151e-01
strong,0.3,4.888,48,5,5.813064e-04,12.7845,0,1.523624e+03,3.383124e-13,7.039741e+02,-9.067260e+01
strong,0.3,4.888,48,10,5.813064e-04,12.7845,0,1.523624e+03,3.383124e-13,3.410891e+00,-1.478632e-01
strong,0.3,4.888,48,20,5.813064e-04,12.7845,0,1.523624e+03,3.383124e-13,3.967554e-08,4.473872e-01
strong,0.3,4.888,50,5,5.813064e-04,10.1551,0,5.616644e+02,1.247145e-13,1.372640e+02,-1.902575e+01
strong,0.3,4.888,50,10,5.813064e-04,10.1551,0,5.616644e+02,1.247145e-13,2.103138e-01,3.958233e-01
strong,0.3,4.888,50,20,5.813064e-04,10.1551,0,5.616644e+02,1.247145e-13,2.446374e-10,4.354234e-01
